NIOZ jetty LON=4.789E   LAT=53.002N , depth of sensors -1.5 meter NAP.												
Intervals of 60 minutes 													
TM = YYYYMMDDHHmm (YYYY=year, MM=month, DD=day, HH=hour, mm=minute) in UTC													
ET = excel decimal time 													
T = median value of temperature from centered intervals (e.g. value at 10:00 is median from 9:30-10:30)													
T_std = standard deviation of temperature within the interval 													
T_N = number of data points for temperature within the interval 													
T_max = maximum temperature within the interval 													
T_min = minimum temperature within the interval 													
T_flag = quality flag 													
S = median value of salinity from centered intervals (e.g. value at 10:00 is median from 9:30-10:30)													
S_std = standard deviation of salinity within the interval 													
S_N = number of data points for salinity within the interval 													
S_max = maximum salinity within the interval 													
S_min = minimum salinity within the interval 													
S_flag = quality flag 													
Quality flags:  -1=No flag available, 0=uncalibrated data, 1=OK, 1-2 : includes corrected data, 4-5 : includes missing data, fraction indicates how much missing or corrected data was incorporated (low end: none, high end: all), 9=missing 
Temperature in [degrees Celsius], Salinity in [PSU]												
													
TM 	ET 	T 	T_std 	T_N 	T_max 	T_min 	T_flag 	S 	S_std 	S_N 	S_max 	S_min 	S_flag 
202201010100	44562.04167	6.562	0.105	6	6.677	6.438	1	28.145	0.288	6	28.435	27.795	1
202201010200	44562.08333	6.676	0.059	6	6.805	6.646	1	28.465	0.224	6	29.005	28.415	1
202201010300	44562.125	6.982	0.05	6	7.031	6.906	1	29.395	0.121	6	29.505	29.225	1
202201010400	44562.16667	7.008	0.073	6	7.183	6.991	1	29.385	0.208	6	29.875	29.335	1
202201010500	44562.20833	7.141	0.093	6	7.244	7.024	1	29.67	0.305	6	30.065	29.315	1
202201010600	44562.25	7.319	0.113	6	7.398	7.085	1	30.13	0.274	6	30.275	29.555	1
202201010700	44562.29167	7.431	0.03	6	7.468	7.394	1	30.325	0.048	6	30.375	30.255	1
202201010800	44562.33333	7.433	0.029	6	7.45	7.375	1	30.28	0.099	6	30.345	30.085	1
202201010900	44562.375	7.329	0.036	6	7.372	7.275	1	29.545	0.286	6	29.985	29.295	1
202201011000	44562.41667	7.162	0.038	6	7.244	7.134	1	28.82	0.235	6	29.375	28.755	1
202201011100	44562.45833	7.14	0.099	6	7.207	6.978	1	28.81	0.164	6	28.915	28.485	1
202201011200	44562.5	7.079	0.1	6	7.291	7.003	1	28.465	0.166	6	28.745	28.285	1
202201011300	44562.54167	6.681	0.143	6	6.92	6.511	1	27.535	0.341	6	28.185	27.225	1
202201011400	44562.58333	6.626	0.041	6	6.678	6.564	1	27.59	0.162	6	27.745	27.305	1
202201011500	44562.625	6.72	0.093	6	6.917	6.661	1	27.655	0.23	6	28.195	27.595	1
202201011600	44562.66667	6.922	0.066	6	7.082	6.912	1	27.995	0.173	6	28.405	27.955	1
202201011700	44562.70833	7.049	0.02	6	7.062	7.009	1	28.32	0.107	6	28.435	28.185	1
202201011800	44562.75	7.101	0.014	6	7.117	7.086	1	28.57	0.099	6	28.755	28.505	1
202201011900	44562.79167	7.162	0.025	6	7.187	7.113	1	28.745	0.061	6	28.845	28.685	1
202201012000	44562.83333	7.292	0.074	6	7.354	7.177	1	29.45	0.371	6	29.575	28.795	1
202201012100	44562.875	7.377	0.004	6	7.378	7.369	1	29.675	0.06	6	29.735	29.595	1
202201012200	44562.91667	7.486	0.057	6	7.515	7.363	1	28.59	0.415	6	29.395	28.335	1
202201012300	44562.95833	7.571	0.049	6	7.656	7.535	1	28.25	0.08	6	28.345	28.125	1
202201020000	44563	7.739	0.295	6	7.758	7.022	1	28.05	0.146	6	28.255	27.825	1
202201020100	44563.04167	6.873	0.083	6	6.905	6.728	1	27.49	0.212	6	27.605	27.085	1
202201020200	44563.08333	6.668	0.047	6	6.721	6.604	1	27.18	0.176	6	27.315	26.935	1
202201020300	44563.125	6.731	0.117	6	6.987	6.686	1	27.34	0.487	6	28.455	27.305	1
202201020400	44563.16667	7.023	0.012	6	7.029	6.996	1	28.525	0.032	6	28.595	28.505	1
202201020500	44563.20833	7.28	0.109	6	7.325	7.039	1	29.425	0.297	6	29.495	28.725	1
202201020600	44563.25	7.431	0.065	6	7.512	7.354	1	29.755	0.151	6	29.915	29.565	1
202201020700	44563.29167	7.54	0.068	6	7.669	7.509	1	30.02	0.185	6	30.325	29.895	1
202201020800	44563.33333	7.642	0.025	6	7.682	7.607	1	30.185	0.083	6	30.315	30.085	1
202201020900	44563.375	7.68	0.027	6	7.699	7.625	1	30.26	0.129	6	30.355	29.985	1
202201021000	44563.41667	7.601	0.025	6	7.641	7.569	1	29.5	0.267	6	29.715	29.035	1
202201021100	44563.45833	7.579	0.024	6	7.602	7.529	1	28.84	0.146	6	29.015	28.625	1
202201021200	44563.5	7.691	0.043	6	7.73	7.607	1	28.985	0.161	6	29.215	28.775	1
202201021300	44563.54167	7.73	0.046	6	7.751	7.626	1	29.18	0.121	6	29.355	29.055	1
202201021400	44563.58333	7.476	0.048	6	7.55	7.418	1	29.35	0.058	6	29.435	29.265	1
202201021500	44563.625	7.546	0.024	6	7.598	7.535	1	29.57	0.121	6	29.855	29.535	1
202201021600	44563.66667	7.649	0.007	6	7.662	7.641	1	29.885	0.055	6	29.935	29.795	1
202201021700	44563.70833	7.644	0.005	6	7.648	7.636	1	29.8	0.062	6	29.885	29.715	1
202201021800	44563.75	7.675	0.013	6	7.682	7.651	1	29.875	0.039	6	29.885	29.785	1
202201021900	44563.79167	7.686	0.015	6	7.709	7.676	1	29.935	0.096	6	30.085	29.855	1
202201022000	44563.83333	7.732	0.008	6	7.742	7.718	1	30.165	0.035	6	30.205	30.105	1
202201022100	44563.875	7.746	0.004	6	7.754	7.743	1	30.35	0.05	6	30.395	30.255	1
202201022200	44563.91667	7.732	0.008	6	7.747	7.726	1	30.31	0.026	6	30.355	30.275	1
202201022300	44563.95833	7.713	0.006	6	7.717	7.701	1	29.94	0.248	6	30.205	29.585	1
202201030000	44564	7.703	0.012	6	7.708	7.68	1	29.205	0.129	6	29.495	29.165	1
202201030100	44564.04167	7.645	0.021	6	7.675	7.62	1	29.08	0.183	6	29.455	28.965	1
202201030200	44564.08333	7.357	0.11	6	7.525	7.257	1	29.01	0.259	6	29.365	28.775	1
202201030300	44564.125	7.357	0.03	6	7.364	7.291	1	29.15	0.12	6	29.195	28.895	1
202201030400	44564.16667	7.558	0.08	6	7.578	7.366	1	29.815	0.257	6	29.905	29.215	1
202201030500	44564.20833	7.53	0.023	6	7.552	7.498	1	29.735	0.078	6	29.815	29.645	1
202201030600	44564.25	7.581	0.009	6	7.588	7.565	1	29.95	0.05	6	29.995	29.875	1
202201030700	44564.29167	7.576	0.004	6	7.582	7.57	1	29.895	0.032	6	29.945	29.875	1
202201030800	44564.33333	7.578	0.005	6	7.585	7.569	1	29.93	0.021	6	29.945	29.885	1
202201030900	44564.375	7.676	0.031	6	7.68	7.6	1	30.34	0.124	6	30.375	30.045	1
202201031000	44564.41667	7.68	0.007	6	7.69	7.672	1	30.305	0.047	6	30.375	30.265	1
202201031100	44564.45833	7.609	0.039	6	7.664	7.562	1	29.825	0.199	6	30.175	29.675	1
202201031200	44564.5	7.588	0.034	6	7.622	7.544	1	29.665	0.142	6	29.805	29.485	1
202201031300	44564.54167	7.575	0.022	6	7.61	7.558	1	29.495	0.049	6	29.565	29.445	1
202201031400	44564.58333	7.613	0.048	6	7.667	7.55	1	29.585	0.076	6	29.695	29.505	1
202201031500	44564.625	7.401	0.06	6	7.524	7.356	1	29.16	0.157	6	29.455	29.005	1
202201031600	44564.66667	7.438	0.029	6	7.464	7.397	1	29.29	0.095	6	29.415	29.185	1
202201031700	44564.70833	7.596	0.021	6	7.601	7.547	1	29.88	0.081	6	29.935	29.705	1
202201031800	44564.75	7.607	0.015	6	7.629	7.589	1	29.93	0.045	6	30.015	29.905	1
202201031900	44564.79167	7.642	0.032	6	7.689	7.598	1	30.1	0.122	6	30.245	29.895	1
202201032000	44564.83333	7.682	0.027	6	7.731	7.652	1	30.21	0.097	6	30.385	30.105	1
202201032100	44564.875	7.739	0.02	6	7.75	7.694	1	30.475	0.061	6	30.505	30.335	1
202201032200	44564.91667	7.742	0.007	6	7.749	7.73	1	30.495	0.01	6	30.505	30.475	1
202201032300	44564.95833	7.699	0.018	6	7.712	7.665	1	30.4	0.061	6	30.455	30.285	1
202201040000	44565	7.566	0.05	6	7.655	7.525	1	29.9	0.161	6	30.235	29.815	1
202201040100	44565.04167	7.481	0.022	6	7.51	7.461	1	29.745	0.038	6	29.815	29.725	1
202201040200	44565.08333	7.387	0.04	6	7.45	7.333	1	29.515	0.231	6	29.705	29.125	1
202201040300	44565.125	7.233	0.073	6	7.302	7.113	1	28.77	0.354	6	28.995	28.165	1
202201040400	44565.16667	7.188	0.044	6	7.23	7.134	1	28.505	0.184	6	28.665	28.255	1
202201040500	44565.20833	7.366	0.107	6	7.499	7.235	1	29.235	0.423	6	29.725	28.675	1
202201040600	44565.25	7.505	0.02	6	7.54	7.493	1	29.745	0.072	6	29.865	29.695	1
202201040700	44565.29167	7.582	0.054	6	7.648	7.537	1	30.06	0.25	6	30.365	29.865	1
202201040800	44565.33333	7.663	0.013	6	7.679	7.648	1	30.41	0.061	6	30.475	30.335	1
202201040900	44565.375	7.66	0.006	6	7.671	7.654	1	30.42	0.018	6	30.455	30.415	1
202201041000	44565.41667	7.665	0.011	6	7.67	7.646	1	30.44	0.036	6	30.465	30.375	1
202201041100	44565.45833	7.658	0.007	6	7.669	7.649	1	30.39	0.023	6	30.435	30.375	1
202201041200	44565.5	7.65	0.007	6	7.654	7.638	1	30.36	0.016	6	30.375	30.335	1
202201041300	44565.54167	7.577	0.058	6	7.639	7.478	1	30.11	0.3	6	30.265	29.525	1
202201041400	44565.58333	7.377	0.055	6	7.422	7.307	1	29.25	0.149	6	29.385	29.055	1
202201041500	44565.625	7.213	0.027	6	7.231	7.158	1	28.705	0.12	6	28.825	28.495	1
202201041600	44565.66667	7.17	0.031	6	7.194	7.118	1	28.47	0.157	6	28.575	28.185	1
202201041700	44565.70833	7.329	0.081	6	7.383	7.212	1	29.36	0.427	6	29.635	28.705	1
202201041800	44565.75	7.37	0.012	6	7.383	7.352	1	29.645	0.083	6	29.725	29.555	1
202201041900	44565.79167	7.582	0.041	6	7.593	7.485	1	30.705	0.242	6	30.785	30.155	1
202201042000	44565.83333	7.598	0.01	6	7.605	7.579	1	30.825	0.023	6	30.845	30.785	1
202201042100	44565.875	7.542	0.028	6	7.586	7.52	1	30.74	0.064	6	30.795	30.625	1
202201042200	44565.91667	7.517	0	1	7.517	7.517	1	30.585	0	1	30.585	30.585	1
202201042300	44565.95833	    NaN 	    NaN 	    NaN 	    NaN 	    NaN 	9	    NaN 	    NaN 	    NaN 	    NaN 	    NaN 	9
202201050000	44566	    NaN 	    NaN 	    NaN 	    NaN 	    NaN 	9	    NaN 	    NaN 	    NaN 	    NaN 	    NaN 	9
202201050100	44566.04167	    NaN 	    NaN 	    NaN 	    NaN 	    NaN 	9	    NaN 	    NaN 	    NaN 	    NaN 	    NaN 	9
202201050200	44566.08333	    NaN 	    NaN 	    NaN 	    NaN 	    NaN 	9	    NaN 	    NaN 	    NaN 	    NaN 	    NaN 	9
202201050300	44566.125	    NaN 	    NaN 	    NaN 	    NaN 	    NaN 	9	    NaN 	    NaN 	    NaN 	    NaN 	    NaN 	9
202201050400	44566.16667	    NaN 	    NaN 	    NaN 	    NaN 	    NaN 	9	    NaN 	    NaN 	    NaN 	    NaN 	    NaN 	9
202201050500	44566.20833	    NaN 	    NaN 	    NaN 	    NaN 	    NaN 	9	    NaN 	    NaN 	    NaN 	    NaN 	    NaN 	9
202201050600	44566.25	    NaN 	    NaN 	    NaN 	    NaN 	    NaN 	9	    NaN 	    NaN 	    NaN 	    NaN 	    NaN 	9
202201050700	44566.29167	    NaN 	    NaN 	    NaN 	    NaN 	    NaN 	9	    NaN 	    NaN 	    NaN 	    NaN 	    NaN 	9
202201050800	44566.33333	    NaN 	    NaN 	    NaN 	    NaN 	    NaN 	9	    NaN 	    NaN 	    NaN 	    NaN 	    NaN 	9
202201050900	44566.375	    NaN 	    NaN 	    NaN 	    NaN 	    NaN 	9	    NaN 	    NaN 	    NaN 	    NaN 	    NaN 	9
202201051000	44566.41667	7.507	0	1	7.507	7.507	1	31.315	0	1	31.315	31.315	1
202201051100	44566.45833	7.47	0	1	7.47	7.47	1	31.235	0	1	31.235	31.235	1
202201051200	44566.5	7.481	0.005	6	7.49	7.476	1	31.225	0.004	6	31.235	31.225	1
202201051300	44566.54167	7.457	0.074	6	7.482	7.301	1	31.08	0.176	6	31.165	30.735	1
202201051400	44566.58333	7.225	0.115	6	7.45	7.165	1	30.575	0.244	6	31.075	30.465	1
202201051500	44566.625	6.968	0.066	6	7.096	6.944	1	29.995	0.195	6	30.325	29.775	1
202201051600	44566.66667	6.883	0.038	6	6.945	6.847	1	29.655	0.328	6	29.835	29.005	1
202201051700	44566.70833	6.863	0.023	6	6.893	6.836	1	28.29	0.157	6	28.465	28.065	1
202201051800	44566.75	7.014	0.094	6	7.132	6.909	1	29.23	0.645	6	30.075	28.575	1
202201051900	44566.79167	7.202	0.034	6	7.219	7.134	1	30.52	0.229	6	30.585	30.015	1
202201052000	44566.83333	7.299	0.039	6	7.372	7.261	1	30.845	0.117	6	31.055	30.735	1
202201052100	44566.875	7.327	0.022	6	7.363	7.306	1	30.955	0.039	6	31.025	30.935	1
202201052200	44566.91667	7.314	0.012	6	7.337	7.299	1	30.875	0.048	6	30.945	30.825	1
202201052300	44566.95833	7.289	0.027	6	7.311	7.243	1	30.94	0.025	6	30.955	30.885	1
202201060000	44567	7.21	0.018	6	7.233	7.192	1	30.86	0.053	6	30.895	30.745	1
202201060100	44567.04167	6.838	0.138	6	7.169	6.797	1	29.975	0.32	6	30.715	29.875	1
202201060200	44567.08333	6.655	0.135	6	6.865	6.544	1	29.585	0.285	6	29.875	29.135	1
202201060300	44567.125	6.452	0.04	6	6.51	6.407	1	28.15	0.654	6	29.345	27.865	1
202201060400	44567.16667	6.342	0.033	6	6.394	6.306	1	27.585	0.115	6	27.825	27.495	1
202201060500	44567.20833	6.263	0.011	6	6.283	6.252	1	27.475	0.04	6	27.525	27.435	1
202201060600	44567.25	6.28	0.004	6	6.285	6.276	1	27.425	0.016	6	27.455	27.415	1
202201060700	44567.29167	6.28	0.004	6	6.285	6.274	1	27.48	0.034	6	27.495	27.415	1
202201060800	44567.33333	6.34	0.033	6	6.344	6.271	1	27.475	0.031	6	27.485	27.405	1
202201060900	44567.375	6.343	0.115	6	6.586	6.329	1	27.51	0.284	6	28.105	27.475	1
202201061000	44567.41667	6.694	0.072	6	6.848	6.653	1	28.195	0.168	6	28.355	27.995	1
202201061100	44567.45833	6.725	0.026	6	6.77	6.691	1	28.465	0.054	6	28.505	28.365	1
202201061200	44567.5	6.627	0.066	6	6.778	6.616	1	28.09	0.187	6	28.515	28.035	1
202201061300	44567.54167	6.612	0.01	6	6.621	6.594	1	28.01	0.012	6	28.015	27.985	1
202201061400	44567.58333	6.473	0.094	6	6.599	6.396	1	27.964	0.114	6	28.074	27.794	1
202201061500	44567.625	6.351	0.036	6	6.386	6.301	1	27.664	0.067	6	27.754	27.584	1
202201061600	44567.66667	6.25	0.023	6	6.287	6.235	1	27.689	0.107	6	27.854	27.594	1
202201061700	44567.70833	6.193	0.045	6	6.27	6.16	1	27.559	0.089	6	27.744	27.514	1
202201061800	44567.75	6.193	0.024	6	6.215	6.145	1	27.499	0.026	6	27.554	27.484	1
202201061900	44567.79167	6.236	0.01	6	6.245	6.221	1	27.563	0.026	6	27.603	27.533	1
202201062000	44567.83333	6.24	0.004	6	6.242	6.232	1	27.613	0.045	6	27.683	27.583	1
202201062100	44567.875	6.242	0.024	6	6.291	6.227	1	27.683	0.069	6	27.763	27.593	1
202201062200	44567.91667	6.261	0.038	6	6.324	6.209	1	27.863	0.126	6	28.053	27.703	1
202201062300	44567.95833	6.297	0.018	6	6.327	6.276	1	28.053	0.032	6	28.073	27.993	1
202201070000	44568	6.304	0.049	6	6.415	6.281	1	28.242	0.166	6	28.572	28.102	1
202201070100	44568.04167	6.516	0.028	6	6.552	6.468	1	28.817	0.089	6	28.912	28.652	1
202201070200	44568.08333	6.358	0.184	6	6.446	5.963	1	28.562	0.209	6	28.692	28.102	1
202201070300	44568.125	5.841	0.152	6	6.067	5.664	1	27.947	0.076	6	28.032	27.852	1
202201070400	44568.16667	5.84	0.093	6	5.916	5.682	1	27.917	0.023	6	27.942	27.882	1
202201070500	44568.20833	6.122	0.116	6	6.211	5.912	1	27.896	0.059	6	27.941	27.811	1
202201070600	44568.25	6.244	0.026	6	6.291	6.226	1	27.701	0.039	6	27.741	27.661	1
202201070700	44568.29167	6.264	0.007	6	6.268	6.25	1	27.756	0.014	6	27.771	27.741	1
202201070800	44568.33333	6.226	0.019	6	6.249	6.194	1	27.856	0.063	6	27.931	27.781	1
202201070900	44568.375	6.383	0.12	6	6.529	6.234	1	28.136	0.279	6	28.611	27.931	1
202201071000	44568.41667	6.661	0.065	6	6.728	6.58	1	29.035	0.253	6	29.36	28.72	1
202201071100	44568.45833	6.784	0.028	6	6.815	6.746	1	29.71	0.107	6	29.82	29.55	1
202201071200	44568.5	6.821	0.057	6	6.876	6.714	1	30	0.239	6	30.19	29.53	1
202201071300	44568.54167	6.877	0.006	6	6.888	6.872	1	30.2	0.026	6	30.25	30.18	1
202201071400	44568.58333	6.836	0.047	6	6.865	6.737	1	30.08	0.118	6	30.18	29.84	1
202201071500	44568.625	6.36	0.138	6	6.588	6.264	1	28.869	0.312	6	29.379	28.649	1
202201071600	44568.66667	6.215	0.064	6	6.329	6.131	1	28.599	0.08	6	28.699	28.489	1
202201071700	44568.70833	6.389	0.063	6	6.411	6.244	1	28.539	0.049	6	28.559	28.429	1
202201071800	44568.75	6.396	0.021	6	6.417	6.36	1	28.354	0.114	6	28.469	28.209	1
202201071900	44568.79167	6.473	0.06	6	6.558	6.415	1	28.769	0.337	6	29.329	28.439	1
202201072000	44568.83333	6.556	0.033	6	6.617	6.536	1	29.238	0.213	6	29.698	29.168	1
202201072100	44568.875	6.729	0.046	6	6.786	6.668	1	30.063	0.165	6	30.278	29.828	1
202201072200	44568.91667	6.855	0.042	6	6.9	6.799	1	30.458	0.11	6	30.568	30.308	1
202201072300	44568.95833	6.896	0.018	6	6.906	6.859	1	30.558	0.011	6	30.568	30.538	1
202201080000	44569	6.867	0.008	6	6.872	6.854	1	30.533	0.01	6	30.548	30.518	1
202201080100	44569.04167	6.846	0.025	6	6.868	6.801	1	30.532	0.017	6	30.547	30.497	1
202201080200	44569.08333	6.771	0.039	6	6.803	6.69	1	30.482	0.077	6	30.517	30.307	1
202201080300	44569.125	6.408	0.112	6	6.621	6.291	1	29.797	0.223	6	30.167	29.507	1
202201080400	44569.16667	6.091	0.091	6	6.144	5.928	1	29.217	0.132	6	29.337	28.987	1
202201080500	44569.20833	5.835	0.031	6	5.888	5.797	1	28.861	0.051	6	28.966	28.816	1
202201080600	44569.25	5.88	0.219	6	6.123	5.68	1	28.711	0.115	6	28.756	28.446	1
202201080700	44569.29167	6.022	0.035	6	6.086	5.989	1	27.961	0.118	6	28.186	27.876	1
202201080800	44569.33333	6.095	0.013	6	6.123	6.086	1	28.161	0.038	6	28.236	28.136	1
202201080900	44569.375	6.189	0.058	6	6.292	6.11	1	28.536	0.166	6	28.766	28.256	1
202201081000	44569.41667	6.226	0.035	6	6.264	6.176	1	28.64	0.077	6	28.725	28.535	1
202201081100	44569.45833	6.269	0.034	6	6.309	6.225	1	28.8	0.093	6	28.905	28.675	1
202201081200	44569.5	6.284	0.033	6	6.341	6.244	1	28.91	0.104	6	29.055	28.765	1
202201081300	44569.54167	6.307	0.023	6	6.319	6.258	1	28.92	0.045	6	29.005	28.895	1
202201081400	44569.58333	6.282	0.02	6	6.304	6.249	1	28.895	0.006	6	28.905	28.885	1
202201081500	44569.625	6.15	0.095	6	6.244	5.992	1	28.814	0.136	6	28.894	28.544	1
202201081600	44569.66667	5.991	0.047	6	6.057	5.927	1	28.019	0.21	6	28.444	27.864	1
202201081700	44569.70833	5.883	0.051	6	5.926	5.798	1	27.714	0.071	6	27.784	27.614	1
202201081800	44569.75	5.762	0.037	6	5.802	5.695	1	27.544	0.134	6	27.794	27.404	1
202201081900	44569.79167	5.838	0.086	6	5.93	5.731	1	27.704	0.071	6	27.744	27.554	1
202201082000	44569.83333	5.906	0.015	6	5.922	5.88	1	27.723	0.043	6	27.763	27.653	1
202201082100	44569.875	5.958	0.058	6	6.055	5.902	1	27.883	0.073	6	27.983	27.803	1
202201082200	44569.91667	6.173	0.089	6	6.272	6.044	1	28.213	0.281	6	28.703	27.973	1
202201082300	44569.95833	6.473	0.121	6	6.553	6.285	1	29.593	0.479	6	29.883	28.813	1
202201090000	44570	6.566	0.009	6	6.584	6.561	1	29.938	0.022	6	29.973	29.913	1
202201090100	44570.04167	6.679	0.039	6	6.745	6.645	1	30.292	0.113	6	30.482	30.192	1
202201090200	44570.08333	6.7	0.011	6	6.717	6.685	1	30.352	0.036	6	30.422	30.322	1
202201090300	44570.125	6.693	0.024	6	6.715	6.653	1	30.377	0.036	6	30.402	30.312	1
202201090400	44570.16667	6.633	0.083	6	6.659	6.45	1	30.282	0.292	6	30.362	29.642	1
202201090500	44570.20833	6.347	0.067	6	6.409	6.241	1	29.307	0.186	6	29.522	29.042	1
202201090600	44570.25	6.306	0.04	6	6.359	6.245	1	29.196	0.095	6	29.271	29.001	1
202201090700	44570.29167	6.336	0.027	6	6.37	6.3	1	29.136	0.133	6	29.291	28.961	1
202201090800	44570.33333	6.342	0.023	6	6.362	6.306	1	29.196	0.118	6	29.281	29.001	1
202201090900	44570.375	6.465	0.017	6	6.471	6.429	1	29.746	0.121	6	29.911	29.591	1
202201091000	44570.41667	6.465	0.026	6	6.526	6.457	1	29.911	0.056	6	30.041	29.891	1
202201091100	44570.45833	6.61	0.057	6	6.68	6.563	1	30.27	0.163	6	30.44	30.12	1
202201091200	44570.5	6.669	0.009	6	6.684	6.661	1	30.39	0.025	6	30.44	30.38	1
202201091300	44570.54167	6.683	0.008	6	6.687	6.669	1	30.41	0.019	6	30.45	30.4	1
202201091400	44570.58333	6.692	0.002	6	6.695	6.69	1	30.435	0.018	6	30.46	30.41	1
202201091500	44570.625	6.673	0.022	6	6.686	6.624	1	30.4	0.058	6	30.43	30.27	1
202201091600	44570.66667	6.434	0.105	6	6.592	6.311	1	29.724	0.288	6	30.189	29.409	1
202201091700	44570.70833	6.229	0.056	6	6.301	6.173	1	29.179	0.149	6	29.369	29.039	1
202201091800	44570.75	6.159	0.052	6	6.229	6.093	1	29.084	0.141	6	29.249	28.899	1
202201091900	44570.79167	6.012	0.067	6	6.081	5.9	1	28.129	0.251	6	28.409	27.739	1
202201092000	44570.83333	5.986	0.04	6	6.028	5.941	1	28.019	0.116	6	28.139	27.869	1
202201092100	44570.875	6.109	0.07	6	6.213	6.024	1	28.518	0.264	6	28.888	28.178	1
202201092200	44570.91667	6.225	0.091	6	6.447	6.21	1	28.983	0.346	6	29.828	28.948	1
202201092300	44570.95833	6.608	0.06	6	6.722	6.544	1	30.273	0.176	6	30.568	30.048	1
202201100000	44571	6.726	0.004	6	6.729	6.719	1	30.583	0.014	6	30.598	30.568	1
202201100100	44571.04167	6.714	0.019	6	6.729	6.687	1	30.553	0.05	6	30.608	30.478	1
202201100200	44571.08333	6.69	0.009	6	6.695	6.675	1	30.492	0.02	6	30.517	30.457	1
202201100300	44571.125	6.558	0.066	6	6.675	6.484	1	30.082	0.205	6	30.457	29.857	1
202201100400	44571.16667	6.226	0.1	6	6.441	6.165	1	29.092	0.3	6	29.737	28.877	1
202201100500	44571.20833	5.976	0.087	6	6.091	5.857	1	28.827	0.138	6	28.887	28.577	1
202201100600	44571.25	5.919	0.052	6	5.936	5.798	1	28.667	0.074	6	28.727	28.517	1
202201100700	44571.29167	5.741	0.029	6	5.78	5.714	1	27.891	0.255	6	28.506	27.846	1
202201100800	44571.33333	5.715	0.076	6	5.805	5.595	1	27.841	0.315	6	28.206	27.296	1
202201100900	44571.375	5.662	0.048	6	5.73	5.613	1	27.496	0.137	6	27.756	27.396	1
202201101000	44571.41667	5.768	0.018	6	5.779	5.736	1	27.786	0.029	6	27.826	27.736	1
202201101100	44571.45833	5.812	0.081	6	5.976	5.778	1	27.846	0.181	6	28.226	27.786	1
202201101200	44571.5	6.148	0.044	6	6.196	6.082	1	28.715	0.129	6	28.895	28.575	1
202201101300	44571.54167	6.208	0.023	6	6.225	6.166	1	28.935	0.075	6	29.005	28.795	1
202201101400	44571.58333	6.198	0.01	6	6.214	6.187	1	28.845	0.039	6	28.915	28.825	1
202201101500	44571.625	6.063	0.054	6	6.172	6.021	1	28.305	0.222	6	28.775	28.155	1
202201101600	44571.66667	5.874	0.081	6	5.997	5.793	1	27.78	0.193	6	28.095	27.605	1
202201101700	44571.70833	5.698	0.047	6	5.777	5.648	1	27.449	0.092	6	27.574	27.324	1
202201101800	44571.75	5.575	0.029	6	5.613	5.534	1	27.174	0.026	6	27.224	27.154	1
202201101900	44571.79167	5.474	0.048	6	5.533	5.421	1	27.029	0.141	6	27.194	26.894	1
202201102000	44571.83333	5.408	0.031	6	5.439	5.348	1	26.874	0.076	6	26.914	26.704	1
202201102100	44571.875	5.39	0.036	6	5.426	5.343	1	26.769	0.057	6	26.824	26.684	1
202201102200	44571.91667	5.434	0.016	6	5.469	5.426	1	26.878	0.039	6	26.953	26.833	1
202201102300	44571.95833	5.582	0.052	6	5.646	5.503	1	27.273	0.13	6	27.413	27.063	1
202201110000	44572	5.687	0.01	6	5.694	5.668	1	27.473	0.029	6	27.503	27.433	1
202201110100	44572.04167	5.863	0.128	6	6.031	5.65	1	28.073	0.395	6	28.743	27.593	1
202201110200	44572.08333	6.053	0.193	6	6.251	5.777	1	28.793	0.479	6	29.303	28.103	1
202201110300	44572.125	5.984	0.097	6	6.127	5.846	1	28.677	0.273	6	29.032	28.292	1
202201110400	44572.16667	5.862	0.031	6	5.915	5.834	1	28.312	0.095	6	28.512	28.252	1
202201110500	44572.20833	5.837	0.128	6	5.875	5.609	1	28.302	0.118	6	28.322	28.072	1
202201110600	44572.25	5.29	0.118	6	5.511	5.18	1	27.742	0.163	6	28.002	27.512	1
202201110700	44572.29167	5.278	0.017	6	5.312	5.269	1	27.322	0.349	6	27.522	26.682	1
202201110800	44572.33333	5.253	0.022	6	5.271	5.216	1	26.561	0.146	6	26.851	26.541	1
202201110900	44572.375	5.274	0.043	6	5.35	5.254	1	26.631	0.156	6	26.831	26.471	1
202201111000	44572.41667	5.352	0.01	6	5.369	5.34	1	26.811	0.018	6	26.841	26.801	1
202201111100	44572.45833	5.448	0.171	6	5.711	5.34	1	27.166	0.483	6	27.851	26.841	1
202201111200	44572.5	5.82	0.016	6	5.827	5.788	1	28.136	0.039	6	28.161	28.051	1
202201111300	44572.54167	5.81	0.037	6	5.851	5.753	1	28	0.136	6	28.24	27.92	1
202201111400	44572.58333	6.065	0.092	6	6.201	5.964	1	29.01	0.324	6	29.48	28.56	1
202201111500	44572.625	5.983	0.138	6	6.235	5.884	1	28.665	0.464	6	29.55	28.37	1
202201111600	44572.66667	6.205	0.056	6	6.317	6.17	1	29.415	0.19	6	29.8	29.31	1
202201111700	44572.70833	6.127	0.045	6	6.168	6.058	1	29.17	0.14	6	29.32	28.99	1
202201111800	44572.75	5.943	0.083	6	6.063	5.818	1	28.649	0.218	6	29.019	28.359	1
202201111900	44572.79167	5.502	0.091	6	5.673	5.435	1	27.869	0.093	6	27.999	27.769	1
202201112000	44572.83333	5.476	0.051	6	5.552	5.42	1	27.524	0.165	6	27.739	27.269	1
202201112100	44572.875	5.504	0.031	6	5.543	5.459	1	26.964	0.164	6	27.209	26.759	1
202201112200	44572.91667	5.563	0.048	6	5.591	5.471	1	27.198	0.21	6	27.358	26.818	1
202201112300	44572.95833	5.825	0.171	6	5.949	5.544	1	28.118	0.625	6	28.578	27.078	1
202201120000	44573	6.054	0.027	6	6.084	6.015	1	28.888	0.077	6	28.958	28.758	1
202201120100	44573.04167	6.071	0.021	6	6.106	6.047	1	28.878	0.073	6	29.008	28.808	1
202201120200	44573.08333	6.225	0.052	6	6.286	6.154	1	29.373	0.154	6	29.598	29.198	1
202201120300	44573.125	6.405	0.079	6	6.494	6.299	1	29.807	0.127	6	29.917	29.577	1
202201120400	44573.16667	6.44	0.053	6	6.516	6.355	1	29.822	0.074	6	29.917	29.697	1
202201120500	44573.20833	6.336	0.168	6	6.347	5.957	1	29.662	0.495	6	29.677	28.537	1
202201120600	44573.25	5.891	0.038	6	5.929	5.834	1	28.282	0.129	6	28.437	28.087	1
202201120700	44573.29167	5.654	0.075	6	5.797	5.588	1	27.612	0.237	6	28.017	27.377	1
202201120800	44573.33333	5.457	0.069	6	5.533	5.345	1	26.996	0.251	6	27.206	26.516	1
202201120900	44573.375	5.242	0.022	6	5.29	5.232	1	26.231	0.081	6	26.356	26.136	1
202201121000	44573.41667	5.235	0.029	6	5.285	5.215	1	26.166	0.115	6	26.386	26.056	1
202201121100	44573.45833	5.215	0.021	6	5.257	5.198	1	25.936	0.106	6	26.106	25.796	1
202201121200	44573.5	5.31	0.03	4	5.346	5.272	4.333	26.151	0.182	4	26.476	26.066	4.333
202201121300	44573.54167	5.763	0.112	6	5.83	5.567	1	27.92	0.488	6	28.175	26.945	1
202201121400	44573.58333	5.791	0.146	6	6.055	5.709	1	27.95	0.581	6	28.895	27.545	1
202201121500	44573.625	6.063	0.026	6	6.089	6.019	1	28.895	0.121	6	29.005	28.665	1
202201121600	44573.66667	6.101	0.016	6	6.119	6.079	1	29.065	0.04	6	29.075	28.985	1
202201121700	44573.70833	6.018	0.032	6	6.069	5.987	1	28.799	0.099	6	28.964	28.704	1
202201121800	44573.75	5.622	0.168	6	5.958	5.591	1	27.389	0.598	6	28.594	27.264	1
202201121900	44573.79167	5.548	0.044	6	5.567	5.457	1	27.079	0.164	6	27.164	26.764	1
202201122000	44573.83333	5.295	0.041	6	5.383	5.275	1	26.119	0.174	6	26.464	25.994	1
202201122100	44573.875	5.271	0.007	6	5.276	5.256	1	25.983	0.034	6	26.033	25.943	1
202201122200	44573.91667	5.229	0.032	6	5.292	5.202	1	25.978	0.235	6	26.253	25.643	1
202201122300	44573.95833	5.142	0.03	6	5.182	5.097	1	25.398	0.137	6	25.563	25.193	1
202201130000	44574	5.336	0.189	6	5.622	5.197	1	26.232	0.737	6	27.322	25.672	1
202201130100	44574.04167	5.884	0.094	6	5.948	5.725	1	28.207	0.28	6	28.422	27.762	1
202201130200	44574.08333	5.944	0.017	6	5.948	5.904	1	28.332	0.046	6	28.372	28.242	1
202201130300	44574.125	6.06	0.048	6	6.115	5.993	1	28.862	0.199	6	29.102	28.592	1
202201130400	44574.16667	6.152	0.047	6	6.203	6.104	1	29.211	0.107	6	29.281	29.041	1
202201130500	44574.20833	6.223	0.02	6	6.236	6.181	1	29.306	0.04	6	29.321	29.221	1
202201130600	44574.25	6.155	0.013	6	6.182	6.152	1	29.136	0.028	6	29.201	29.131	1
202201130700	44574.29167	6.002	0.167	6	6.14	5.741	1	28.611	0.578	6	29.111	27.771	1
202201130800	44574.33333	5.631	0.036	6	5.705	5.612	1	27.405	0.127	6	27.67	27.34	1
202201130900	44574.375	5.499	0.042	6	5.553	5.432	1	26.77	0.193	6	27.02	26.49	1
202201131000	44574.41667	5.411	0.041	6	5.499	5.381	1	26.415	0.177	6	26.73	26.25	1
202201131100	44574.45833	5.395	0.083	6	5.502	5.267	1	26.159	0.476	6	26.689	25.349	1
202201131200	44574.5	5.327	0.072	6	5.453	5.282	1	25.729	0.322	6	26.269	25.479	1
202201131300	44574.54167	5.452	0.068	6	5.584	5.439	1	26.149	0.413	6	26.959	26.079	1
202201131400	44574.58333	5.848	0.107	6	5.898	5.613	1	27.874	0.414	6	28.109	26.979	1
202201131500	44574.625	5.887	0.042	6	5.969	5.861	1	27.978	0.169	6	28.258	27.808	1
202201131600	44574.66667	6.062	0.069	6	6.163	5.978	1	28.538	0.205	6	28.848	28.308	1
202201131700	44574.70833	6.164	0.007	6	6.175	6.154	1	28.863	0.026	6	28.898	28.828	1
202201131800	44574.75	6.104	0.032	6	6.138	6.057	1	28.733	0.081	6	28.818	28.618	1
202201131900	44574.79167	5.971	0.079	6	6.028	5.802	1	28.387	0.262	6	28.537	27.797	1
202201132000	44574.83333	5.612	0.056	6	5.706	5.554	1	27.142	0.223	6	27.507	26.917	1
202201132100	44574.875	5.518	0.026	6	5.546	5.478	1	26.832	0.047	6	26.897	26.777	1
202201132200	44574.91667	5.424	0.068	6	5.475	5.307	1	26.446	0.321	6	26.676	25.886	1
202201132300	44574.95833	5.336	0.042	6	5.388	5.262	1	26.056	0.212	6	26.386	25.736	1
202201140000	44575	5.219	0.027	6	5.262	5.183	1	25.476	0.109	6	25.636	25.346	1
202201140100	44575.04167	5.288	0.028	6	5.329	5.262	1	25.801	0.128	6	25.996	25.696	1
202201140200	44575.08333	5.601	0.08	6	5.632	5.44	1	27.18	0.347	6	27.325	26.465	1
202201140300	44575.125	5.907	0.041	6	5.932	5.814	1	28.095	0.107	6	28.225	27.895	1
202201140400	44575.16667	6.109	0.054	6	6.138	5.985	1	28.695	0.147	6	28.835	28.405	1
202201140500	44575.20833	6.113	0.024	6	6.152	6.093	1	28.745	0.088	6	28.885	28.655	1
202201140600	44575.25	6.106	0.004	6	6.111	6.098	1	28.724	0.019	6	28.734	28.684	1
202201140700	44575.29167	6.086	0.039	6	6.113	6.019	1	28.629	0.151	6	28.714	28.364	1
202201140800	44575.33333	5.771	0.117	6	5.997	5.706	1	27.539	0.384	6	28.284	27.314	1
202201140900	44575.375	5.672	0.019	6	5.704	5.651	1	27.203	0.074	6	27.293	27.123	1
202201141000	44575.41667	5.628	0.055	6	5.671	5.528	1	26.898	0.249	6	27.143	26.493	1
202201141100	44575.45833	5.621	0.009	6	5.634	5.61	1	26.838	0.07	6	26.873	26.683	1
202201141200	44575.5	5.428	0.077	6	5.551	5.324	1	25.878	0.301	6	26.403	25.493	1
202201141300	44575.54167	5.405	0.062	6	5.461	5.324	1	25.832	0.304	6	26.112	25.442	1
202201141400	44575.58333	5.411	0.067	6	5.574	5.401	1	25.742	0.407	6	26.732	25.702	1
202201141500	44575.625	5.736	0.061	6	5.766	5.631	1	27.287	0.247	6	27.402	26.872	1
202201141600	44575.66667	5.925	0.098	6	5.979	5.761	1	27.702	0.217	6	27.892	27.362	1
202201141700	44575.70833	6.104	0.033	6	6.123	6.037	1	28.181	0.103	6	28.251	27.971	1
202201141800	44575.75	6.148	0.047	6	6.181	6.064	1	28.276	0.127	6	28.361	28.041	1
202201141900	44575.79167	5.937	0.044	6	6.027	5.927	1	27.691	0.126	6	27.941	27.631	1
202201142000	44575.83333	5.718	0.116	6	5.907	5.605	1	26.975	0.453	6	27.67	26.49	1
202201142100	44575.875	5.528	0.015	6	5.559	5.52	1	26.185	0.064	6	26.33	26.16	1
202201142200	44575.91667	5.513	0.029	6	5.526	5.456	1	26.1	0.18	6	26.14	25.72	1
202201142300	44575.95833	5.328	0.045	6	5.391	5.27	1	25.095	0.188	6	25.35	24.85	1
202201150000	44576	5.231	0.018	6	5.261	5.215	1	24.679	0.086	6	24.809	24.569	1
202201150100	44576.04167	5.215	0.027	6	5.242	5.171	1	24.684	0.357	6	24.779	23.839	1
202201150200	44576.08333	5.248	0.032	6	5.249	5.168	1	24.569	0.317	6	24.619	23.799	1
202201150300	44576.125	5.417	0.111	6	5.571	5.244	1	25.554	0.601	6	26.349	24.519	1
202201150400	44576.16667	5.611	0.028	6	5.653	5.589	1	26.453	0.111	6	26.618	26.358	1
202201150500	44576.20833	5.769	0.121	6	5.901	5.58	1	27.058	0.354	6	27.388	26.418	1
202201150600	44576.25	5.922	0.024	6	5.955	5.894	1	27.488	0.069	6	27.608	27.438	1
202201150700	44576.29167	5.923	0.033	6	5.934	5.845	1	27.532	0.128	6	27.637	27.277	1
202201150800	44576.33333	5.718	0.058	6	5.819	5.664	1	26.847	0.207	6	27.207	26.667	1
202201150900	44576.375	5.526	0.106	6	5.655	5.399	1	26.042	0.497	6	26.637	25.447	1
202201151000	44576.41667	5.338	0.023	6	5.389	5.331	1	24.647	0.316	6	25.357	24.567	1
202201151100	44576.45833	5.332	0.005	6	5.337	5.323	1	24.616	0.019	6	24.626	24.576	1
202201151200	44576.5	5.251	0.012	6	5.278	5.247	1	24.256	0.053	6	24.376	24.236	1
202201151300	44576.54167	5.251	0.032	6	5.3	5.221	1	24.326	0.091	6	24.446	24.206	1
202201151400	44576.58333	5.282	0.006	6	5.291	5.276	1	24.536	0.028	6	24.556	24.486	1
202201151500	44576.625	5.368	0.068	6	5.456	5.278	1	25.025	0.38	6	25.505	24.505	1
202201151600	44576.66667	5.579	0.022	6	5.611	5.556	1	26.065	0.084	6	26.205	25.985	1
202201151700	44576.70833	5.665	0.073	6	5.812	5.627	1	26.415	0.321	6	27.065	26.275	1
202201151800	44576.75	5.889	0.114	6	5.979	5.698	1	27.36	0.377	6	27.595	26.715	1
202201151900	44576.79167	5.945	0.068	6	5.982	5.799	1	27.459	0.188	6	27.554	27.074	1
202201152000	44576.83333	5.997	0.027	6	6.02	5.952	1	27.609	0.052	6	27.654	27.534	1
202201152100	44576.875	5.716	0.087	6	5.915	5.681	1	26.799	0.292	6	27.464	26.664	1
202201152200	44576.91667	5.46	0.095	6	5.659	5.399	1	25.763	0.397	6	26.573	25.453	1
202201152300	44576.95833	5.302	0.054	6	5.391	5.26	1	24.798	0.389	6	25.433	24.503	1
202201160000	44577	5.194	0.027	6	5.24	5.167	1	24.138	0.141	6	24.393	24.023	1
202201160100	44577.04167	5.163	0.013	6	5.186	5.153	1	24.068	0.109	6	24.263	23.983	1
202201160200	44577.08333	5.196	0.047	6	5.257	5.151	1	24.297	0.23	6	24.542	24.002	1
202201160300	44577.125	5.321	0.128	6	5.489	5.206	1	24.872	0.587	6	25.632	24.312	1
202201160400	44577.16667	5.693	0.084	6	5.749	5.531	1	26.502	0.32	6	26.692	25.852	1
202201160500	44577.20833	5.772	0.021	6	5.78	5.73	1	26.717	0.086	6	26.812	26.592	1
202201160600	44577.25	5.841	0.104	6	5.996	5.761	1	27.191	0.301	6	27.501	26.811	1
202201160700	44577.29167	6.069	0.041	6	6.094	5.99	1	27.531	0.055	6	27.591	27.421	1
202201160800	44577.33333	6.104	0.014	6	6.113	6.077	1	27.531	0.018	6	27.541	27.491	1
202201160900	44577.375	6.075	0.011	6	6.097	6.067	1	27.57	0.03	6	27.6	27.51	1
202201161000	44577.41667	6.063	0.042	6	6.069	5.962	1	27.575	0.169	6	27.58	27.16	1
202201161100	44577.45833	5.769	0.047	6	5.853	5.736	1	26.475	0.204	6	26.8	26.25	1
202201161200	44577.5	5.661	0.069	6	5.703	5.514	1	25.965	0.285	6	26.11	25.34	1
202201161300	44577.54167	5.459	0.048	6	5.535	5.408	1	24.969	0.224	6	25.379	24.799	1
202201161400	44577.58333	5.41	0.05	6	5.463	5.337	1	24.929	0.242	6	25.159	24.589	1
202201161500	44577.625	5.497	0.038	6	5.57	5.468	1	25.244	0.134	6	25.499	25.159	1
202201161600	44577.66667	5.716	0.073	6	5.862	5.695	1	26.124	0.303	6	26.749	26.049	1
202201161700	44577.70833	6.109	0.143	6	6.284	5.972	1	27.393	0.251	6	27.658	27.088	1
202201161800	44577.75	6.293	0.011	6	6.307	6.283	1	27.658	0.033	6	27.708	27.628	1
202201161900	44577.79167	6.344	0.068	6	6.439	6.273	1	27.568	0.048	6	27.668	27.538	1
202201162000	44577.83333	6.26	0.039	6	6.342	6.243	1	27.477	0.042	6	27.527	27.397	1
202201162100	44577.875	6.327	0.019	6	6.336	6.294	1	27.557	0.053	6	27.587	27.457	1
202201162200	44577.91667	6.28	0.008	6	6.29	6.267	1	27.497	0.012	6	27.497	27.467	1
202201162300	44577.95833	6.084	0.111	6	6.256	6.007	1	27.122	0.266	6	27.457	26.867	1
202201170000	44578	5.864	0.094	6	6.016	5.799	1	26.526	0.256	6	26.946	26.306	1
202201170100	44578.04167	5.688	0.076	6	5.79	5.601	1	26.066	0.236	6	26.316	25.746	1
202201170200	44578.08333	5.517	0.113	6	5.586	5.321	1	25.306	0.51	6	25.736	24.506	1
202201170300	44578.125	5.438	0.032	6	5.453	5.38	1	24.966	0.14	6	25.046	24.726	1
202201170400	44578.16667	5.499	0.045	6	5.553	5.427	1	25.315	0.197	6	25.525	24.995	1
202201170500	44578.20833	5.712	0.123	6	5.932	5.554	1	26.13	0.433	6	26.845	25.525	1
202201170600	44578.25	6.15	0.113	6	6.227	5.964	1	27.355	0.228	6	27.475	26.935	1
202201170700	44578.29167	6.207	0.021	6	6.245	6.191	1	27.454	0.027	6	27.494	27.424	1
202201170800	44578.33333	6.232	0.014	6	6.233	6.198	1	27.434	0.008	6	27.434	27.414	1
202201170900	44578.375	6.221	0.012	6	6.231	6.202	1	27.424	0.038	6	27.474	27.384	1
202201171000	44578.41667	6.222	0.006	6	6.225	6.211	1	27.409	0.032	6	27.464	27.374	1
202201171100	44578.45833	6.113	0.107	6	6.253	6.025	1	26.938	0.394	6	27.463	26.523	1
202201171200	44578.5	5.971	0.065	6	6.085	5.91	1	26.458	0.26	6	26.813	26.143	1
202201171300	44578.54167	5.911	0.068	6	6.019	5.839	1	25.863	0.253	6	26.273	25.663	1
202201171400	44578.58333	5.537	0.167	6	5.808	5.437	1	24.488	0.597	6	25.443	24.093	1
202201171500	44578.625	5.456	0.042	6	5.499	5.396	1	24.262	0.183	6	24.442	23.992	1
202201171600	44578.66667	5.531	0.022	6	5.566	5.508	1	24.602	0.137	6	24.792	24.482	1
202201171700	44578.70833	5.772	0.088	6	5.793	5.565	1	25.782	0.421	6	25.882	24.782	1
202201171800	44578.75	6.161	0.097	6	6.228	5.97	1	27.011	0.26	6	27.191	26.491	1
202201171900	44578.79167	6.251	0.033	6	6.282	6.2	1	27.251	0.088	6	27.331	27.121	1
202201172000	44578.83333	6.235	0.008	6	6.245	6.223	1	27.236	0.021	6	27.251	27.191	1
202201172100	44578.875	6.2	0.06	6	6.213	6.074	1	27.151	0.213	6	27.181	26.751	1
202201172200	44578.91667	5.902	0.188	6	6.058	5.642	1	26.265	0.635	6	26.74	25.33	1
202201172300	44578.95833	5.614	0.008	6	5.616	5.596	1	25.135	0.024	6	25.15	25.09	1
202201180000	44579	5.557	0.014	6	5.57	5.538	1	24.99	0.078	6	25.09	24.9	1
202201180100	44579.04167	5.487	0.034	6	5.537	5.454	1	24.715	0.192	6	24.93	24.46	1
202201180200	44579.08333	5.387	0.062	6	5.485	5.324	1	24.309	0.256	6	24.709	24.009	1
202201180300	44579.125	5.234	0.063	6	5.316	5.182	1	23.394	0.293	6	23.799	23.129	1
202201180400	44579.16667	5.213	0.02	6	5.232	5.184	1	23.164	0.276	6	23.369	22.719	1
202201180500	44579.20833	5.288	0.061	6	5.315	5.185	1	23.338	0.405	6	23.518	22.658	1
202201180600	44579.25	5.504	0.051	6	5.533	5.408	1	24.538	0.223	6	24.678	24.118	1
202201180700	44579.29167	5.574	0.073	6	5.685	5.522	1	24.873	0.382	6	25.468	24.608	1
202201180800	44579.33333	5.802	0.063	6	5.84	5.671	1	25.878	0.239	6	26.008	25.358	1
202201180900	44579.375	5.808	0.022	6	5.823	5.762	1	25.907	0.066	6	25.937	25.757	1
202201181000	44579.41667	5.627	0.045	6	5.726	5.603	1	25.147	0.175	6	25.547	25.077	1
202201181100	44579.45833	5.477	0.092	6	5.607	5.355	1	24.377	0.44	6	24.967	23.807	1
202201181200	44579.5	5.357	0.003	6	5.361	5.352	1	23.587	0.107	6	23.757	23.467	1
202201181300	44579.54167	5.382	0.023	6	5.411	5.349	1	23.426	0.079	6	23.556	23.346	1
202201181400	44579.58333	5.339	0.036	6	5.399	5.3	1	23.306	0.12	6	23.436	23.126	1
202201181500	44579.625	5.212	0.032	6	5.252	5.176	1	22.876	0.077	6	22.976	22.806	1
202201181600	44579.66667	5.195	0.012	6	5.219	5.183	1	22.875	0.037	6	22.945	22.835	1
202201181700	44579.70833	5.268	0.017	6	5.298	5.25	1	23.115	0.06	6	23.245	23.085	1
202201181800	44579.75	5.34	0.09	6	5.538	5.289	1	23.445	0.45	6	24.465	23.235	1
202201181900	44579.79167	5.729	0.071	6	5.755	5.573	1	25.18	0.277	6	25.275	24.545	1
202201182000	44579.83333	5.886	0.09	6	6.006	5.759	1	25.824	0.367	6	26.324	25.314	1
202201182100	44579.875	6.07	0.015	6	6.087	6.045	1	26.599	0.03	6	26.634	26.554	1
202201182200	44579.91667	6.117	0.095	6	6.176	5.91	1	26.724	0.373	6	26.954	25.934	1
202201182300	44579.95833	5.816	0.089	6	5.861	5.643	1	25.614	0.363	6	25.764	24.894	1
202201190000	44580	5.518	0.047	6	5.586	5.466	1	24.403	0.188	6	24.643	24.163	1
202201190100	44580.04167	5.367	0.027	6	5.417	5.352	1	23.853	0.131	6	24.013	23.723	1
202201190200	44580.08333	5.307	0.037	6	5.341	5.246	1	23.393	0.227	6	23.613	23.023	1
202201190300	44580.125	5.208	0.02	6	5.238	5.177	1	22.818	0.115	6	22.973	22.653	1
202201190400	44580.16667	5.19	0.021	6	5.207	5.153	1	22.717	0.115	6	22.822	22.532	1
202201190500	44580.20833	5.22	0.027	6	5.277	5.203	1	22.892	0.143	6	23.182	22.792	1
202201190600	44580.25	5.417	0.087	6	5.483	5.291	1	23.902	0.391	6	24.182	23.252	1
202201190700	44580.29167	5.528	0.022	6	5.562	5.503	1	24.336	0.096	6	24.501	24.251	1
202201190800	44580.33333	5.935	0.188	6	6.126	5.651	1	26.271	0.781	6	26.861	24.941	1
202201190900	44580.375	5.936	0.102	6	6.105	5.827	1	26.071	0.367	6	26.641	25.651	1
202201191000	44580.41667	6.173	0.07	6	6.267	6.055	1	26.826	0.211	6	27.111	26.471	1
202201191100	44580.45833	6.044	0.07	6	6.151	5.962	1	26.35	0.237	6	26.73	26.07	1
202201191200	44580.5	5.864	0.165	6	6.018	5.635	1	25.46	0.88	6	26.22	24.36	1
202201191300	44580.54167	5.599	0.087	5	5.792	5.588	4.167	24.2	0.13	5	24.4	24.08	4.167
202201191400	44580.58333	5.619	0.251	5	6.076	5.58	1	24.14	0.096	5	24.26	24.05	1
202201191500	44580.625	5.511	0.059	6	5.571	5.396	1	23.679	0.255	6	23.949	23.179	1
202201191600	44580.66667	5.418	0.039	6	5.425	5.345	1	23.404	0.209	6	23.449	22.999	1
202201191700	44580.70833	5.58	0.111	6	5.732	5.453	1	24.239	0.522	6	24.899	23.559	1
202201191800	44580.75	6.194	0.161	6	6.264	5.839	1	26.834	0.654	6	27.069	25.349	1
202201191900	44580.79167	6.359	0.004	6	6.364	6.353	1	27.589	0.018	6	27.609	27.559	1
202201192000	44580.83333	6.452	0.046	6	6.471	6.365	1	27.994	0.182	6	28.049	27.639	1
202201192100	44580.875	6.541	0.049	6	6.603	6.464	1	28.329	0.169	6	28.509	28.039	1
202201192200	44580.91667	6.569	0.006	6	6.575	6.558	1	28.404	0.025	6	28.429	28.369	1
202201192300	44580.95833	6.51	0.028	6	6.544	6.478	1	28.193	0.101	6	28.348	28.088	1
202201200000	44581	6.427	0.054	6	6.46	6.327	1	28.058	0.169	6	28.148	27.738	1
202201200100	44581.04167	6.206	0.024	6	6.247	6.187	1	27.338	0.101	6	27.568	27.298	1
202201200200	44581.08333	5.949	0.16	6	6.136	5.678	1	26.258	0.722	6	27.078	25.038	1
202201200300	44581.125	5.549	0.098	6	5.646	5.407	1	24.423	0.46	6	24.878	23.748	1
202201200400	44581.16667	5.386	0.047	6	5.501	5.38	1	23.803	0.228	6	24.218	23.598	1
202201200500	44581.20833	5.458	0.057	6	5.551	5.427	1	24.093	0.343	6	24.608	23.908	1
202201200600	44581.25	5.541	0.124	6	5.84	5.526	1	24.667	0.529	6	25.897	24.517	1
202201200700	44581.29167	6.129	0.069	6	6.179	5.99	1	27.127	0.253	6	27.277	26.567	1
202201200800	44581.33333	6.107	0.007	6	6.111	6.09	1	27.182	0.065	6	27.247	27.077	1
202201200900	44581.375	6.049	0.005	6	6.057	6.041	1	27.142	0.028	6	27.167	27.097	1
202201201000	44581.41667	6.077	0.01	6	6.085	6.056	1	27.137	0.023	6	27.147	27.087	1
202201201100	44581.45833	6.046	0.106	6	6.073	5.802	1	27.092	0.47	6	27.157	25.967	1
202201201200	44581.5	5.712	0.018	6	5.742	5.688	1	25.452	0.112	6	25.677	25.357	1
202201201300	44581.54167	5.684	0.035	6	5.728	5.648	1	25.357	0.199	6	25.727	25.237	1
202201201400	44581.58333	5.659	0.059	6	5.725	5.578	1	25.376	0.309	6	25.676	24.896	1
202201201500	44581.625	5.447	0.074	6	5.551	5.36	1	24.411	0.34	6	24.836	23.976	1
202201201600	44581.66667	5.207	0.028	6	5.232	5.158	1	23.661	0.213	6	23.946	23.346	1
202201201700	44581.70833	5.084	0.047	6	5.147	5.023	1	23.111	0.447	6	23.496	22.226	1
202201201800	44581.75	5.011	0.088	6	5.213	4.975	1	22.111	0.523	6	23.236	21.826	1
202201201900	44581.79167	5.451	0.084	6	5.561	5.338	1	24.686	0.474	6	25.236	23.966	1
202201202000	44581.83333	5.57	0.018	6	5.613	5.563	1	25.276	0.137	6	25.606	25.246	1
202201202100	44581.875	5.781	0.12	6	5.886	5.624	1	26.37	0.532	6	26.835	25.695	1
202201202200	44581.91667	5.857	0.108	6	5.898	5.614	1	26.69	0.393	6	26.905	25.875	1
202201202300	44581.95833	5.566	0.028	6	5.593	5.508	1	25.66	0.161	6	25.715	25.285	1
202201210000	44582	5.319	0.08	6	5.422	5.236	1	24.35	0.32	6	24.825	24.075	1
202201210100	44582.04167	5.236	0.012	6	5.238	5.207	1	24.1	0.032	6	24.165	24.075	1
202201210200	44582.08333	5.213	0.018	6	5.231	5.183	1	24.18	0.018	6	24.205	24.165	1
202201210300	44582.125	4.777	0.11	6	4.972	4.695	1	23.865	0.156	6	24.085	23.695	1
202201210400	44582.16667	4.819	0.045	6	4.847	4.733	1	23.585	0.044	6	23.665	23.565	1
202201210500	44582.20833	4.666	0.032	6	4.716	4.621	1	23.539	0.601	6	23.564	22.074	1
202201210600	44582.25	4.619	0.019	6	4.641	4.592	1	21.614	0.444	6	22.214	21.154	1
202201210700	44582.29167	4.7	0.025	6	4.712	4.648	1	21.989	0.172	6	22.124	21.674	1
202201210800	44582.33333	4.807	0.085	6	4.931	4.717	1	22.529	0.305	6	22.914	22.104	1
202201210900	44582.375	5.028	0.056	6	5.122	4.955	1	23.249	0.241	6	23.674	22.964	1
202201211000	44582.41667	5.212	0.065	6	5.268	5.115	1	24.079	0.352	6	24.434	23.594	1
202201211100	44582.45833	5.315	0.054	6	5.358	5.225	1	24.574	0.333	6	24.834	24.004	1
202201211200	44582.5	5.202	0.042	6	5.219	5.112	1	23.818	0.231	6	23.963	23.363	1
202201211300	44582.54167	5.049	0.015	6	5.073	5.034	1	23.148	0.056	6	23.253	23.103	1
202201211400	44582.58333	5.119	0.077	6	5.218	5.037	1	23.218	0.246	6	23.613	23.073	1
202201211500	44582.625	5.171	0.064	6	5.192	5.027	1	23.363	0.099	6	23.473	23.203	1
202201211600	44582.66667	4.944	0.028	6	4.988	4.908	1	23.223	0.028	6	23.283	23.203	1
202201211700	44582.70833	4.768	0.039	6	4.856	4.753	1	23.383	0.034	6	23.413	23.323	1
202201211800	44582.75	4.769	0.016	6	4.799	4.758	1	22.298	0.334	6	22.963	22.133	1
202201211900	44582.79167	4.82	0.015	6	4.844	4.804	1	22.398	0.031	6	22.473	22.393	1
202201212000	44582.83333	5.404	0.123	6	5.415	5.123	1	24.872	0.495	6	24.952	23.742	1
202201212100	44582.875	5.545	0.12	6	5.741	5.395	1	25.462	0.546	6	26.412	24.882	1
202201212200	44582.91667	5.864	0.053	6	5.926	5.778	1	26.972	0.242	6	27.262	26.592	1
202201212300	44582.95833	5.917	0.033	6	5.955	5.867	1	27.137	0.105	6	27.282	26.982	1
202201220000	44583	5.71	0.058	6	5.802	5.623	1	26.262	0.292	6	26.712	25.802	1
202201220100	44583.04167	5.354	0.093	6	5.49	5.272	1	24.602	0.382	6	25.172	24.272	1
202201220200	44583.08333	5.263	0.055	6	5.284	5.133	1	24.242	0.152	6	24.342	23.902	1
202201220300	44583.125	5.136	0.019	6	5.164	5.116	1	23.916	0.061	6	24.001	23.831	1
202201220400	44583.16667	5.042	0.033	6	5.101	5.002	1	23.481	0.147	6	23.781	23.381	1
202201220500	44583.20833	4.915	0.039	6	4.977	4.862	1	23.151	0.087	6	23.301	23.051	1
202201220600	44583.25	4.796	0.033	6	4.839	4.759	1	22.896	0.063	6	22.991	22.811	1
202201220700	44583.29167	4.839	0.031	6	4.887	4.818	1	22.701	0.137	6	22.811	22.491	1
202201220800	44583.33333	5.133	0.098	6	5.143	4.893	1	23.676	0.343	6	23.721	22.841	1
202201220900	44583.375	5.164	0.082	6	5.339	5.127	1	23.796	0.358	6	24.561	23.631	1
202201221000	44583.41667	5.421	0.06	6	5.476	5.302	1	24.885	0.273	6	25.16	24.35	1
202201221100	44583.45833	5.54	0.055	6	5.578	5.444	1	25.385	0.212	6	25.54	25.03	1
202201221200	44583.5	5.454	0.056	6	5.552	5.404	1	24.905	0.279	6	25.4	24.66	1
202201221300	44583.54167	5.335	0.069	6	5.386	5.197	1	24.4	0.311	6	24.61	23.78	1
202201221400	44583.58333	5.162	0.023	6	5.179	5.124	1	23.595	0.075	6	23.67	23.47	1
202201221500	44583.625	5.222	0.036	6	5.244	5.157	1	23.55	0.059	6	23.62	23.45	1
202201221600	44583.66667	5.103	0.056	6	5.178	5.041	1	23.28	0.112	6	23.46	23.18	1
202201221700	44583.70833	4.96	0.066	6	5.08	4.9	1	22.97	0.205	6	23.33	22.8	1
202201221800	44583.75	4.862	0.018	6	4.888	4.839	1	22.624	0.301	6	22.829	22.079	1
202201221900	44583.79167	4.845	0.041	6	4.919	4.835	1	21.774	0.262	6	22.269	21.709	1
202201222000	44583.83333	5.065	0.06	6	5.078	4.95	1	23.179	0.356	6	23.249	22.439	1
202201222100	44583.875	5.405	0.177	6	5.537	5.109	1	24.524	0.735	6	25.129	23.349	1
202201222200	44583.91667	5.569	0.15	6	5.85	5.453	1	25.219	0.661	6	26.559	24.769	1
202201222300	44583.95833	5.863	0.18	6	6.121	5.697	1	26.584	0.72	6	27.559	25.909	1
202201230000	44584	6.027	0.119	6	6.101	5.782	1	27.189	0.502	6	27.469	26.179	1
202201230100	44584.04167	5.514	0.124	6	5.578	5.266	1	25.038	0.558	6	25.328	23.938	1
202201230200	44584.08333	5.139	0.022	6	5.186	5.127	1	23.443	0.107	6	23.678	23.388	1
202201230300	44584.125	5.112	0.008	6	5.129	5.108	1	23.343	0.07	6	23.358	23.188	1
202201230400	44584.16667	5.122	0.034	6	5.124	5.04	1	23.133	0.128	6	23.248	22.918	1
202201230500	44584.20833	5.03	0.032	6	5.044	4.958	1	22.863	0.096	6	22.918	22.668	1
202201230600	44584.25	4.872	0.04	6	4.941	4.842	1	22.383	0.116	6	22.578	22.298	1
202201230700	44584.29167	4.838	0.019	6	4.867	4.82	1	21.768	0.367	6	22.328	21.358	1
202201230800	44584.33333	4.908	0.093	6	5.044	4.825	1	22.033	0.682	6	22.868	21.358	1
202201230900	44584.375	5.053	0.043	6	5.096	4.995	1	22.792	0.226	6	23.157	22.567	1
202201231000	44584.41667	5.175	0.131	6	5.403	5.071	1	23.362	0.655	6	24.497	22.837	1
202201231100	44584.45833	5.579	0.125	6	5.64	5.354	1	25.262	0.565	6	25.497	24.237	1
202201231200	44584.5	5.628	0.036	6	5.672	5.57	1	25.407	0.212	6	25.617	25.007	1
202201231300	44584.54167	5.343	0.037	6	5.43	5.327	1	23.932	0.168	6	24.317	23.857	1
202201231400	44584.58333	5.191	0.121	6	5.34	5.045	1	23.337	0.556	6	23.947	22.607	1
202201231500	44584.625	5	0.017	6	5.023	4.972	1	22.307	0.177	6	22.537	22.057	1
202201231600	44584.66667	4.954	0.005	6	4.962	4.951	1	21.851	0.051	6	21.946	21.796	1
202201231700	44584.70833	4.934	0.009	6	4.946	4.923	1	21.851	0.074	6	21.986	21.776	1
202201231800	44584.75	4.925	0.012	6	4.948	4.916	1	22.141	0.073	6	22.286	22.106	1
202201231900	44584.79167	4.893	0.004	6	4.897	4.885	1	21.131	0.304	6	21.616	20.946	1
202201232000	44584.83333	5.111	0.118	6	5.229	4.931	1	22.816	0.762	6	23.406	21.376	1
202201232100	44584.875	5.257	0.131	6	5.544	5.204	1	23.556	0.622	6	24.886	23.256	1
202201232200	44584.91667	5.62	0.259	6	6.137	5.474	1	25.231	1.303	6	27.446	24.336	1
202201232300	44584.95833	5.637	0.191	6	6.077	5.575	1	25.241	0.819	6	27.106	24.926	1
202201240000	44585	6.059	0.138	6	6.243	5.88	1	27.12	0.548	6	27.835	26.375	1
202201240100	44585.04167	5.973	0.212	6	6.247	5.74	1	26.755	0.891	6	27.855	25.755	1
202201240200	44585.08333	5.69	0.133	6	5.745	5.401	1	25.42	0.609	6	25.815	24.215	1
202201240300	44585.125	5.249	0.052	6	5.359	5.222	1	23.54	0.234	6	24.015	23.385	1
202201240400	44585.16667	5.117	0.049	6	5.194	5.068	1	22.77	0.294	6	23.225	22.475	1
202201240500	44585.20833	5.03	0.011	6	5.048	5.017	1	22.33	0.029	6	22.395	22.315	1
202201240600	44585.25	5.011	0.006	6	5.019	5.002	1	22.335	0.014	6	22.365	22.325	1
202201240700	44585.29167	4.973	0.027	6	5.001	4.943	1	22.194	0.125	6	22.284	22.024	1
202201240800	44585.33333	4.998	0.034	6	5.076	4.987	1	22.299	0.151	6	22.594	22.154	1
202201240900	44585.375	5.226	0.054	6	5.251	5.125	1	23.244	0.247	6	23.394	22.784	1
202201241000	44585.41667	5.609	0.281	6	5.967	5.267	1	25.064	1.313	6	26.684	23.414	1
202201241100	44585.45833	5.767	0.255	6	6.107	5.492	1	25.864	1.18	6	27.204	24.494	1
202201241200	44585.5	5.928	0.142	6	6.079	5.65	1	26.484	0.204	5	26.894	26.354	1
202201241300	44585.54167	5.941	0.075	6	5.989	5.795	1	26.504	0.383	6	26.764	25.774	1
202201241400	44585.58333	5.639	0.049	6	5.73	5.584	1	25.084	0.232	6	25.524	24.824	1
202201241500	44585.625	5.308	0.066	6	5.446	5.276	1	23.593	0.297	6	24.193	23.423	1
202201241600	44585.66667	5.156	0.048	6	5.26	5.131	1	22.668	0.304	6	23.323	22.493	1
202201241700	44585.70833	5.073	0.036	6	5.114	5.017	1	22.193	0.145	6	22.383	22.003	1
202201241800	44585.75	5.014	0.011	6	5.017	4.991	1	21.983	0.008	6	21.983	21.963	1
202201241900	44585.79167	5.033	0.04	6	5.083	4.978	1	22.238	0.172	6	22.443	21.973	1
202201242000	44585.83333	5.043	0.184	6	5.438	5.013	1	22.223	0.904	6	24.193	22.093	1
202201242100	44585.875	5.454	0.103	6	5.508	5.229	1	24.233	0.409	6	24.443	23.363	1
202201242200	44585.91667	5.885	0.144	6	5.9	5.546	1	26.122	0.653	6	26.312	24.582	1
202201242300	44585.95833	5.825	0.212	6	6.213	5.603	1	25.932	0.907	6	27.672	25.152	1
202201250000	44586	6.278	0.169	6	6.392	5.926	1	27.942	0.743	6	28.432	26.402	1
202201250100	44586.04167	6.191	0.127	6	6.377	6.07	1	27.592	0.603	6	28.462	27.022	1
202201250200	44586.08333	6.072	0.051	6	6.138	6.003	1	27.077	0.162	6	27.452	27.012	1
202201250300	44586.125	5.603	0.182	6	5.968	5.531	1	25.092	0.898	6	26.892	24.722	1
202201250400	44586.16667	5.407	0.119	6	5.524	5.226	1	24.082	0.635	6	24.692	23.122	1
202201250500	44586.20833	5.183	0.014	6	5.195	5.155	1	22.962	0.053	6	22.982	22.842	1
202201250600	44586.25	5.072	0.033	6	5.14	5.056	1	22.511	0.121	6	22.771	22.451	1
202201250700	44586.29167	5.033	0.008	6	5.043	5.021	1	22.426	0.021	6	22.471	22.411	1
202201250800	44586.33333	5.051	0.019	6	5.082	5.028	1	22.471	0.137	6	22.571	22.221	1
202201250900	44586.375	5.047	0.063	6	5.177	5.035	1	22.336	0.297	6	22.921	22.241	1
202201251000	44586.41667	5.28	0.054	6	5.32	5.188	1	23.326	0.261	6	23.561	22.901	1
202201251100	44586.45833	5.352	0.218	6	5.784	5.314	1	23.756	1.023	6	25.741	23.531	1
202201251200	44586.5	6.022	0.125	6	6.125	5.831	1	26.841	0.551	6	27.251	25.931	1
202201251300	44586.54167	5.694	0.101	6	5.911	5.628	1	25.425	0.421	6	26.33	25.16	1
202201251400	44586.58333	5.692	0.072	6	5.718	5.523	1	25.445	0.324	6	25.58	24.71	1
202201251500	44586.625	5.525	0.097	6	5.556	5.312	1	24.68	0.487	6	24.85	23.62	1
202201251600	44586.66667	5.218	0.033	6	5.264	5.185	1	23.255	0.121	6	23.43	23.12	1
202201251700	44586.70833	5.058	0.046	6	5.154	5.031	1	22.245	0.328	6	22.91	22.04	1
202201251800	44586.75	4.998	0.018	6	5.023	4.975	1	21.915	0.071	6	22.02	21.83	1
202201251900	44586.79167	4.973	0.014	6	5.004	4.965	1	21.885	0.081	6	22.06	21.84	1
202201252000	44586.83333	5.032	0.034	6	5.063	4.971	1	22.235	0.163	6	22.37	21.94	1
202201252100	44586.875	5.367	0.187	6	5.448	5.029	1	23.764	0.833	6	24.069	22.269	1
202201252200	44586.91667	5.553	0.064	6	5.643	5.458	1	24.664	0.33	6	25.169	24.209	1
202201252300	44586.95833	5.979	0.099	6	6.123	5.857	1	26.759	0.451	6	27.369	26.099	1
202201260000	44587	5.839	0.168	6	6.074	5.617	1	26.184	0.785	6	27.239	25.039	1
202201260100	44587.04167	5.906	0.231	6	6.362	5.763	1	26.704	0.969	6	28.579	26.029	1
202201260200	44587.08333	6.127	0.136	6	6.304	5.992	1	27.809	0.622	6	28.549	27.119	1
202201260300	44587.125	6.155	0.041	6	6.175	6.061	1	27.824	0.157	6	27.919	27.479	1
202201260400	44587.16667	5.812	0.138	6	6.099	5.721	1	26.408	0.682	6	27.648	25.818	1
202201260500	44587.20833	5.561	0.11	6	5.674	5.4	1	25.053	0.525	6	25.598	24.308	1
202201260600	44587.25	5.198	0.059	6	5.322	5.17	1	23.183	0.304	6	23.848	23.098	1
202201260700	44587.29167	5.112	0.017	6	5.123	5.082	1	22.828	0.035	6	22.848	22.768	1
202201260800	44587.33333	5.069	0.046	6	5.136	5.015	1	22.838	0.315	6	23.478	22.588	1
202201260900	44587.375	5.19	0.097	6	5.203	5.002	1	23.433	0.461	6	23.458	22.538	1
202201261000	44587.41667	5.301	0.111	6	5.488	5.185	1	23.803	0.45	6	24.658	23.418	1
202201261100	44587.45833	5.577	0.217	6	5.916	5.46	1	25.172	1.011	6	26.687	24.557	1
202201261200	44587.5	6.024	0.079	6	6.188	5.959	1	27.097	0.387	6	27.977	26.877	1
202201261300	44587.54167	6.147	0.039	6	6.205	6.088	1	27.722	0.222	6	28.077	27.457	1
202201261400	44587.58333	6.219	0.067	6	6.33	6.163	1	28.047	0.352	6	28.657	27.777	1
202201261500	44587.625	6.305	0.046	6	6.342	6.24	1	28.482	0.244	6	28.687	28.147	1
202201261600	44587.66667	6.217	0.099	6	6.236	6.004	1	28.052	0.519	6	28.147	26.967	1
202201261700	44587.70833	5.803	0.09	6	5.962	5.711	1	25.987	0.452	6	26.817	25.537	1
202201261800	44587.75	5.382	0.111	6	5.607	5.302	1	23.862	0.544	6	24.967	23.457	1
202201261900	44587.79167	5.301	0.01	6	5.311	5.286	1	23.496	0.032	6	23.526	23.446	1
202201262000	44587.83333	5.333	0.043	6	5.364	5.251	1	23.741	0.209	6	23.876	23.306	1
202201262100	44587.875	5.268	0.073	6	5.356	5.191	1	23.396	0.383	6	23.846	23.006	1
202201262200	44587.91667	5.555	0.13	6	5.688	5.319	1	24.906	0.653	6	25.526	23.686	1
202201262300	44587.95833	5.806	0.055	6	5.848	5.71	1	26.146	0.253	6	26.356	25.716	1
202201270000	44588	5.861	0.013	6	5.878	5.846	1	26.536	0.066	6	26.646	26.466	1
202201270100	44588.04167	6.071	0.246	6	6.455	5.835	1	27.696	1.232	6	29.536	26.456	1
202201270200	44588.08333	6.263	0.067	6	6.4	6.224	1	28.59	0.352	6	29.335	28.405	1
202201270300	44588.125	6.293	0.085	6	6.392	6.196	1	28.775	0.399	6	29.245	28.315	1
202201270400	44588.16667	6.325	0.044	6	6.372	6.253	1	28.84	0.193	6	29.075	28.555	1
202201270500	44588.20833	5.891	0.087	6	5.995	5.751	1	26.875	0.364	6	27.375	26.315	1
202201270600	44588.25	5.76	0.084	6	5.836	5.631	1	26.06	0.449	6	26.615	25.475	1
202201270700	44588.29167	5.806	0.052	6	5.875	5.737	1	26.09	0.187	6	26.425	25.905	1
202201270800	44588.33333	5.776	0.045	6	5.812	5.694	1	25.81	0.253	6	26.055	25.365	1
202201270900	44588.375	5.697	0.023	6	5.718	5.653	1	25.355	0.127	6	25.505	25.125	1
202201271000	44588.41667	5.741	0.011	6	5.764	5.734	1	25.494	0.064	6	25.644	25.464	1
202201271100	44588.45833	6.168	0.177	6	6.308	5.833	1	27.804	0.94	6	28.514	25.934	1
202201271200	44588.5	6.572	0.094	6	6.612	6.357	1	29.654	0.422	6	29.894	28.724	1
202201271300	44588.54167	6.7	0.044	6	6.73	6.632	1	30.294	0.158	6	30.394	30.024	1
202201271400	44588.58333	6.763	0.02	6	6.803	6.756	1	30.519	0.103	6	30.714	30.454	1
202201271500	44588.625	6.798	0.018	6	6.816	6.777	1	30.709	0.09	6	30.804	30.604	1
202201271600	44588.66667	6.78	0.006	6	6.788	6.773	1	30.674	0.03	6	30.704	30.634	1
202201271700	44588.70833	6.754	0.017	6	6.771	6.723	1	30.623	0.079	6	30.663	30.453	1
202201271800	44588.75	6.679	0.038	6	6.729	6.639	1	30.143	0.311	6	30.493	29.793	1
202201271900	44588.79167	6.508	0.222	6	6.619	6.067	1	29.213	1.067	6	29.733	27.123	1
202201272000	44588.83333	5.944	0.029	6	6.008	5.931	1	26.573	0.215	6	27.043	26.483	1
202201272100	44588.875	5.999	0.042	6	6.017	5.921	1	27.053	0.239	6	27.113	26.533	1
202201272200	44588.91667	5.724	0.102	6	5.896	5.634	1	25.423	0.563	6	26.343	24.913	1
202201272300	44588.95833	5.845	0.185	6	6.12	5.595	1	26.238	1.006	6	27.523	24.713	1
202201280000	44589	6.472	0.126	6	6.57	6.219	1	29.463	0.683	6	30.013	28.103	1
202201280100	44589.04167	6.582	0.023	6	6.619	6.559	1	30.102	0.122	6	30.262	29.962	1
202201280200	44589.08333	6.619	0.014	6	6.637	6.602	1	30.302	0.047	6	30.382	30.242	1
202201280300	44589.125	6.63	0.003	6	6.634	6.627	1	30.392	0.016	6	30.402	30.362	1
202201280400	44589.16667	6.585	0.055	6	6.61	6.461	1	30.232	0.256	6	30.362	29.662	1
202201280500	44589.20833	6.198	0.068	6	6.29	6.1	1	28.307	0.419	6	28.812	27.672	1
202201280600	44589.25	6.035	0.143	6	6.063	5.701	1	27.347	0.749	6	27.462	25.552	1
202201280700	44589.29167	5.506	0.073	6	5.644	5.457	1	24.497	0.42	6	25.272	24.202	1
202201280800	44589.33333	5.336	0.06	6	5.429	5.283	1	23.581	0.322	6	24.031	23.221	1
202201280900	44589.375	5.266	0.1	5	5.47	5.23	4.167	22.901	0.14	5	23.141	22.841	4.167
202201281000	44589.41667	5.24	0.016	6	5.257	5.208	1	22.761	0.236	6	22.981	22.371	1
202201281100	44589.45833	5.199	0.014	6	5.219	5.184	1	22.391	0.107	6	22.511	22.231	1
202201281200	44589.5	5.305	0.032	6	5.351	5.277	1	22.876	0.045	6	22.901	22.801	1
202201281300	44589.54167	5.437	0.083	6	5.544	5.353	1	23.641	0.665	6	24.311	22.901	1
202201281400	44589.58333	5.697	0.061	6	5.727	5.569	1	24.956	0.346	6	25.301	24.411	1
202201281500	44589.625	5.798	0.093	6	5.872	5.659	1	25.842	0.795	6	26.322	24.402	1
202201281600	44589.66667	5.801	0.038	6	5.861	5.759	1	25.647	0.431	6	26.152	24.902	1
202201281700	44589.70833	5.868	0.035	6	5.898	5.814	1	26.147	0.229	6	26.432	25.892	1
202201281800	44589.75	5.793	0.036	6	5.815	5.719	1	25.787	0.209	6	25.932	25.352	1
202201281900	44589.79167	5.535	0.046	6	5.623	5.498	1	24.162	0.309	6	24.762	23.912	1
202201282000	44589.83333	5.388	0.039	6	5.463	5.361	1	23.157	0.263	6	23.682	23.022	1
202201282100	44589.875	5.392	0.056	6	5.502	5.365	1	23.072	0.24	6	23.562	22.972	1
202201282200	44589.91667	5.4	0.066	6	5.465	5.305	1	23.002	0.379	6	23.392	22.482	1
202201282300	44589.95833	5.278	0.026	6	5.319	5.25	1	22.352	0.182	6	22.682	22.202	1
202201290000	44590	5.327	0.007	6	5.339	5.319	1	22.662	0.016	6	22.692	22.652	1
202201290100	44590.04167	5.58	0.125	6	5.667	5.343	1	24.342	0.832	6	24.862	22.702	1
202201290200	44590.08333	5.64	0.113	6	5.87	5.576	1	24.622	0.7	6	25.962	24.162	1
202201290300	44590.125	5.928	0.027	6	5.972	5.897	1	26.242	0.13	6	26.362	26.012	1
202201290400	44590.16667	6.15	0.086	6	6.203	6.003	1	27.397	0.447	6	27.732	26.672	1
202201290500	44590.20833	6.235	0.039	6	6.292	6.199	1	27.932	0.334	6	28.292	27.492	1
202201290600	44590.25	6.236	0.026	6	6.273	6.197	1	27.737	0.205	6	28.052	27.422	1
202201290700	44590.29167	6.226	0.015	6	6.245	6.211	1	27.667	0.159	6	27.862	27.432	1
202201290800	44590.33333	6.194	0.056	6	6.227	6.105	1	27.082	0.338	6	27.392	26.572	1
202201290900	44590.375	6.151	0.044	6	6.181	6.057	1	25.957	0.578	6	26.412	24.992	1
202201291000	44590.41667	5.922	0.05	6	6.026	5.91	1	25.192	0.129	6	25.392	25.052	1
202201291100	44590.45833	5.83	0.056	6	5.936	5.772	1	24.712	0.264	6	25.222	24.462	1
202201291200	44590.5	5.849	0.029	6	5.902	5.835	1	24.837	0.042	6	24.892	24.802	1
202201291300	44590.54167	5.979	0.095	6	6.122	5.896	1	25.492	0.903	6	26.852	24.862	1
202201291400	44590.58333	6.157	0.039	6	6.225	6.118	1	26.597	0.116	6	26.722	26.442	1
202201291500	44590.625	6.446	0.09	6	6.595	6.324	1	27.817	0.429	6	28.632	27.372	1
202201291600	44590.66667	6.737	0.069	6	6.78	6.59	1	29.313	0.385	6	29.553	28.493	1
202201291700	44590.70833	6.844	0.037	6	6.875	6.78	1	29.938	0.217	6	30.123	29.563	1
202201291800	44590.75	6.773	0.014	6	6.804	6.763	1	30.328	0.024	6	30.363	30.293	1
202201291900	44590.79167	6.741	0.008	6	6.755	6.735	1	30.203	0.065	6	30.283	30.113	1
202201292000	44590.83333	6.737	0.014	6	6.765	6.726	1	30.128	0.361	6	30.183	29.263	1
202201292100	44590.875	6.732	0.062	6	6.757	6.624	1	28.778	0.187	6	29.093	28.633	1
202201292200	44590.91667	6.453	0.127	6	6.637	6.292	1	28.148	0.427	6	28.653	27.513	1
202201292300	44590.95833	6.119	0.081	6	6.222	6.019	1	26.608	0.337	6	27.023	26.263	1
202201300000	44591	5.974	0.135	6	6.169	5.839	1	25.868	0.649	6	26.923	25.333	1
202201300100	44591.04167	6.023	0.071	6	6.07	5.868	1	26.433	0.419	6	26.563	25.463	1
202201300200	44591.08333	6.679	0.253	6	6.707	6.061	1	29.803	1.296	6	29.933	26.633	1
202201300300	44591.125	6.652	0.022	6	6.68	6.628	1	29.598	0.056	6	29.663	29.513	1
202201300400	44591.16667	6.749	0.026	6	6.769	6.706	1	30.268	0.193	6	30.383	29.923	1
202201300500	44591.20833	6.734	0.02	6	6.776	6.72	1	30.208	0.107	6	30.463	30.173	1
202201300600	44591.25	6.738	0.01	6	6.746	6.719	1	30.348	0.109	6	30.363	30.083	1
202201300700	44591.29167	6.69	0.023	6	6.711	6.647	1	30.308	0.07	6	30.323	30.143	1
202201300800	44591.33333	6.621	0.046	6	6.681	6.576	1	30.043	0.211	6	30.293	29.823	1
202201300900	44591.375	6.035	0.288	6	6.558	5.84	1	26.698	1.698	6	29.753	25.503	1
202201301000	44591.41667	5.676	0.067	6	5.791	5.615	1	24.343	0.48	6	25.173	23.903	1
202201301100	44591.45833	5.581	0.017	6	5.617	5.57	1	23.493	0.226	6	23.883	23.273	1
202201301200	44591.5	5.588	0.027	6	5.633	5.573	1	23.243	0.03	6	23.253	23.173	1
202201301300	44591.54167	5.616	0.029	6	5.67	5.587	1	23.253	0.087	6	23.393	23.173	1
202201301400	44591.58333	5.586	0.02	6	5.609	5.564	1	23.313	0.053	6	23.393	23.263	1
202201301500	44591.625	5.621	0.033	6	5.703	5.62	1	23.453	0.255	6	24.073	23.433	1
202201301600	44591.66667	5.866	0.077	6	5.983	5.81	1	25.173	0.526	6	25.973	24.793	1
202201301700	44591.70833	5.96	0.03	6	5.987	5.911	1	25.849	0.181	6	26.034	25.564	1
202201301800	44591.75	5.944	0.033	6	5.993	5.902	1	25.929	0.171	6	26.164	25.694	1
202201301900	44591.79167	5.782	0.057	6	5.879	5.703	1	24.899	0.357	6	25.534	24.444	1
202201302000	44591.83333	5.64	0.03	6	5.682	5.606	1	23.929	0.258	6	24.304	23.634	1
202201302100	44591.875	5.577	0.014	6	5.594	5.559	1	23.499	0.075	6	23.584	23.384	1
202201302200	44591.91667	5.534	0.012	6	5.555	5.525	1	22.979	0.254	6	23.344	22.714	1
202201302300	44591.95833	5.515	0.005	6	5.524	5.511	1	22.709	0.031	6	22.734	22.644	1
202201310000	44592	5.502	0.015	6	5.534	5.495	1	22.749	0.204	6	22.894	22.424	1
202201310100	44592.04167	5.599	0.034	6	5.63	5.542	1	22.519	0.099	6	22.694	22.444	1
202201310200	44592.08333	5.621	0.008	6	5.638	5.615	1	22.729	0.005	6	22.734	22.724	1
202201310300	44592.125	5.604	0.013	6	5.625	5.594	1	22.899	0.188	6	23.104	22.714	1
202201310400	44592.16667	5.81	0.035	6	5.891	5.797	1	24.899	0.343	6	25.714	24.804	1
202201310500	44592.20833	5.837	0.082	6	5.972	5.763	1	25.154	0.642	6	26.154	24.504	1
202201310600	44592.25	6.031	0.04	6	6.086	6	1	26.699	0.297	6	27.054	26.394	1
202201310700	44592.29167	6.088	0.006	6	6.093	6.078	1	27.124	0.026	6	27.164	27.084	1
202201310800	44592.33333	6.124	0.039	6	6.161	6.073	1	27.344	0.151	6	27.444	27.114	1
202201310900	44592.375	6.151	0.003	7	6.155	6.145	1	27.354	0.039	7	27.434	27.344	1
202201311000	44592.41667	6.146	0.002	6	6.149	6.144	1	27.384	0.014	6	27.404	27.364	1
202201311100	44592.45833	6.135	0.007	6	6.142	6.123	1	27.319	0.05	6	27.354	27.224	1
202201311200	44592.5	6.12	0.01	6	6.138	6.113	1	27.149	0.054	6	27.244	27.114	1
202201311300	44592.54167	6.045	0.066	6	6.109	5.952	1	26.684	0.469	6	27.114	25.984	1
202201311400	44592.58333	5.972	0.019	6	5.989	5.946	1	26.169	0.171	6	26.334	25.954	1
202201311500	44592.625	6.146	0.153	6	6.376	6.035	1	27.429	1.016	6	29.004	26.704	1
202201311600	44592.66667	6.439	0.011	6	6.459	6.428	1	29.509	0.05	6	29.594	29.454	1
202201311700	44592.70833	6.52	0.049	6	6.589	6.465	1	30.029	0.281	6	30.414	29.694	1
202201311800	44592.75	6.678	0.033	6	6.704	6.618	1	30.785	0.155	6	30.915	30.505	1
202201311900	44592.79167	6.666	0.009	6	6.676	6.652	1	30.785	0.032	6	30.815	30.725	1
202201312000	44592.83333	6.625	0.028	6	6.645	6.575	1	30.75	0.063	6	30.775	30.605	1
202201312100	44592.875	6.442	0.047	6	6.511	6.372	1	29.805	0.299	6	30.165	29.345	1
202201312200	44592.91667	6.218	0.109	6	6.407	6.118	1	28.88	0.501	6	29.755	28.305	1
202201312300	44592.95833	5.852	0.086	6	5.958	5.754	1	26.265	0.793	6	27.695	25.595	1
202202010000	44593	5.789	0.031	6	5.829	5.748	1	26.47	0.533	6	26.825	25.645	1
202202010100	44593.04167	5.682	0.048	6	5.786	5.662	1	25.74	0.351	6	26.525	25.535	1
202202010200	44593.08333	5.622	0.022	6	5.654	5.602	1	24.61	0.485	6	25.545	24.285	1
202202010300	44593.125	5.685	0.025	6	5.707	5.643	1	24.77	0.14	6	24.865	24.475	1
202202010400	44593.16667	5.669	0.018	6	5.674	5.633	1	24.605	0.098	6	24.645	24.425	1
202202010500	44593.20833	5.644	0.005	6	5.646	5.633	1	24.545	0.054	6	24.585	24.445	1
202202010600	44593.25	5.679	0.047	6	5.758	5.644	1	24.815	0.318	6	25.315	24.545	1
202202010700	44593.29167	5.713	0.01	6	5.718	5.694	1	24.96	0.038	6	25.005	24.915	1
202202010800	44593.33333	5.701	0.011	6	5.721	5.695	1	24.865	0.104	6	25.085	24.825	1
202202010900	44593.375	5.816	0.045	6	5.84	5.72	1	25.545	0.212	6	25.685	25.075	1
202202011000	44593.41667	5.843	0.008	6	5.848	5.828	1	25.485	0.03	6	25.525	25.435	1
202202011100	44593.45833	5.872	0.025	6	5.889	5.826	1	25.39	0.073	6	25.435	25.235	1
202202011200	44593.5	5.813	0.027	6	5.871	5.799	1	25.285	0.042	6	25.335	25.205	1
202202011300	44593.54167	5.938	0.027	6	5.97	5.91	1	25.265	0.052	6	25.345	25.215	1
202202011400	44593.58333	5.924	0.044	6	5.989	5.89	1	25.495	0.16	6	25.695	25.345	1
202202011500	44593.625	5.876	0.008	6	5.882	5.862	1	25.735	0.026	6	25.765	25.705	1
202202011600	44593.66667	5.898	0.024	6	5.926	5.867	1	25.535	0.182	6	25.725	25.225	1
202202011700	44593.70833	6.2	0.032	6	6.231	6.154	1	27.12	0.196	6	27.345	26.855	1
202202011800	44593.75	6.195	0.05	6	6.29	6.185	1	27.1	0.372	6	27.805	27.055	1
202202011900	44593.79167	6.35	0.06	6	6.436	6.269	1	28.226	0.421	6	28.796	27.666	1
202202012000	44593.83333	6.454	0.012	6	6.475	6.439	1	28.906	0.083	6	29.036	28.796	1
202202012100	44593.875	6.45	0.016	6	6.473	6.433	1	28.906	0.097	6	29.046	28.786	1
202202012200	44593.91667	6.442	0.007	6	6.454	6.437	1	28.926	0.028	6	28.956	28.876	1
202202012300	44593.95833	6.388	0.063	6	6.435	6.286	1	28.586	0.585	6	28.916	27.596	1
202202020000	44594	6.279	0.009	6	6.291	6.267	1	27.551	0.063	6	27.666	27.506	1
202202020100	44594.04167	6.17	0.047	6	6.251	6.122	1	27.056	0.192	6	27.406	26.856	1
202202020200	44594.08333	6.081	0.019	6	6.117	6.061	1	26.586	0.073	6	26.706	26.486	1
202202020300	44594.125	5.977	0.078	6	6.124	5.924	1	25.996	0.365	6	26.716	25.746	1
202202020400	44594.16667	5.939	0.037	6	5.969	5.88	1	25.836	0.192	6	25.986	25.536	1
202202020500	44594.20833	5.995	0.007	6	5.996	5.978	1	26.156	0.06	6	26.196	26.026	1
202202020600	44594.25	6.207	0.093	6	6.239	6.001	1	27.406	0.545	6	27.626	26.196	1
202202020700	44594.29167	6.235	0.005	6	6.241	6.227	1	27.636	0.013	6	27.656	27.616	1
202202020800	44594.33333	6.235	0.02	6	6.271	6.221	1	27.701	0.101	6	27.886	27.626	1
202202020900	44594.375	6.241	0.018	6	6.268	6.213	1	27.746	0.11	6	27.906	27.586	1
202202021000	44594.41667	6.222	0.017	6	6.257	6.217	1	27.571	0.089	6	27.616	27.376	1
202202021100	44594.45833	6.104	0.034	6	6.17	6.075	1	26.591	0.239	6	26.976	26.376	1
202202021200	44594.5	6.176	0.051	6	6.217	6.101	1	26.491	0.087	6	26.576	26.366	1
202202021300	44594.54167	6.307	0.037	6	6.377	6.28	1	26.456	0.132	6	26.616	26.276	1
202202021400	44594.58333	6.326	0.087	6	6.397	6.14	1	26.326	0.207	6	26.356	25.826	1
202202021500	44594.625	6.11	0.035	6	6.149	6.054	1	25.731	0.071	6	25.776	25.586	1
202202021600	44594.66667	5.911	0.023	6	5.963	5.901	1	25.231	0.071	6	25.326	25.136	1
202202021700	44594.70833	5.916	0.018	6	5.948	5.901	1	25.221	0.043	6	25.276	25.166	1
202202021800	44594.75	5.89	0.048	6	6.004	5.88	1	25.006	0.286	6	25.686	24.936	1
202202021900	44594.79167	6.083	0.06	6	6.126	5.991	1	26.196	0.388	6	26.436	25.596	1
202202022000	44594.83333	6.152	0.059	6	6.237	6.1	1	26.597	0.319	6	27.017	26.267	1
202202022100	44594.875	6.318	0.041	6	6.372	6.262	1	27.372	0.238	6	27.687	27.027	1
202202022200	44594.91667	6.282	0.011	6	6.299	6.271	1	27.172	0.073	6	27.287	27.087	1
202202022300	44594.95833	6.231	0.066	6	6.279	6.122	1	26.892	0.372	6	27.147	26.247	1
202202030000	44595	6.054	0.023	6	6.097	6.042	1	25.757	0.173	6	26.087	25.657	1
202202030100	44595.04167	6.046	0.008	6	6.051	6.03	1	25.592	0.07	6	25.637	25.447	1
202202030200	44595.08333	6.193	0.094	6	6.282	6.035	1	25.562	0.079	6	25.657	25.467	1
202202030300	44595.125	6.142	0.043	6	6.174	6.056	1	25.327	0.08	6	25.417	25.197	1
202202030400	44595.16667	6.065	0.011	6	6.075	6.049	1	25.477	0.152	6	25.577	25.227	1
202202030500	44595.20833	6.031	0.006	6	6.043	6.028	1	25.457	0.031	6	25.507	25.417	1
202202030600	44595.25	6.047	0.021	6	6.084	6.036	1	25.342	0.078	6	25.477	25.267	1
202202030700	44595.29167	6.026	0.009	6	6.041	6.018	1	25.192	0.05	6	25.257	25.127	1
202202030800	44595.33333	6.03	0.007	6	6.036	6.017	1	25.122	0.016	6	25.137	25.097	1
202202030900	44595.375	6.031	0.009	6	6.036	6.013	1	25.107	0.018	6	25.107	25.067	1
202202031000	44595.41667	6.079	0.046	6	6.181	6.053	1	25.557	0.442	6	26.507	25.297	1
202202031100	44595.45833	6.171	0.051	6	6.214	6.092	1	26.262	0.443	6	26.707	25.547	1
202202031200	44595.5	6.094	0.029	6	6.159	6.08	1	25.847	0.199	6	26.277	25.717	1
202202031300	44595.54167	6.177	0.075	6	6.281	6.085	1	25.732	0.091	6	25.847	25.627	1
202202031400	44595.58333	6.205	0.087	6	6.378	6.159	1	25.387	0.156	6	25.667	25.247	1
202202031500	44595.625	6.195	0.059	6	6.285	6.144	1	25.317	0.149	6	25.537	25.207	1
202202031600	44595.66667	6.095	0.029	6	6.158	6.076	1	25.212	0.036	6	25.277	25.167	1
202202031700	44595.70833	6.045	0.009	6	6.068	6.044	1	25.147	0.028	6	25.207	25.127	1
202202031800	44595.75	6.047	0.012	6	6.074	6.044	1	25.117	0.033	6	25.197	25.117	1
202202031900	44595.79167	6.061	0.045	6	6.166	6.047	1	25.172	0.382	6	26.107	25.157	1
202202032000	44595.83333	6.391	0.156	6	6.496	6.131	1	27.577	1.073	6	28.367	25.837	1
202202032100	44595.875	6.524	0.021	6	6.543	6.491	1	28.563	0.161	6	28.728	28.328	1
202202032200	44595.91667	6.581	0.082	6	6.683	6.509	1	29.033	0.624	6	29.788	28.378	1
202202032300	44595.95833	6.653	0.052	6	6.686	6.568	1	29.563	0.314	6	29.788	29.068	1
202202040000	44596	6.556	0.034	6	6.578	6.484	1	29.033	0.237	6	29.128	28.498	1
202202040100	44596.04167	6.217	0.084	6	6.405	6.19	1	26.643	0.55	6	27.858	26.438	1
202202040200	44596.08333	6.212	0.021	6	6.245	6.188	1	25.883	0.358	6	26.478	25.658	1
202202040300	44596.125	6.195	0.009	6	6.208	6.184	1	25.668	0.024	6	25.698	25.628	1
202202040400	44596.16667	6.129	0.03	6	6.151	6.07	1	25.723	0.166	6	25.838	25.408	1
202202040500	44596.20833	6.06	0.007	6	6.064	6.046	1	25.348	0.033	6	25.378	25.298	1
202202040600	44596.25	6.064	0.009	6	6.068	6.045	1	25.368	0.041	6	25.388	25.288	1
202202040700	44596.29167	6.118	0.01	6	6.125	6.097	1	25.583	0.073	6	25.718	25.508	1
202202040800	44596.33333	6.153	0.02	6	6.197	6.138	1	25.803	0.142	6	26.078	25.688	1
202202040900	44596.375	6.217	0.061	6	6.346	6.203	1	26.173	0.438	6	27.058	26.038	1
202202041000	44596.41667	6.367	0.041	6	6.449	6.344	1	27.138	0.269	6	27.668	26.928	1
202202041100	44596.45833	6.462	0.021	6	6.489	6.437	1	27.628	0.251	6	27.918	27.318	1
202202041200	44596.5	6.68	0.087	6	6.71	6.483	1	29.583	0.877	6	29.848	27.568	1
202202041300	44596.54167	6.666	0.037	6	6.69	6.595	1	29.588	0.283	6	29.728	29.018	1
202202041400	44596.58333	6.529	0.036	6	6.573	6.483	1	28.573	0.267	6	28.888	28.238	1
202202041500	44596.625	6.356	0.099	6	6.521	6.291	1	27.378	0.905	6	28.748	26.728	1
202202041600	44596.66667	6.255	0.021	6	6.298	6.247	1	26.748	0.099	6	26.868	26.618	1
202202041700	44596.70833	6.173	0.027	6	6.189	6.122	1	26.233	0.186	6	26.358	25.878	1
202202041800	44596.75	6.255	0.048	6	6.3	6.187	1	26.973	0.434	6	27.398	26.368	1
202202041900	44596.79167	6.429	0.158	6	6.625	6.294	1	28.403	1.141	6	29.788	27.358	1
202202042000	44596.83333	6.742	0.016	6	6.746	6.704	1	30.633	0.112	6	30.678	30.378	1
202202042100	44596.875	6.764	0.015	6	6.773	6.732	1	30.853	0.106	6	30.898	30.618	1
202202042200	44596.91667	6.75	0.04	6	6.795	6.689	1	30.838	0.182	6	31.038	30.588	1
202202042300	44596.95833	6.752	0.012	6	6.78	6.744	1	30.974	0.03	6	31.039	30.959	1
202202050000	44597	6.741	0.012	6	6.759	6.729	1	30.994	0.01	6	31.009	30.979	1
202202050100	44597.04167	6.599	0.126	6	6.718	6.447	1	30.604	0.446	6	30.969	30.049	1
202202050200	44597.08333	6.203	0.089	6	6.39	6.152	1	28.939	0.352	6	29.729	28.829	1
202202050300	44597.125	6.173	0.103	6	6.252	5.981	1	28.879	0.332	6	29.039	28.179	1
202202050400	44597.16667	5.955	0.031	6	5.998	5.914	1	28.179	0.099	6	28.319	28.079	1
202202050500	44597.20833	5.931	0.112	6	6.037	5.824	1	27.679	0.399	6	27.899	27.009	1
202202050600	44597.25	6.064	0.021	6	6.096	6.037	1	26.884	0.178	6	27.179	26.689	1
202202050700	44597.29167	6.171	0.06	6	6.241	6.083	1	27.829	0.38	6	28.169	27.229	1
202202050800	44597.33333	6.401	0.061	6	6.464	6.317	1	29.369	0.5	6	29.889	28.719	1
202202050900	44597.375	6.485	0.022	6	6.528	6.469	1	30.089	0.137	6	30.309	29.919	1
202202051000	44597.41667	6.521	0.011	6	6.542	6.514	1	30.304	0.067	6	30.349	30.179	1
202202051100	44597.45833	6.544	0.013	6	6.568	6.533	1	30.229	0.02	6	30.249	30.199	1
202202051200	44597.5	6.574	0.007	6	6.58	6.561	1	30.169	0.054	6	30.209	30.069	1
202202051300	44597.54167	6.56	0.015	6	6.574	6.535	1	29.674	0.244	6	30.079	29.449	1
202202051400	44597.58333	6.27	0.116	6	6.522	6.23	1	28.569	0.538	6	29.529	28.079	1
202202051500	44597.625	6.276	0.009	6	6.291	6.266	1	27.729	0.237	6	28.119	27.549	1
202202051600	44597.66667	6.215	0.027	6	6.257	6.181	1	27.084	0.236	6	27.459	26.789	1
202202051700	44597.70833	6.133	0.031	6	6.158	6.072	1	26.534	0.263	6	26.719	25.979	1
202202051800	44597.75	6.075	0.023	6	6.097	6.043	1	25.989	0.18	6	26.129	25.729	1
202202051900	44597.79167	6.126	0.039	6	6.203	6.111	1	26.384	0.284	6	26.919	26.229	1
202202052000	44597.83333	6.21	0.02	6	6.249	6.193	1	26.914	0.129	6	27.159	26.799	1
202202052100	44597.875	6.342	0.129	6	6.566	6.238	1	27.814	1.034	6	29.639	27.019	1
202202052200	44597.91667	6.503	0.049	6	6.538	6.406	1	28.989	0.421	6	29.349	28.279	1
202202052300	44597.95833	6.511	0.015	6	6.532	6.496	1	28.984	0.102	6	29.189	28.909	1
202202060000	44598	6.521	0.012	6	6.546	6.512	1	28.905	0.08	6	29.1	28.89	1
202202060100	44598.04167	6.571	0.012	6	6.593	6.562	1	29.195	0.245	6	29.62	28.9	1
202202060200	44598.08333	6.544	0.013	6	6.568	6.533	1	28.18	0.514	6	28.94	27.67	1
202202060300	44598.125	6.537	0.008	6	6.549	6.526	1	27.405	0.188	6	27.81	27.31	1
202202060400	44598.16667	6.578	0.024	6	6.601	6.536	1	27.93	0.447	6	28.63	27.57	1
202202060500	44598.20833	6.503	0.068	6	6.605	6.442	1	28.44	0.112	6	28.54	28.25	1
202202060600	44598.25	6.404	0.026	6	6.441	6.368	1	28.025	0.196	6	28.34	27.8	1
202202060700	44598.29167	6.477	0.056	6	6.596	6.445	1	28.5	0.36	6	29.31	28.38	1
202202060800	44598.33333	6.608	0.007	6	6.614	6.594	1	29.28	0.128	6	29.49	29.12	1
202202060900	44598.375	6.633	0.015	6	6.662	6.625	1	29.325	0.101	6	29.5	29.23	1
202202061000	44598.41667	6.705	0.042	6	6.74	6.65	1	29.855	0.282	6	30.05	29.46	1
202202061100	44598.45833	6.698	0.007	6	6.713	6.692	1	30.14	0.104	6	30.26	29.98	1
202202061200	44598.5	6.69	0.002	6	6.693	6.688	1	29.82	0.057	6	29.93	29.78	1
202202061300	44598.54167	6.702	0.008	6	6.715	6.69	1	30.1	0.122	6	30.11	29.8	1
202202061400	44598.58333	6.736	0.02	6	6.76	6.714	1	30.07	0.036	6	30.1	30.01	1
202202061500	44598.625	6.76	0.017	6	6.767	6.728	1	29.495	0.326	6	30.02	29.17	1
202202061600	44598.66667	6.732	0.022	6	6.771	6.721	1	29.335	0.097	6	29.4	29.17	1
202202061700	44598.70833	6.655	0.024	6	6.694	6.625	1	29.55	0.048	6	29.63	29.51	1
202202061800	44598.75	6.552	0.036	6	6.582	6.495	1	29.12	0.296	6	29.53	28.8	1
202202061900	44598.79167	6.601	0.018	6	6.621	6.57	1	29.8	0.17	6	29.96	29.54	1
202202062000	44598.83333	6.608	0.009	6	6.625	6.6	1	30.035	0.018	6	30.05	30.01	1
202202062100	44598.875	6.621	0.008	6	6.625	6.603	1	30.175	0.076	6	30.28	30.06	1
202202062200	44598.91667	6.61	0.008	6	6.622	6.601	1	30.28	0.008	6	30.29	30.27	1
202202062300	44598.95833	6.633	0.024	6	6.646	6.593	1	30.4	0.06	6	30.42	30.28	1
202202070000	44599	6.615	0.016	6	6.638	6.594	1	30.39	0.023	6	30.43	30.37	1
202202070100	44599.04167	6.593	0.012	6	6.612	6.584	1	30.421	0.004	6	30.421	30.411	1
202202070200	44599.08333	6.558	0.022	6	6.577	6.518	1	30.411	0.004	6	30.411	30.401	1
202202070300	44599.125	6.493	0.017	6	6.516	6.464	1	30.331	0.055	6	30.401	30.271	1
202202070400	44599.16667	6.45	0.02	6	6.487	6.431	1	30.246	0.069	6	30.301	30.121	1
202202070500	44599.20833	6.418	0.074	6	6.452	6.253	1	30.041	0.659	6	30.201	28.581	1
202202070600	44599.25	6.126	0.042	6	6.205	6.101	1	27.541	0.353	6	28.191	27.311	1
202202070700	44599.29167	6.109	0.009	6	6.118	6.092	1	27.566	0.049	6	27.611	27.491	1
202202070800	44599.33333	6.144	0.023	6	6.16	6.103	1	27.941	0.325	6	28.131	27.371	1
202202070900	44599.375	6.297	0.072	6	6.363	6.207	1	29.116	0.475	6	29.491	28.361	1
202202071000	44599.41667	6.404	0.007	6	6.414	6.397	1	30.186	0.119	6	30.281	29.961	1
202202071100	44599.45833	6.429	0.01	6	6.448	6.423	1	30.136	0.071	6	30.291	30.091	1
202202071200	44599.5	6.467	0.017	6	6.496	6.448	1	30.086	0.021	6	30.121	30.071	1
202202071300	44599.54167	6.506	0.012	6	6.526	6.493	1	30.091	0.01	6	30.101	30.071	1
202202071400	44599.58333	6.469	0.044	6	6.535	6.427	1	29.406	0.394	6	30.081	29.181	1
202202071500	44599.625	6.41	0.05	6	6.471	6.324	1	29.081	0.163	6	29.311	28.911	1
202202071600	44599.66667	6.214	0.033	6	6.27	6.187	1	27.781	0.239	6	28.171	27.491	1
202202071700	44599.70833	6.117	0.027	6	6.16	6.082	1	27.096	0.231	6	27.381	26.761	1
202202071800	44599.75	6.054	0.013	6	6.074	6.038	1	26.371	0.145	6	26.621	26.251	1
202202071900	44599.79167	6.036	0.014	6	6.058	6.021	1	25.936	0.238	6	26.411	25.761	1
202202072000	44599.83333	6.028	0.006	6	6.037	6.023	1	25.816	0.058	6	25.911	25.781	1
202202072100	44599.875	6.056	0.018	6	6.085	6.042	1	26.221	0.26	6	26.631	26.001	1
202202072200	44599.91667	6.189	0.083	6	6.265	6.082	1	27.456	0.699	6	28.101	26.551	1
202202072300	44599.95833	6.298	0.012	6	6.309	6.279	1	28.331	0.081	6	28.461	28.221	1
202202080000	44600	6.336	0.01	6	6.344	6.32	1	28.546	0.087	6	28.671	28.451	1
202202080100	44600.04167	6.354	0.003	6	6.355	6.348	1	28.606	0.05	6	28.681	28.531	1
202202080200	44600.08333	6.358	0.006	6	6.363	6.347	1	28.512	0.066	6	28.602	28.422	1
202202080300	44600.125	6.35	0.022	6	6.371	6.313	1	28.312	0.282	6	28.502	27.752	1
202202080400	44600.16667	6.268	0.005	6	6.28	6.266	1	27.287	0.102	6	27.472	27.202	1
202202080500	44600.20833	6.224	0.02	6	6.269	6.214	1	27.192	0.041	6	27.252	27.152	1
202202080600	44600.25	6.19	0.019	6	6.21	6.168	1	26.812	0.151	6	27.082	26.682	1
202202080700	44600.29167	6.133	0.023	6	6.18	6.119	1	26.232	0.207	6	26.642	26.082	1
202202080800	44600.33333	6.127	0.012	6	6.149	6.122	1	26.242	0.073	6	26.382	26.232	1
202202080900	44600.375	6.21	0.033	6	6.23	6.155	1	26.942	0.277	6	27.092	26.452	1
202202081000	44600.41667	6.266	0.074	6	6.392	6.236	1	27.287	0.602	6	28.292	26.942	1
202202081100	44600.45833	6.435	0.009	6	6.44	6.415	1	28.162	0.218	6	28.492	27.942	1
202202081200	44600.5	6.478	0.043	6	6.529	6.433	1	28.707	0.561	6	29.082	27.872	1
202202081300	44600.54167	6.576	0.033	6	6.615	6.539	1	29.087	0.04	6	29.152	29.052	1
202202081400	44600.58333	6.61	0.027	6	6.644	6.574	1	29.097	0.046	6	29.142	29.042	1
202202081500	44600.625	6.661	0.031	6	6.698	6.602	1	28.952	0.117	6	29.072	28.732	1
202202081600	44600.66667	6.887	0.096	6	7.013	6.718	1	27.972	0.4	6	28.722	27.672	1
202202081700	44600.70833	6.986	0.105	6	7.094	6.842	1	27.302	0.143	6	27.512	27.152	1
202202081800	44600.75	6.598	0.139	6	6.79	6.446	1	27.367	0.135	6	27.432	27.112	1
202202081900	44600.79167	6.402	0.025	6	6.42	6.363	1	26.992	0.061	6	27.062	26.912	1
202202082000	44600.83333	6.351	0.018	6	6.361	6.321	1	26.892	0.091	6	27.022	26.792	1
202202082100	44600.875	6.387	0.016	6	6.417	6.37	1	27.112	0.125	6	27.372	27.022	1
202202082200	44600.91667	6.473	0.007	6	6.478	6.459	1	27.617	0.03	6	27.632	27.552	1
202202082300	44600.95833	6.531	0.033	6	6.557	6.478	1	28.382	0.452	6	28.562	27.582	1
202202090000	44601	6.609	0.038	6	6.656	6.554	1	28.757	0.314	6	29.102	28.272	1
202202090100	44601.04167	6.616	0.016	6	6.652	6.61	1	29.387	0.04	6	29.402	29.302	1
202202090200	44601.08333	6.615	0.002	6	6.617	6.612	1	29.277	0.029	6	29.332	29.252	1
202202090300	44601.125	6.618	0.004	6	6.625	6.614	1	29.218	0.098	6	29.323	29.033	1
202202090400	44601.16667	6.81	0.138	6	6.957	6.631	1	28.173	0.648	6	28.983	27.483	1
202202090500	44601.20833	6.787	0.035	6	6.85	6.746	1	27.433	0.307	6	28.043	27.293	1
202202090600	44601.25	6.657	0.037	6	6.69	6.58	1	27.548	0.115	6	27.743	27.433	1
202202090700	44601.29167	6.526	0.054	6	6.643	6.496	1	27.518	0.048	6	27.603	27.463	1
202202090800	44601.33333	6.417	0.035	6	6.493	6.396	1	27.028	0.161	6	27.393	26.963	1
202202090900	44601.375	6.442	0.016	6	6.459	6.42	1	27.163	0.088	6	27.313	27.103	1
202202091000	44601.41667	6.549	0.223	5	7.003	6.48	4.167	27.323	0.36	5	28.003	27.263	4.167
202202091100	44601.45833	6.592	0.018	6	6.616	6.57	1	27.843	0.037	6	27.893	27.783	1
202202091200	44601.5	6.637	0.023	6	6.669	6.613	1	28.798	0.459	6	29.043	27.833	1
202202091300	44601.54167	6.698	0.012	6	6.702	6.673	1	28.948	0.05	6	29.033	28.923	1
202202091400	44601.58333	6.714	0.015	6	6.731	6.696	1	29.098	0.021	6	29.123	29.073	1
202202091500	44601.625	6.666	0.011	6	6.687	6.659	1	29.013	0.035	6	29.063	28.973	1
202202091600	44601.66667	6.696	0.035	6	6.752	6.653	1	28.938	0.087	6	28.963	28.733	1
202202091700	44601.70833	6.746	0.135	6	6.974	6.639	1	28.339	0.387	6	28.564	27.734	1
202202091800	44601.75	6.606	0.071	6	6.777	6.596	1	27.459	0.147	6	27.654	27.264	1
202202091900	44601.79167	6.558	0.037	6	6.621	6.515	1	27.074	0.134	6	27.244	26.904	1
202202092000	44601.83333	6.495	0.016	6	6.508	6.463	1	26.749	0.114	6	26.824	26.494	1
202202092100	44601.875	6.484	0.01	6	6.498	6.473	1	26.884	0.079	6	26.984	26.754	1
202202092200	44601.91667	6.512	0.023	6	6.554	6.5	1	27.229	0.349	6	27.834	26.994	1
202202092300	44601.95833	6.56	0.024	6	6.616	6.551	1	27.824	0.286	6	28.504	27.764	1
202202100000	44602	6.677	0.029	6	6.736	6.661	1	28.819	0.18	6	29.184	28.724	1
202202100100	44602.04167	6.727	0.012	6	6.737	6.707	1	29.19	0.084	6	29.245	29.025	1
202202100200	44602.08333	6.715	0.008	6	6.73	6.711	1	29.13	0.054	6	29.215	29.075	1
202202100300	44602.125	6.713	0.004	6	6.721	6.711	1	29.085	0.018	6	29.095	29.055	1
202202100400	44602.16667	6.693	0.055	6	6.712	6.575	1	28.97	0.499	6	29.055	27.855	1
202202100500	44602.20833	6.564	0.008	6	6.573	6.552	1	27.8	0.031	6	27.825	27.735	1
202202100600	44602.25	6.54	0.01	6	6.564	6.537	1	27.65	0.048	6	27.735	27.585	1
202202100700	44602.29167	6.501	0.033	6	6.561	6.489	1	27.225	0.169	6	27.435	26.975	1
202202100800	44602.33333	6.461	0.01	6	6.479	6.453	1	26.615	0.143	6	26.885	26.535	1
202202100900	44602.375	6.468	0.016	6	6.49	6.454	1	26.785	0.133	6	26.915	26.625	1
202202101000	44602.41667	6.497	0.003	6	6.5	6.492	1	27.016	0.036	6	27.036	26.936	1
202202101100	44602.45833	6.546	0.008	6	6.553	6.533	1	27.716	0.039	6	27.746	27.646	1
202202101200	44602.5	6.579	0.018	6	6.612	6.563	1	27.826	0.214	6	28.296	27.796	1
202202101300	44602.54167	6.643	0.018	6	6.673	6.629	1	28.576	0.137	6	28.796	28.396	1
202202101400	44602.58333	6.661	0.007	6	6.676	6.658	1	28.681	0.062	6	28.806	28.626	1
202202101500	44602.625	6.657	0.003	6	6.664	6.656	1	28.701	0.012	6	28.716	28.686	1
202202101600	44602.66667	6.623	0.016	6	6.651	6.61	1	28.651	0.05	6	28.706	28.596	1
202202101700	44602.70833	6.563	0.027	6	6.595	6.533	1	28.466	0.181	6	28.626	28.166	1
202202101800	44602.75	6.543	0.025	6	6.574	6.514	1	27.767	0.289	6	28.417	27.667	1
202202101900	44602.79167	6.45	0.032	6	6.508	6.431	1	27.547	0.14	6	27.787	27.387	1
202202102000	44602.83333	6.391	0.02	6	6.429	6.375	1	27.077	0.141	6	27.357	26.937	1
202202102100	44602.875	6.373	0.006	6	6.381	6.366	1	26.707	0.192	6	27.037	26.527	1
202202102200	44602.91667	6.392	0.006	6	6.397	6.383	1	26.937	0.158	6	26.977	26.567	1
202202102300	44602.95833	6.379	0.012	6	6.383	6.356	1	26.992	0.134	6	27.307	26.967	1
202202110000	44603	6.533	0.023	6	6.567	6.51	1	28.737	0.321	6	29.117	28.287	1
202202110100	44603.04167	6.576	0.016	6	6.609	6.562	1	29.372	0.132	6	29.487	29.117	1
202202110200	44603.08333	6.574	0.016	6	6.595	6.549	1	29.417	0.03	6	29.457	29.367	1
202202110300	44603.125	6.592	0.027	6	6.613	6.548	1	29.413	0.021	6	29.438	29.388	1
202202110400	44603.16667	6.611	0.014	6	6.628	6.586	1	29.323	0.043	6	29.398	29.288	1
202202110500	44603.20833	6.573	0.011	6	6.588	6.557	1	29.358	0.023	6	29.368	29.308	1
202202110600	44603.25	6.535	0.023	6	6.557	6.494	1	29.353	0.005	6	29.358	29.348	1
202202110700	44603.29167	6.462	0.025	6	6.502	6.44	1	29.343	0.129	6	29.358	29.068	1
202202110800	44603.33333	6.417	0.02	6	6.435	6.378	1	29.138	0.064	6	29.228	29.058	1
202202110900	44603.375	6.353	0.031	6	6.408	6.333	1	28.963	0.334	6	29.178	28.438	1
202202111000	44603.41667	6.293	0.02	6	6.317	6.264	1	28.053	0.274	6	28.488	27.808	1
202202111100	44603.45833	6.318	0.019	6	6.345	6.294	1	27.429	0.357	6	27.879	27.049	1
202202111200	44603.5	6.368	0.009	6	6.376	6.351	1	27.004	0.076	6	27.119	26.939	1
202202111300	44603.54167	6.373	0.024	6	6.429	6.369	1	27.079	0.078	6	27.229	27.029	1
202202111400	44603.58333	6.431	0.013	6	6.445	6.408	1	27.684	0.191	6	27.929	27.439	1
202202111500	44603.625	6.439	0.007	6	6.45	6.429	1	27.989	0.154	6	28.099	27.709	1
202202111600	44603.66667	6.436	0.018	6	6.449	6.397	1	27.939	0.069	6	27.979	27.799	1
202202111700	44603.70833	6.354	0.021	6	6.39	6.33	1	27.024	0.398	6	27.699	26.589	1
202202111800	44603.75	6.249	0.043	6	6.315	6.207	1	25.939	0.396	6	26.469	25.449	1
202202111900	44603.79167	6.184	0.021	6	6.202	6.149	1	25.389	0.08	6	25.439	25.249	1
202202112000	44603.83333	6.127	0.021	6	6.156	6.109	1	24.915	0.144	6	25.1	24.72	1
202202112100	44603.875	6.114	0.006	6	6.129	6.113	1	24.485	0.104	6	24.66	24.39	1
202202112200	44603.91667	6.081	0.034	6	6.096	6.005	1	24.23	0.075	6	24.36	24.18	1
202202112300	44603.95833	6.055	0.045	6	6.072	5.954	1	24.21	0.126	6	24.42	24.08	1
202202120000	44604	6.066	0.005	6	6.072	6.056	1	24.22	0.096	6	24.37	24.14	1
202202120100	44604.04167	6.022	0.05	6	6.137	6.002	1	24.49	0.286	6	25.17	24.41	1
202202120200	44604.08333	6.17	0.023	6	6.2	6.137	1	25.465	0.201	6	25.83	25.32	1
202202120300	44604.125	6.195	0.056	6	6.214	6.066	1	26.1	0.14	6	26.33	25.96	1
202202120400	44604.16667	6.198	0.065	6	6.223	6.059	1	26.495	0.185	6	26.7	26.21	1
202202120500	44604.20833	6.086	0.063	6	6.151	6.003	1	26.706	0.257	6	26.801	26.241	1
202202120600	44604.25	6.07	0.068	6	6.132	5.932	1	26.801	0.127	6	26.861	26.511	1
202202120700	44604.29167	5.893	0.089	6	5.983	5.729	1	26.431	0.159	6	26.581	26.181	1
202202120800	44604.33333	5.921	0.051	6	5.951	5.812	1	25.451	0.402	6	26.321	25.351	1
202202120900	44604.375	5.794	0.157	6	5.909	5.58	1	25.401	0.142	6	25.601	25.261	1
202202121000	44604.41667	5.819	0.065	6	5.938	5.754	1	25.261	0.139	6	25.321	24.941	1
202202121100	44604.45833	5.959	0.024	6	5.995	5.932	1	24.716	0.134	6	24.931	24.591	1
202202121200	44604.5	6.017	0.027	6	6.052	5.991	1	24.781	0.034	6	24.801	24.721	1
202202121300	44604.54167	6.06	0.01	6	6.077	6.051	1	24.867	0.063	6	24.952	24.802	1
202202121400	44604.58333	6.067	0.02	6	6.084	6.027	1	25.047	0.05	6	25.112	24.982	1
202202121500	44604.625	6.068	0.021	6	6.099	6.05	1	25.432	0.104	6	25.552	25.252	1
202202121600	44604.66667	6.086	0.04	6	6.153	6.05	1	25.662	0.417	6	26.522	25.402	1
202202121700	44604.70833	6.06	0.03	6	6.111	6.035	1	26.097	0.208	6	26.392	25.922	1
202202121800	44604.75	6.08	0.028	6	6.135	6.054	1	26.557	0.15	6	26.682	26.272	1
202202121900	44604.79167	6.048	0.019	6	6.072	6.016	1	26.847	0.103	6	26.902	26.632	1
202202122000	44604.83333	5.901	0.07	6	6.007	5.835	1	26.477	0.184	6	26.802	26.372	1
202202122100	44604.875	5.624	0.11	6	5.802	5.521	1	25.907	0.234	6	26.342	25.772	1
202202122200	44604.91667	5.626	0.149	6	5.788	5.472	1	25.798	0.088	6	25.913	25.673	1
202202122300	44604.95833	5.75	0.03	6	5.807	5.722	1	25.703	0.114	6	25.823	25.493	1
202202130000	44605	5.84	0.012	6	5.854	5.821	1	25.313	0.116	6	25.503	25.183	1
202202130100	44605.04167	5.849	0.017	6	5.859	5.813	1	25.693	0.049	6	25.743	25.623	1
202202130200	44605.08333	5.83	0.004	6	5.834	5.825	1	25.863	0.123	6	26.083	25.763	1
202202130300	44605.125	5.816	0.006	6	5.822	5.806	1	26.103	0.052	6	26.193	26.073	1
202202130400	44605.16667	5.836	0.022	6	5.874	5.807	1	26.363	0.139	6	26.593	26.183	1
202202130500	44605.20833	6.062	0.099	6	6.13	5.881	1	27.443	0.488	6	27.873	26.613	1
202202130600	44605.25	6.176	0.033	6	6.215	6.14	1	28.149	0.191	6	28.354	27.924	1
202202130700	44605.29167	6.119	0.038	6	6.143	6.044	1	28.049	0.127	6	28.154	27.824	1
202202130800	44605.33333	6.047	0.038	6	6.089	5.988	1	27.954	0.197	6	28.184	27.654	1
202202130900	44605.375	5.57	0.363	6	6.085	5.166	1	27.079	0.632	6	28.214	26.524	1
202202131000	44605.41667	5.28	0.087	6	5.417	5.153	1	26.659	0.156	6	26.814	26.374	1
202202131100	44605.45833	5.49	0.116	6	5.752	5.432	1	27.019	0.15	6	27.374	26.974	1
202202131200	44605.5	5.927	0.053	6	5.951	5.813	1	27.229	0.16	6	27.434	26.964	1
202202131300	44605.54167	5.986	0.043	6	6.035	5.924	1	27.074	0.093	6	27.194	26.964	1
202202131400	44605.58333	5.99	0.015	6	6.013	5.975	1	27.259	0.021	6	27.294	27.234	1
202202131500	44605.625	6.09	0.043	6	6.157	6.04	1	27.625	0.252	6	28.045	27.385	1
202202131600	44605.66667	6.076	0.044	6	6.163	6.039	1	27.64	0.243	6	28.165	27.475	1
202202131700	44605.70833	6.173	0.026	6	6.184	6.122	1	28.49	0.128	6	28.555	28.265	1
202202131800	44605.75	6.14	0.006	6	6.15	6.135	1	28.405	0.039	6	28.485	28.375	1
202202131900	44605.79167	6.137	0.006	6	6.149	6.132	1	28.435	0.039	6	28.505	28.385	1
202202132000	44605.83333	6.117	0.01	6	6.129	6.101	1	28.275	0.105	6	28.365	28.085	1
202202132100	44605.875	6.036	0.033	6	6.094	6	1	27.775	0.185	6	28.045	27.545	1
202202132200	44605.91667	5.957	0.011	6	5.962	5.937	1	27.28	0.06	6	27.325	27.185	1
202202132300	44605.95833	5.944	0.02	6	5.986	5.934	1	27.166	0.038	6	27.236	27.156	1
202202140000	44606	6.035	0.026	6	6.064	6.002	1	27.321	0.194	6	27.446	26.926	1
202202140100	44606.04167	5.961	0.037	6	6.044	5.944	1	26.486	0.27	6	27.056	26.306	1
202202140200	44606.08333	5.996	0.029	6	6.033	5.959	1	26.726	0.178	6	26.876	26.446	1
202202140300	44606.125	6.069	0.024	6	6.1	6.04	1	27.036	0.078	6	27.166	26.946	1
202202140400	44606.16667	6.085	0.008	6	6.101	6.081	1	26.911	0.048	6	26.996	26.866	1
202202140500	44606.20833	6.159	0.056	6	6.244	6.118	1	27.186	0.337	6	27.676	26.936	1
202202140600	44606.25	6.255	0.025	6	6.278	6.214	1	27.826	0.243	6	27.956	27.396	1
202202140700	44606.29167	6.298	0.019	6	6.336	6.286	1	27.906	0.058	6	28.006	27.846	1
202202140800	44606.33333	6.331	0.042	6	6.411	6.298	1	27.872	0.141	6	28.137	27.737	1
202202140900	44606.375	6.277	0.02	6	6.307	6.25	1	28.227	0.033	6	28.297	28.207	1
202202141000	44606.41667	6.37	0.077	6	6.502	6.318	1	28.112	0.265	6	28.197	27.627	1
202202141100	44606.45833	6.51	0.058	6	6.635	6.481	1	27.452	0.177	6	27.537	27.057	1
202202141200	44606.5	6.442	0.05	6	6.492	6.379	1	27.917	0.174	6	28.087	27.577	1
202202141300	44606.54167	6.324	0.044	6	6.344	6.243	1	28.052	0.058	6	28.117	27.987	1
202202141400	44606.58333	6.37	0.05	6	6.435	6.306	1	28.127	0.072	6	28.247	28.077	1
202202141500	44606.625	6.446	0.025	6	6.496	6.43	1	28.142	0.046	6	28.197	28.097	1
202202141600	44606.66667	6.437	0.01	6	6.453	6.426	1	28.272	0.075	6	28.287	28.097	1
202202141700	44606.70833	6.436	0.008	6	6.443	6.421	1	28.213	0.079	6	28.298	28.088	1
202202141800	44606.75	6.446	0.011	6	6.463	6.434	1	28.253	0.044	6	28.288	28.168	1
202202141900	44606.79167	6.485	0.022	6	6.527	6.471	1	28.173	0.228	6	28.208	27.638	1
202202142000	44606.83333	6.516	0.005	6	6.521	6.505	1	27.603	0.095	6	27.778	27.548	1
202202142100	44606.875	6.504	0.007	6	6.512	6.491	1	27.868	0.015	6	27.888	27.858	1
202202142200	44606.91667	6.481	0.005	6	6.49	6.477	1	27.863	0.014	6	27.878	27.838	1
202202142300	44606.95833	6.62	0.05	6	6.633	6.502	1	27.633	0.075	6	27.808	27.608	1
202202150000	44607	6.559	0.021	6	6.592	6.54	1	27.763	0.054	6	27.798	27.678	1
202202150100	44607.04167	6.494	0.074	6	6.568	6.369	1	27.914	0.136	6	28.149	27.779	1
202202150200	44607.08333	6.306	0.016	6	6.337	6.295	1	28.284	0.036	6	28.309	28.219	1
202202150300	44607.125	6.306	0.012	6	6.33	6.295	1	28.284	0.033	6	28.299	28.209	1
202202150400	44607.16667	6.361	0.014	6	6.381	6.342	1	28.099	0.059	6	28.159	27.999	1
202202150500	44607.20833	6.381	0.003	6	6.385	6.377	1	28.004	0.015	6	28.029	27.989	1
202202150600	44607.25	6.372	0.011	6	6.387	6.352	1	28.019	0.004	6	28.019	28.009	1
202202150700	44607.29167	6.446	0.017	6	6.454	6.412	1	27.939	0.055	6	27.979	27.829	1
202202150800	44607.33333	6.438	0.007	6	6.447	6.431	1	27.744	0.042	6	27.819	27.699	1
202202150900	44607.375	6.427	0.005	6	6.434	6.42	1	27.864	0.05	6	27.889	27.779	1
202202151000	44607.41667	6.449	0.009	6	6.458	6.436	1	27.825	0.066	6	27.96	27.78	1
202202151100	44607.45833	6.404	0.024	6	6.456	6.394	1	27.975	0.012	6	27.99	27.96	1
202202151200	44607.5	6.428	0.026	6	6.487	6.42	1	28.025	0.019	6	28.05	28	1
202202151300	44607.54167	6.493	0.01	6	6.5	6.476	1	28.03	0.015	6	28.06	28.02	1
202202151400	44607.58333	6.264	0.094	6	6.459	6.229	1	27.67	0.201	6	28.05	27.56	1
202202151500	44607.625	6.248	0.051	6	6.364	6.236	1	27.885	0.04	6	27.91	27.82	1
202202151600	44607.66667	6.434	0.025	6	6.452	6.383	1	27.905	0.022	6	27.93	27.87	1
202202151700	44607.70833	6.478	0.027	6	6.497	6.432	1	27.845	0.045	6	27.91	27.78	1
202202151800	44607.75	6.482	0.01	6	6.488	6.462	1	27.806	0.017	6	27.841	27.791	1
202202151900	44607.79167	6.476	0.008	6	6.487	6.468	1	27.836	0.008	6	27.851	27.831	1
202202152000	44607.83333	6.538	0.033	6	6.571	6.484	1	27.806	0.026	6	27.851	27.781	1
202202152100	44607.875	6.51	0.006	6	6.523	6.508	1	27.846	0.015	6	27.851	27.821	1
202202152200	44607.91667	6.493	0.005	6	6.504	6.491	1	27.841	0.009	6	27.851	27.831	1
202202152300	44607.95833	6.479	0.004	6	6.483	6.473	1	27.781	0.043	6	27.821	27.701	1
202202160000	44608	6.478	0.006	6	6.48	6.466	1	27.621	0.031	6	27.651	27.571	1
202202160100	44608.04167	6.461	0.006	6	6.465	6.448	1	27.656	0.018	6	27.681	27.641	1
202202160200	44608.08333	6.385	0.055	6	6.429	6.279	1	27.811	0.049	6	27.851	27.721	1
202202160300	44608.125	6.271	0.025	6	6.293	6.235	1	27.847	0.059	6	27.882	27.732	1
202202160400	44608.16667	6.323	0.022	6	6.353	6.292	1	27.837	0.021	6	27.872	27.822	1
202202160500	44608.20833	6.393	0.025	6	6.402	6.341	1	27.842	0.014	6	27.862	27.822	1
202202160600	44608.25	6.429	0.028	6	6.479	6.418	1	27.827	0.027	6	27.852	27.792	1
202202160700	44608.29167	6.506	0.022	6	6.519	6.46	1	27.757	0.016	6	27.782	27.742	1
202202160800	44608.33333	6.524	0.02	6	6.554	6.502	1	27.752	0.012	6	27.772	27.742	1
202202160900	44608.375	6.6	0.025	6	6.632	6.566	1	27.752	0.004	6	27.762	27.752	1
202202161000	44608.41667	6.681	0.249	6	7.231	6.634	1	27.747	0.019	6	27.762	27.712	1
202202161100	44608.45833	6.872	0.08	6	6.918	6.703	1	27.522	0.101	6	27.722	27.432	1
202202161200	44608.5	6.96	0.052	6	7.012	6.867	1	27.507	0.024	6	27.552	27.492	1
202202161300	44608.54167	7.093	0.033	6	7.144	7.051	1	27.537	0.027	6	27.562	27.492	1
202202161400	44608.58333	6.749	0.15	6	7.019	6.627	1	27.712	0.105	6	27.822	27.572	1
202202161500	44608.625	6.653	0.022	6	6.681	6.617	1	27.792	0.025	6	27.832	27.762	1
202202161600	44608.66667	6.755	0.031	6	6.785	6.695	1	27.712	0.014	6	27.742	27.702	1
202202161700	44608.70833	6.814	0.027	6	6.853	6.774	1	27.702	0.009	6	27.712	27.692	1
202202161800	44608.75	6.87	0.042	6	6.934	6.821	1	27.712	0.009	6	27.722	27.702	1
202202161900	44608.79167	6.974	0.024	6	7.005	6.944	1	27.717	0.008	6	27.732	27.712	1
202202162000	44608.83333	7.022	0.018	6	7.04	7.002	1	27.757	0.044	6	27.822	27.722	1
202202162100	44608.875	7.074	0.05	6	7.152	7.024	1	27.742	0.078	6	27.782	27.562	1
202202162200	44608.91667	6.889	0.024	6	6.946	6.88	1	27.157	0.101	6	27.362	27.082	1
202202162300	44608.95833	6.881	0.003	6	6.885	6.878	1	27.127	0.034	6	27.182	27.112	1
202202170000	44609	7.255	0.134	6	7.281	6.938	1	27.482	0.193	6	27.572	27.102	1
202202170100	44609.04167	7.306	0.092	6	7.318	7.084	1	27.607	0.053	6	27.622	27.482	1
202202170200	44609.08333	6.967	0.168	6	7.208	6.828	1	27.512	0.052	6	27.612	27.482	1
202202170300	44609.125	6.812	0.012	6	6.83	6.798	1	27.462	0.045	6	27.482	27.362	1
202202170400	44609.16667	6.832	0.009	6	6.851	6.827	1	27.187	0.06	6	27.312	27.142	1
202202170500	44609.20833	6.881	0.018	6	6.883	6.836	1	29.057	0.77	6	29.302	27.262	1
202202170600	44609.25	6.859	0.013	6	6.865	6.832	1	28.807	0.296	6	29.122	28.412	1
202202170700	44609.29167	6.842	0.008	6	6.847	6.828	1	28.362	0.052	6	28.382	28.262	1
202202170800	44609.33333	6.825	0.005	6	6.835	6.819	1	27.872	0.281	6	28.442	27.622	1
202202170900	44609.375	6.841	0.009	6	6.846	6.821	1	27.737	0.174	6	27.972	27.472	1
202202171000	44609.41667	6.86	0.006	6	6.869	6.856	1	28.037	0.085	6	28.132	27.922	1
202202171100	44609.45833	6.889	0.015	6	6.895	6.857	1	27.982	0.094	6	28.082	27.842	1
202202171200	44609.5	6.833	0.011	6	6.856	6.827	1	27.782	0.075	6	27.872	27.692	1
202202171300	44609.54167	6.963	0.062	6	7.022	6.873	1	27.752	0.023	6	27.782	27.712	1
202202171400	44609.58333	6.947	0.027	6	6.987	6.918	1	27.857	0.036	6	27.922	27.812	1
202202171500	44609.625	6.889	0.038	6	6.95	6.848	1	27.837	0.017	6	27.872	27.822	1
202202171600	44609.66667	6.915	0.043	6	6.946	6.839	1	28.087	0.158	6	28.202	27.872	1
202202171700	44609.70833	6.965	0.007	6	6.978	6.957	1	28.527	0.048	6	28.552	28.432	1
202202171800	44609.75	6.961	0.024	6	6.984	6.916	1	29.062	0.385	6	29.152	28.212	1
202202171900	44609.79167	6.904	0.009	6	6.914	6.89	1	28.077	0.064	6	28.152	27.982	1
202202172000	44609.83333	6.903	0.007	6	6.913	6.893	1	28.157	0.06	6	28.202	28.062	1
202202172100	44609.875	6.912	0.003	6	6.916	6.908	1	28.542	0.283	6	28.752	28.102	1
202202172200	44609.91667	6.916	0.01	6	6.924	6.902	1	28.822	0.022	6	28.862	28.802	1
202202172300	44609.95833	6.874	0.011	6	6.892	6.859	1	28.627	0.106	6	28.762	28.462	1
202202180000	44610	6.812	0.024	6	6.851	6.786	1	28.222	0.054	6	28.332	28.172	1
202202180100	44610.04167	6.758	0.02	6	6.782	6.734	1	28.122	0.07	6	28.232	28.062	1
202202180200	44610.08333	6.654	0.036	6	6.72	6.633	1	27.842	0.149	6	28.092	27.712	1
202202180300	44610.125	6.615	0.02	6	6.648	6.599	1	27.692	0.177	6	27.842	27.382	1
202202180400	44610.16667	6.593	0.008	6	6.606	6.584	1	27.072	0.094	6	27.262	27.012	1
202202180500	44610.20833	6.62	0.005	6	6.627	6.611	1	27.217	0.032	6	27.272	27.182	1
202202180600	44610.25	6.634	0.016	6	6.644	6.609	1	27.372	0.121	6	27.492	27.222	1
202202180700	44610.29167	6.652	0.016	6	6.673	6.631	1	27.602	0.128	6	27.732	27.402	1
202202180800	44610.33333	6.7	0.021	6	6.733	6.678	1	27.912	0.123	6	28.072	27.762	1
202202180900	44610.375	6.655	0.041	6	6.735	6.633	1	27.392	0.31	6	28.052	27.292	1
202202181000	44610.41667	6.771	0.052	6	6.82	6.675	1	27.627	0.105	6	27.752	27.452	1
202202181100	44610.45833	6.772	0.025	6	6.824	6.759	1	27.467	0.039	6	27.532	27.442	1
202202181200	44610.5	6.896	0.028	6	6.955	6.876	1	27.427	0.095	6	27.552	27.322	1
202202181300	44610.54167	7	0.015	6	7.018	6.976	1	27.417	0.033	6	27.492	27.402	1
202202181400	44610.58333	6.943	0.058	6	7.043	6.883	1	27.552	0.005	6	27.552	27.542	1
202202181500	44610.625	6.876	0.03	6	6.901	6.821	1	27.562	0.06	6	27.682	27.522	1
202202181600	44610.66667	6.872	0.02	6	6.891	6.834	1	27.771	0.059	6	27.841	27.671	1
202202181700	44610.70833	6.872	0.01	6	6.883	6.858	1	27.871	0.049	6	27.941	27.801	1
202202181800	44610.75	6.86	0.017	6	6.88	6.841	1	27.846	0.093	6	28.001	27.761	1
202202181900	44610.79167	6.868	0.042	6	6.885	6.771	1	27.666	0.24	6	27.991	27.381	1
202202182000	44610.83333	6.777	0.073	6	6.839	6.66	1	27.646	0.143	6	27.781	27.421	1
202202182100	44610.875	6.726	0.054	6	6.791	6.653	1	27.671	0.044	6	27.761	27.641	1
202202182200	44610.91667	6.653	0.022	6	6.671	6.614	1	27.631	0.048	6	27.651	27.521	1
202202182300	44610.95833	6.572	0.021	6	6.599	6.541	1	27.596	0.028	6	27.641	27.571	1
202202190000	44611	6.53	0.023	6	6.558	6.494	1	27.711	0.008	6	27.711	27.691	1
202202190100	44611.04167	6.44	0.08	6	6.529	6.339	1	27.736	0.023	6	27.761	27.711	1
202202190200	44611.08333	6.377	0.028	6	6.429	6.358	1	27.751	0.01	6	27.751	27.731	1
202202190300	44611.125	6.393	0.097	6	6.449	6.176	1	27.721	0.008	6	27.731	27.711	1
202202190400	44611.16667	6.685	0.118	6	6.724	6.423	1	27.411	0.094	6	27.611	27.361	1
202202190500	44611.20833	6.652	0.048	6	6.747	6.615	1	27.471	0.094	6	27.571	27.331	1
202202190600	44611.25	6.653	0.026	6	6.698	6.62	1	28.001	0.308	6	28.281	27.571	1
202202190700	44611.29167	6.679	0.068	6	6.758	6.574	1	27.971	0.154	6	28.161	27.821	1
202202190800	44611.33333	6.834	0.091	6	6.859	6.622	1	27.751	0.089	6	27.861	27.591	1
202202190900	44611.375	6.699	0.052	6	6.81	6.673	1	27.681	0.168	6	28.071	27.601	1
202202191000	44611.41667	6.836	0.015	6	6.862	6.823	1	28.246	0.17	6	28.381	28.001	1
202202191100	44611.45833	6.842	0.031	6	6.913	6.831	1	28.281	0.136	6	28.451	28.081	1
202202191200	44611.5	6.856	0.118	6	6.91	6.596	1	28.231	0.208	6	28.441	27.901	1
202202191300	44611.54167	6.401	0.072	6	6.535	6.342	1	27.781	0.071	6	27.871	27.701	1
202202191400	44611.58333	6.424	0.015	6	6.459	6.416	1	27.706	0.023	6	27.741	27.691	1
202202191500	44611.625	6.583	0.05	6	6.636	6.519	1	27.636	0.037	6	27.681	27.601	1
202202191600	44611.66667	6.68	0.03	6	6.691	6.625	1	27.486	0.066	6	27.611	27.461	1
202202191700	44611.70833	6.688	0.016	6	6.7	6.663	1	27.451	0.031	6	27.521	27.441	1
202202191800	44611.75	6.655	0.02	6	6.702	6.649	1	27.506	0.029	6	27.551	27.471	1
202202191900	44611.79167	6.67	0.013	6	6.693	6.653	1	27.571	0.01	6	27.591	27.561	1
202202192000	44611.83333	6.619	0.026	6	6.656	6.6	1	27.596	0.028	6	27.651	27.571	1
202202192100	44611.875	6.63	0.087	6	6.795	6.588	1	27.591	0.068	6	27.601	27.441	1
202202192200	44611.91667	6.83	0.024	6	6.847	6.789	1	27.431	0.071	6	27.581	27.411	1
202202192300	44611.95833	6.86	0.013	6	6.887	6.853	1	27.781	0.051	6	27.851	27.691	1
202202200000	44612	6.807	0.014	6	6.828	6.787	1	27.501	0.087	6	27.691	27.481	1
202202200100	44612.04167	6.752	0.021	6	6.786	6.728	1	27.506	0.07	6	27.581	27.411	1
202202200200	44612.08333	6.695	0.063	6	6.722	6.586	1	27.461	0.03	6	27.521	27.441	1
202202200300	44612.125	6.431	0.15	6	6.599	6.193	1	27.436	0.036	6	27.491	27.391	1
202202200400	44612.16667	6.181	0.141	6	6.41	6.012	1	27.356	0.036	6	27.401	27.311	1
202202200500	44612.20833	6.433	0.026	6	6.469	6.411	1	27.346	0.028	6	27.371	27.301	1
202202200600	44612.25	6.437	0.005	6	6.442	6.429	1	27.331	0.006	6	27.341	27.321	1
202202200700	44612.29167	6.433	0.006	6	6.441	6.422	1	27.296	0.018	6	27.331	27.291	1
202202200800	44612.33333	6.471	0.02	6	6.496	6.447	1	27.286	0.021	6	27.311	27.261	1
202202200900	44612.375	6.507	0.022	6	6.534	6.47	1	27.241	0.039	6	27.301	27.201	1
202202201000	44612.41667	6.554	0.052	6	6.635	6.502	1	27.186	0.023	6	27.221	27.161	1
202202201100	44612.45833	6.657	0.047	6	6.71	6.586	1	27.141	0.015	6	27.171	27.131	1
202202201200	44612.5	6.72	0.027	6	6.746	6.676	1	27.086	0.091	6	27.161	26.971	1
202202201300	44612.54167	6.646	0.07	6	6.78	6.629	1	26.946	0.048	6	26.971	26.841	1
202202201400	44612.58333	6.682	0.05	6	6.792	6.662	1	26.956	0.073	6	27.031	26.831	1
202202201500	44612.625	6.834	0.028	6	6.864	6.805	1	26.981	0.04	6	27.061	26.961	1
202202201600	44612.66667	6.799	0.025	6	6.834	6.759	1	27.076	0.046	6	27.141	27.011	1
202202201700	44612.70833	6.758	0.009	6	6.776	6.748	1	27.151	0.017	6	27.171	27.121	1
202202201800	44612.75	6.847	0.05	6	6.908	6.78	1	27.176	0.039	6	27.201	27.091	1
202202201900	44612.79167	6.925	0.024	6	6.968	6.906	1	27.166	0.02	6	27.191	27.131	1
202202202000	44612.83333	7.024	0.029	6	7.035	6.957	1	27.181	0.026	6	27.221	27.141	1
202202202100	44612.875	6.986	0.014	6	7.009	6.967	1	27.351	0.102	6	27.401	27.161	1
202202202200	44612.91667	6.958	0.021	6	6.984	6.93	1	27.281	0.065	6	27.371	27.211	1
202202202300	44612.95833	6.962	0.034	6	7.034	6.942	1	27.461	0.27	6	28.051	27.311	1
202202210000	44613	7.082	0.015	6	7.1	7.054	1	28.401	0.119	6	28.451	28.121	1
202202210100	44613.04167	7.037	0.027	6	7.09	7.026	1	28.416	0.031	6	28.461	28.381	1
202202210200	44613.08333	6.916	0.054	6	7.025	6.885	1	27.936	0.287	6	28.431	27.671	1
202202210300	44613.125	6.861	0.043	6	6.919	6.796	1	27.83	0.238	6	27.94	27.41	1
202202210400	44613.16667	6.883	0.05	6	6.9	6.771	1	27.91	0.051	6	27.96	27.82	1
202202210500	44613.20833	6.904	0.035	6	6.951	6.858	1	27.99	0.153	6	28.18	27.87	1
202202210600	44613.25	6.816	0.034	6	6.869	6.782	1	28.555	0.19	6	28.67	28.16	1
202202210700	44613.29167	6.893	0.032	6	6.943	6.864	1	29.75	0.519	6	30.38	29.05	1
202202210800	44613.33333	6.87	0.033	6	6.936	6.843	1	29.905	0.141	6	30.05	29.7	1
202202210900	44613.375	6.82	0.039	6	6.894	6.802	1	29.75	0.162	6	30.05	29.61	1
202202211000	44613.41667	6.771	0.017	6	6.797	6.752	1	29.915	0.091	6	30	29.79	1
202202211100	44613.45833	6.769	0.011	6	6.793	6.76	1	29.885	0.097	6	30.08	29.85	1
202202211200	44613.5	6.956	0.079	6	7.004	6.789	1	30.455	0.264	6	30.61	29.88	1
202202211300	44613.54167	7.023	0.005	6	7.032	7.017	1	30.575	0.047	6	30.67	30.55	1
202202211400	44613.58333	7.05	0.009	6	7.058	7.035	1	30.525	0.059	6	30.56	30.41	1
202202211500	44613.625	7.062	0.013	6	7.087	7.057	1	30.27	0.046	6	30.37	30.25	1
202202211600	44613.66667	6.873	0.061	6	6.958	6.781	1	28.935	0.426	6	29.84	28.69	1
202202211700	44613.70833	6.874	0.013	6	6.894	6.864	1	28.475	0.085	6	28.57	28.33	1
202202211800	44613.75	6.873	0.022	6	6.896	6.854	1	28.36	0.212	6	28.66	28.2	1
202202211900	44613.79167	7.011	0.039	6	7.034	6.943	1	29.885	0.501	6	30.08	28.97	1
202202212000	44613.83333	7.06	0.016	6	7.073	7.03	1	30.225	0.069	6	30.28	30.09	1
202202212100	44613.875	7.085	0.004	6	7.087	7.079	1	30.515	0.034	6	30.56	30.46	1
202202212200	44613.91667	7.087	0.009	6	7.098	7.078	1	30.65	0.102	6	30.79	30.51	1
202202212300	44613.95833	7.054	0.007	6	7.063	7.047	1	30.55	0.063	6	30.63	30.49	1
202202220000	44614	7.028	0.013	6	7.051	7.018	1	30.62	0.005	6	30.62	30.61	1
202202220100	44614.04167	6.987	0.019	6	7.017	6.964	1	30.505	0.074	6	30.62	30.4	1
202202220200	44614.08333	6.878	0.042	6	6.969	6.857	1	30	0.276	6	30.52	29.83	1
202202220300	44614.125	6.725	0.092	6	6.884	6.644	1	29.73	0.172	6	29.94	29.49	1
202202220400	44614.16667	6.483	0.084	6	6.652	6.431	1	29.015	0.278	6	29.61	28.91	1
202202220500	44614.20833	6.406	0.078	6	6.518	6.292	1	28.775	0.485	6	28.93	27.68	1
202202220600	44614.25	6.501	0.028	6	6.544	6.471	1	27.595	0.255	6	27.97	27.34	1
202202220700	44614.29167	6.484	0.027	6	6.518	6.446	1	27.26	0.132	6	27.45	27.12	1
202202220800	44614.33333	6.527	0.006	6	6.534	6.517	1	27.435	0.023	6	27.47	27.4	1
202202220900	44614.375	6.558	0.014	6	6.576	6.54	1	27.41	0.04	6	27.5	27.4	1
202202221000	44614.41667	6.622	0.022	6	6.647	6.583	1	27.6	0.062	6	27.66	27.48	1
202202221100	44614.45833	6.691	0.024	6	6.702	6.636	1	27.825	0.079	6	27.87	27.65	1
202202221200	44614.5	6.577	0.016	6	6.6	6.554	1	27.52	0.044	6	27.62	27.5	1
202202221300	44614.54167	6.662	0.035	6	6.689	6.599	1	27.705	0.068	6	27.72	27.54	1
202202221400	44614.58333	6.733	0.01	6	6.738	6.711	1	27.705	0.016	6	27.72	27.68	1
202202221500	44614.625	6.721	0.014	6	6.747	6.707	1	27.72	0.02	6	27.73	27.68	1
202202221600	44614.66667	6.813	0.015	6	6.827	6.787	1	27.655	0.041	6	27.68	27.57	1
202202221700	44614.70833	6.706	0.044	6	6.794	6.674	1	27.46	0.067	6	27.53	27.38	1
202202221800	44614.75	6.608	0.033	6	6.677	6.581	1	27.17	0.092	6	27.35	27.09	1
202202221900	44614.79167	6.602	0.003	6	6.604	6.595	1	27.2	0.032	6	27.2	27.12	1
202202222000	44614.83333	6.685	0.034	6	6.696	6.605	1	27.665	0.173	6	27.7	27.25	1
202202222100	44614.875	6.871	0.108	6	6.907	6.659	1	28.9	0.667	6	29.05	27.58	1
202202222200	44614.91667	6.924	0.017	6	6.937	6.891	1	29.06	0.091	6	29.16	28.89	1
202202222300	44614.95833	6.971	0.024	6	6.987	6.931	1	29.44	0.135	6	29.5	29.21	1
202202230000	44615	6.978	0.01	6	6.983	6.96	1	29.825	0.092	6	29.92	29.67	1
202202230100	44615.04167	6.929	0.009	6	6.948	6.922	1	29.5	0.078	6	29.66	29.45	1
202202230200	44615.08333	6.92	0.026	6	6.938	6.874	1	29.51	0.012	6	29.52	29.49	1
202202230300	44615.125	6.864	0.109	6	6.882	6.599	1	29.425	0.263	6	29.47	28.79	1
202202230400	44615.16667	6.477	0.045	6	6.573	6.441	1	28.53	0.098	6	28.71	28.41	1
202202230500	44615.20833	6.389	0.044	6	6.46	6.341	1	28.22	0.105	6	28.4	28.13	1
202202230600	44615.25	6.339	0.106	6	6.562	6.306	1	28.15	0.131	6	28.31	27.92	1
202202230700	44615.29167	6.558	0.015	6	6.583	6.542	1	27.785	0.107	6	27.89	27.64	1
202202230800	44615.33333	6.609	0.017	6	6.638	6.59	1	27.915	0.079	6	28.06	27.87	1
202202230900	44615.375	6.686	0.025	6	6.709	6.642	1	28.205	0.066	6	28.23	28.05	1
202202231000	44615.41667	6.727	0.027	6	6.776	6.704	1	28.225	0.063	6	28.38	28.22	1
202202231100	44615.45833	6.848	0.034	6	6.883	6.8	1	28.75	0.27	6	29.19	28.43	1
202202231200	44615.5	6.888	0.011	6	6.904	6.872	1	28.67	0.042	6	28.74	28.64	1
202202231300	44615.54167	6.989	0.048	6	7.057	6.94	1	28.68	0.035	6	28.71	28.62	1
202202231400	44615.58333	7.081	0.021	6	7.111	7.058	1	28.574	0.069	6	28.649	28.479	1
202202231500	44615.625	7.159	0.048	6	7.182	7.058	1	28.319	0.132	6	28.479	28.159	1
202202231600	44615.66667	7.304	0.135	6	7.555	7.224	1	28.059	0.046	6	28.119	27.999	1
202202231700	44615.70833	7.404	0.116	6	7.498	7.166	1	28.059	0.025	6	28.089	28.019	1
202202231800	44615.75	6.903	0.092	6	7.106	6.882	1	27.694	0.167	6	28.009	27.589	1
202202231900	44615.79167	6.781	0.056	6	6.878	6.753	1	27.199	0.245	6	27.639	27.079	1
202202232000	44615.83333	6.708	0.013	6	6.73	6.699	1	27.074	0.039	6	27.159	27.049	1
202202232100	44615.875	6.781	0.017	6	6.787	6.742	1	27.384	0.198	6	27.699	27.189	1
202202232200	44615.91667	6.801	0.009	6	6.814	6.793	1	27.724	0.081	6	27.739	27.559	1
202202232300	44615.95833	6.82	0.01	6	6.829	6.81	1	27.729	0.041	6	27.779	27.679	1
202202240000	44616	6.846	0.008	6	6.856	6.836	1	27.959	0.125	6	28.079	27.779	1
202202240100	44616.04167	6.827	0.009	6	6.839	6.814	1	27.899	0.026	6	27.939	27.869	1
202202240200	44616.08333	6.856	0.008	6	6.865	6.843	1	28.539	0.162	6	28.609	28.189	1
202202240300	44616.125	6.822	0.031	6	6.847	6.76	1	28.504	0.164	6	28.569	28.119	1
202202240400	44616.16667	6.645	0.037	6	6.703	6.596	1	27.609	0.117	6	27.819	27.489	1
202202240500	44616.20833	6.651	0.035	6	6.668	6.59	1	27.729	0.162	6	27.839	27.469	1
202202240600	44616.25	6.747	0.02	6	6.757	6.704	1	27.989	0.05	6	28.049	27.929	1
202202240700	44616.29167	6.747	0.008	6	6.747	6.727	1	27.774	0.08	6	27.919	27.739	1
202202240800	44616.33333	6.759	0.006	6	6.766	6.751	1	27.824	0.042	6	27.849	27.739	1
202202240900	44616.375	6.792	0.026	6	6.837	6.774	1	27.964	0.128	6	28.199	27.899	1
202202241000	44616.41667	6.86	0.019	6	6.884	6.836	1	28.244	0.079	6	28.279	28.089	1
202202241100	44616.45833	6.903	0.017	6	6.915	6.871	1	28.289	0.1	6	28.439	28.159	1
202202241200	44616.5	6.931	0.01	6	6.941	6.916	1	28.344	0.142	6	28.659	28.259	1
202202241300	44616.54167	6.966	0.028	6	6.982	6.918	1	29.144	0.288	6	29.229	28.609	1
202202241400	44616.58333	6.974	0.003	6	6.977	6.968	1	29.229	0.026	6	29.239	29.169	1
202202241500	44616.625	6.961	0.02	6	6.981	6.929	1	29.224	0.024	6	29.239	29.179	1
202202241600	44616.66667	6.908	0.029	6	6.935	6.858	1	29.124	0.177	6	29.179	28.769	1
202202241700	44616.70833	6.8	0.025	6	6.843	6.777	1	28.499	0.132	6	28.719	28.339	1
202202241800	44616.75	6.793	0.018	6	6.8	6.754	1	28.624	0.106	6	28.799	28.559	1
202202241900	44616.79167	6.77	0.033	6	6.79	6.7	1	28.519	0.049	6	28.599	28.459	1
202202242000	44616.83333	6.79	0.014	6	6.805	6.767	1	28.634	0.15	6	28.739	28.409	1
202202242100	44616.875	6.761	0.015	6	6.783	6.745	1	29.094	0.101	6	29.129	28.859	1
202202242200	44616.91667	6.731	0.02	6	6.767	6.713	1	29.094	0.018	6	29.129	29.079	1
202202242300	44616.95833	6.748	0.018	6	6.759	6.716	1	29.329	0.104	6	29.389	29.129	1
202202250000	44617	6.714	0.019	6	6.744	6.693	1	29.339	0.014	6	29.359	29.329	1
202202250100	44617.04167	6.75	0.035	6	6.766	6.671	1	29.559	0.109	6	29.629	29.339	1
202202250200	44617.08333	6.77	0.034	6	6.777	6.7	1	29.639	0.033	6	29.659	29.579	1
202202250300	44617.125	6.622	0.081	6	6.687	6.468	1	29.519	0.101	6	29.569	29.299	1
202202250400	44617.16667	6.079	0.14	6	6.391	6.037	1	28.809	0.152	6	29.179	28.799	1
202202250500	44617.20833	6.056	0.051	6	6.07	5.953	1	28.839	0.038	6	28.859	28.769	1
202202250600	44617.25	6.159	0.121	6	6.195	5.876	1	28.999	0.128	6	29.039	28.699	1
202202250700	44617.29167	6.249	0.047	6	6.28	6.148	1	29.079	0.04	6	29.109	28.999	1
202202250800	44617.33333	6.562	0.122	6	6.587	6.268	1	28.944	0.104	6	29.059	28.789	1
202202250900	44617.375	6.625	0.02	6	6.657	6.613	1	28.784	0.136	6	28.969	28.669	1
202202251000	44617.41667	6.623	0.018	6	6.654	6.605	1	29.349	0.256	6	29.519	28.999	1
202202251100	44617.45833	6.632	0.054	6	6.759	6.622	1	29.634	0.245	6	30.149	29.519	1
202202251200	44617.5	6.821	0.019	6	6.848	6.799	1	30.359	0.053	6	30.419	30.299	1
202202251300	44617.54167	6.862	0.015	6	6.88	6.843	1	30.299	0.026	6	30.319	30.259	1
202202251400	44617.58333	6.878	0.012	6	6.9	6.865	1	30.174	0.032	6	30.229	30.139	1
202202251500	44617.625	6.902	0.02	6	6.93	6.883	1	30.199	0.015	6	30.209	30.169	1
202202251600	44617.66667	6.928	0.025	6	6.946	6.887	1	30.129	0.027	6	30.169	30.099	1
202202251700	44617.70833	6.887	0.046	6	6.939	6.826	1	30.039	0.06	6	30.149	29.989	1
202202251800	44617.75	6.779	0.023	6	6.811	6.752	1	29.759	0.195	6	29.939	29.429	1
202202251900	44617.79167	6.71	0.028	6	6.738	6.66	1	29.069	0.286	6	29.639	28.819	1
202202252000	44617.83333	6.602	0.034	6	6.662	6.586	1	28.214	0.621	6	29.079	27.589	1
202202252100	44617.875	6.555	0.014	6	6.58	6.547	1	27.399	0.081	6	27.489	27.309	1
202202252200	44617.91667	6.551	0.013	6	6.574	6.54	1	27.164	0.129	6	27.379	27.019	1
202202252300	44617.95833	6.568	0.004	6	6.573	6.561	1	27.389	0.03	6	27.449	27.359	1
202202260000	44618	6.679	0.052	6	6.711	6.566	1	28.383	0.408	6	28.728	27.538	1
202202260100	44618.04167	6.734	0.012	6	6.752	6.726	1	28.963	0.162	6	29.258	28.868	1
202202260200	44618.08333	6.747	0.005	6	6.753	6.739	1	29.153	0.035	6	29.208	29.108	1
202202260300	44618.125	6.727	0.036	6	6.75	6.655	1	29.088	0.155	6	29.178	28.788	1
202202260400	44618.16667	6.639	0.017	6	6.656	6.617	1	28.583	0.033	6	28.618	28.538	1
202202260500	44618.20833	6.513	0.056	6	6.643	6.495	1	27.523	0.427	6	28.478	27.348	1
202202260600	44618.25	6.504	0.016	6	6.522	6.477	1	27.343	0.01	6	27.348	27.328	1
202202260700	44618.29167	6.421	0.045	6	6.459	6.342	1	27.323	0.248	6	27.328	26.708	1
202202260800	44618.33333	6.251	0.037	6	6.312	6.207	1	26.053	0.267	6	26.448	25.688	1
202202260900	44618.375	6.218	0.031	6	6.256	6.19	1	25.483	0.133	6	25.748	25.428	1
202202261000	44618.41667	6.235	0.024	6	6.275	6.219	1	25.428	0.093	6	25.548	25.288	1
202202261100	44618.45833	6.36	0.033	6	6.39	6.293	1	25.833	0.117	6	26.018	25.698	1
202202261200	44618.5	6.452	0.053	6	6.505	6.359	1	26.888	0.263	6	26.938	26.258	1
202202261300	44618.54167	6.562	0.024	6	6.581	6.52	1	26.983	0.251	6	27.248	26.708	1
202202261400	44618.58333	6.632	0.045	6	6.703	6.586	1	27.318	0.278	6	27.908	27.188	1
202202261500	44618.625	6.742	0.015	6	6.772	6.733	1	28.173	0.118	6	28.408	28.088	1
202202261600	44618.66667	6.73	0.006	6	6.742	6.724	1	28.158	0.086	6	28.308	28.058	1
202202261700	44618.70833	6.718	0.021	6	6.742	6.687	1	27.878	0.16	6	28.018	27.648	1
202202261800	44618.75	6.634	0.035	6	6.658	6.58	1	27.423	0.373	6	27.558	26.718	1
202202261900	44618.79167	6.533	0.035	6	6.568	6.485	1	26.573	0.084	6	26.618	26.388	1
202202262000	44618.83333	6.414	0.038	6	6.472	6.369	1	26.028	0.259	6	26.298	25.638	1
202202262100	44618.875	6.329	0.02	6	6.357	6.308	1	25.223	0.099	6	25.428	25.158	1
202202262200	44618.91667	6.273	0.022	6	6.291	6.227	1	25.183	0.042	6	25.268	25.158	1
202202262300	44618.95833	6.226	0.039	6	6.291	6.183	1	23.863	0.628	6	25.028	23.328	1
202202270000	44619	6.304	0.074	6	6.403	6.235	1	25.043	0.645	6	25.828	24.398	1
202202270100	44619.04167	6.495	0.037	6	6.527	6.428	1	26.713	0.311	6	26.858	26.038	1
202202270200	44619.08333	6.441	0.058	6	6.534	6.402	1	26.513	0.251	6	26.948	26.378	1
202202270300	44619.125	6.491	0.052	6	6.517	6.374	1	27.153	0.143	6	27.288	26.908	1
202202270400	44619.16667	6.464	0.032	6	6.512	6.417	1	27.243	0.151	6	27.498	27.038	1
202202270500	44619.20833	6.528	0.065	6	6.595	6.434	1	27.583	0.277	6	27.998	27.358	1
202202270600	44619.25	6.457	0.077	6	6.606	6.383	1	27.313	0.368	6	28.048	27.088	1
202202270700	44619.29167	6.425	0.072	6	6.481	6.297	1	27.038	0.479	6	27.298	26.138	1
202202270800	44619.33333	6.205	0.031	6	6.273	6.188	1	25.108	0.439	6	25.968	24.808	1
202202270900	44619.375	6.154	0.017	6	6.195	6.149	1	24.018	0.46	6	24.838	23.638	1
202202271000	44619.41667	6.096	0.018	6	6.133	6.089	1	22.913	0.257	6	23.438	22.748	1
202202271100	44619.45833	6.18	0.05	6	6.282	6.136	1	23.013	0.324	6	23.648	22.808	1
202202271200	44619.5	6.175	0.01	6	6.188	6.16	1	23.023	0.126	6	23.198	22.848	1
202202271300	44619.54167	6.29	0.032	6	6.323	6.231	1	23.238	0.142	6	23.298	22.978	1
202202271400	44619.58333	6.371	0.023	6	6.41	6.345	1	23.958	0.514	6	24.918	23.598	1
202202271500	44619.625	6.52	0.03	6	6.547	6.464	1	26.913	0.324	6	27.148	26.268	1
202202271600	44619.66667	6.564	0.017	6	6.594	6.548	1	25.753	0.683	6	27.278	25.528	1
202202271700	44619.70833	6.641	0.043	6	6.666	6.557	1	27.683	0.793	6	27.978	25.878	1
202202271800	44619.75	6.674	0.057	6	6.707	6.559	1	27.908	0.495	6	28.158	26.868	1
202202271900	44619.79167	6.532	0.033	6	6.596	6.511	1	26.543	0.361	6	27.288	26.398	1
202202272000	44619.83333	6.386	0.058	6	6.481	6.329	1	25.268	0.654	6	26.158	24.468	1
202202272100	44619.875	6.27	0.055	6	6.318	6.185	1	23.883	0.535	6	24.208	22.928	1
202202272200	44619.91667	6.146	0.041	6	6.182	6.075	1	22.378	0.333	6	22.728	21.868	1
202202272300	44619.95833	6.035	0.027	6	6.059	5.991	1	21.898	0.038	6	21.928	21.828	1
202202280000	44620	6.02	0.039	6	6.047	5.946	1	22.198	0.229	6	22.378	21.878	1
202202280100	44620.04167	6.014	0.014	6	6.035	5.997	1	21.938	0.128	6	22.108	21.778	1
202202280200	44620.08333	6.053	0.008	6	6.071	6.049	1	22.483	0.05	6	22.558	22.408	1
202202280300	44620.125	6.019	0.034	6	6.09	5.999	1	22.718	0.324	6	23.428	22.638	1
202202280400	44620.16667	6.099	0.187	6	6.541	6.029	1	23.873	1.162	6	26.638	23.548	1
202202280500	44620.20833	6.105	0.053	6	6.188	6.04	1	24.163	0.338	6	24.708	23.868	1
202202280600	44620.25	6.296	0.071	6	6.418	6.249	1	25.578	0.429	6	26.128	25.068	1
202202280700	44620.29167	6.218	0.044	6	6.308	6.187	1	25.518	0.209	6	25.768	25.338	1
202202280800	44620.33333	6.197	0.101	6	6.271	6.027	1	25.538	0.811	6	25.908	23.938	1
202202280900	44620.375	6.059	0.012	6	6.079	6.05	1	23.883	0.159	6	23.978	23.528	1
202202281000	44620.41667	6.078	0.013	6	6.098	6.061	1	22.723	0.327	6	23.218	22.248	1
202202281100	44620.45833	6.083	0.031	6	6.099	6.026	1	21.732	0.177	6	22.077	21.597	1
202202281200	44620.5	6.114	0.129	6	6.403	6.04	1	21.617	0.188	6	22.057	21.597	1
202202281300	44620.54167	6.072	0.03	6	6.128	6.059	1	22.137	0.098	6	22.247	21.977	1
202202281400	44620.58333	6.204	0.02	6	6.213	6.161	1	22.617	0.419	6	23.147	22.297	1
202202281500	44620.625	6.266	0.048	6	6.313	6.22	1	23.397	0.309	6	23.947	23.197	1
202202281600	44620.66667	6.486	0.099	6	6.511	6.305	1	26.392	1.208	6	26.617	24.067	1
202202281700	44620.70833	6.466	0.032	6	6.488	6.415	1	25.487	0.689	6	25.987	24.347	1
202202281800	44620.75	6.552	0.058	6	6.633	6.488	1	26.582	0.692	6	27.437	25.747	1
202202281900	44620.79167	6.755	0.022	6	6.764	6.708	1	28.137	0.077	6	28.177	27.967	1
202202282000	44620.83333	6.684	0.066	6	6.716	6.553	1	27.797	0.262	6	27.927	27.257	1
202202282100	44620.875	6.492	0.094	6	6.567	6.324	1	26.672	0.681	6	27.017	25.387	1
202202282200	44620.91667	6.226	0.049	6	6.28	6.154	1	24.622	0.477	6	25.067	23.887	1
202202282300	44620.95833	6.057	0.033	6	6.116	6.03	1	22.977	0.318	6	23.577	22.757	1
202203010000	44621	5.998	0.015	6	6.017	5.976	1	22.417	0.091	6	22.587	22.347	1
202203010100	44621.04167	5.956	0.012	6	5.966	5.936	1	22.282	0.102	6	22.467	22.197	1
202203010200	44621.08333	5.957	0.021	6	6.003	5.95	1	22.282	0.182	6	22.707	22.257	1
202203010300	44621.125	6.314	0.167	6	6.452	5.989	1	24.717	1.095	6	25.787	22.657	1
202203010400	44621.16667	6.46	0.013	6	6.474	6.436	1	25.762	0.056	6	25.857	25.717	1
202203010500	44621.20833	6.511	0.033	6	6.558	6.463	1	26.212	0.438	6	27.067	25.777	1
202203010600	44621.25	6.526	0.076	6	6.587	6.396	1	26.707	0.565	6	27.157	25.817	1
202203010700	44621.29167	6.621	0.028	6	6.665	6.59	1	27.282	0.17	6	27.497	27.087	1
202203010800	44621.33333	6.693	0.019	6	6.718	6.673	1	27.552	0.074	6	27.697	27.517	1
202203010900	44621.375	6.577	0.061	6	6.695	6.525	1	26.927	0.375	6	27.567	26.507	1
202203011000	44621.41667	6.4	0.036	6	6.417	6.329	1	25.542	0.286	6	25.787	25.047	1
202203011100	44621.45833	6.222	0.04	6	6.292	6.175	1	23.907	0.483	6	24.667	23.257	1
202203011200	44621.5	6.112	0.034	6	6.146	6.07	1	22.497	0.321	6	22.907	22.197	1
202203011300	44621.54167	6.104	0.015	6	6.127	6.086	1	22.227	0.033	6	22.277	22.187	1
202203011400	44621.58333	6.128	0.03	6	6.165	6.096	1	22.477	0.158	6	22.737	22.297	1
202203011500	44621.625	6.162	0.067	6	6.319	6.143	1	22.817	0.729	6	24.527	22.577	1
202203011600	44621.66667	6.468	0.059	6	6.494	6.34	1	25.752	0.485	6	25.947	24.667	1
202203011700	44621.70833	6.508	0.01	6	6.521	6.491	1	25.947	0.038	6	25.997	25.887	1
202203011800	44621.75	6.633	0.052	6	6.7	6.574	1	26.762	0.329	6	27.157	26.377	1
202203011900	44621.79167	6.759	0.038	6	6.805	6.696	1	27.582	0.191	6	27.747	27.217	1
202203012000	44621.83333	6.768	0.056	6	6.821	6.678	1	27.527	0.277	6	27.797	27.057	1
202203012100	44621.875	6.585	0.102	6	6.655	6.412	1	26.487	0.762	6	26.907	25.087	1
202203012200	44621.91667	6.383	0.021	6	6.412	6.361	1	24.837	0.143	6	25.057	24.727	1
202203012300	44621.95833	6.252	0.04	6	6.315	6.204	1	23.492	0.374	6	24.167	23.147	1
202203020000	44622	6.179	0.024	6	6.211	6.15	1	22.962	0.135	6	23.077	22.747	1
202203020100	44622.04167	6.116	0.02	6	6.132	6.076	1	22.502	0.248	6	22.717	22.007	1
202203020200	44622.08333	6.063	0.022	6	6.099	6.039	1	22.007	0.167	6	22.297	21.837	1
202203020300	44622.125	6.062	0.019	6	6.09	6.042	1	21.912	0.191	6	22.217	21.737	1
202203020400	44622.16667	6.097	0.066	6	6.256	6.089	1	21.892	0.646	6	23.457	21.787	1
202203020500	44622.20833	6.274	0.033	6	6.294	6.213	1	23.542	0.28	6	23.767	23.067	1
202203020600	44622.25	6.307	0.098	6	6.415	6.216	1	23.952	0.731	6	24.747	23.267	1
202203020700	44622.29167	6.413	0.047	6	6.468	6.337	1	24.807	0.345	6	25.317	24.337	1
202203020800	44622.33333	6.448	0.033	6	6.483	6.406	1	25.127	0.267	6	25.437	24.787	1
202203020900	44622.375	6.492	0.043	6	6.527	6.405	1	25.492	0.419	6	25.807	24.647	1
202203021000	44622.41667	6.383	0.248	5	6.9	6.306	4.167	24.397	0.461	5	24.457	23.517	4.167
202203021100	44622.45833	6.261	0.017	6	6.286	6.242	1	22.797	0.297	6	23.017	22.327	1
202203021200	44622.5	6.304	0.027	6	6.346	6.282	1	22.142	0.073	6	22.277	22.077	1
202203021300	44622.54167	6.484	0.073	6	6.567	6.369	1	22.112	0.012	6	22.137	22.107	1
202203021400	44622.58333	6.416	0.166	6	6.666	6.29	1	21.761	0.249	6	22.106	21.546	1
202203021500	44622.625	6.219	0.061	6	6.343	6.189	1	21.586	0.286	6	22.186	21.396	1
202203021600	44622.66667	6.35	0.029	6	6.392	6.31	1	21.376	0.908	6	23.286	20.866	1
202203021700	44622.70833	6.386	0.015	6	6.409	6.369	1	23.731	0.095	6	23.846	23.576	1
202203021800	44622.75	6.492	0.088	6	6.626	6.416	1	24.841	0.885	6	25.936	23.956	1
202203021900	44622.79167	6.495	0.086	6	6.684	6.449	1	24.761	0.632	6	26.216	24.506	1
202203022000	44622.83333	6.627	0.19	6	6.915	6.483	1	25.761	1.351	6	27.726	24.646	1
202203022100	44622.875	6.759	0.124	6	6.869	6.528	1	26.791	0.784	6	27.476	25.306	1
202203022200	44622.91667	6.503	0.063	6	6.548	6.38	1	25.186	0.499	6	25.436	24.136	1
202203022300	44622.95833	6.299	0.03	6	6.342	6.261	1	23.361	0.397	6	23.836	22.746	1
202203030000	44623	6.197	0.038	6	6.246	6.141	1	21.991	0.251	6	22.476	21.806	1
202203030100	44623.04167	6.081	0.029	6	6.124	6.052	1	21.646	0.072	6	21.766	21.556	1
202203030200	44623.08333	5.979	0.031	6	6.033	5.945	1	21.566	0.024	6	21.606	21.546	1
202203030300	44623.125	5.952	0.024	6	5.983	5.919	1	21.216	0.198	6	21.496	20.986	1
202203030400	44623.16667	5.999	0.008	6	6.006	5.983	1	20.276	0.1	6	20.416	20.156	1
202203030500	44623.20833	6.08	0.077	6	6.147	5.98	1	21.115	0.704	6	21.555	20.045	1
202203030600	44623.25	6.087	0.133	6	6.411	6.071	1	21.605	0.942	6	23.785	21.225	1
202203030700	44623.29167	6.034	0.104	6	6.274	6.002	1	21.895	0.482	6	23.005	21.765	1
202203030800	44623.33333	6.109	0.052	6	6.171	6.016	1	22.365	0.258	6	22.485	21.775	1
202203030900	44623.375	6.241	0.06	6	6.288	6.127	1	23.09	0.359	6	23.405	22.505	1
202203031000	44623.41667	6.355	0.037	6	6.396	6.299	1	23.795	0.227	6	24.195	23.565	1
202203031100	44623.45833	6.291	0.038	6	6.328	6.239	1	22.95	0.313	6	23.245	22.315	1
202203031200	44623.5	6.27	0.023	6	6.31	6.251	1	21.165	0.517	6	22.355	21.005	1
202203031300	44623.54167	6.361	0.024	6	6.374	6.317	1	20.67	0.176	6	20.985	20.535	1
202203031400	44623.58333	6.385	0.08	6	6.539	6.325	1	20.365	0.05	6	20.475	20.335	1
202203031500	44623.625	6.29	0.153	6	6.51	6.165	1	20.435	0.061	6	20.495	20.325	1
202203031600	44623.66667	6.231	0.049	6	6.27	6.147	1	19.815	0.394	6	20.325	19.425	1
202203031700	44623.70833	6.312	0.027	6	6.338	6.269	1	22.06	0.574	6	22.435	20.925	1
202203031800	44623.75	6.405	0.1	6	6.542	6.291	1	23.285	1.226	6	24.865	21.715	1
202203031900	44623.79167	6.414	0.077	6	6.514	6.319	1	23.12	0.866	6	24.115	22.075	1
202203032000	44623.83333	6.523	0.017	6	6.545	6.503	1	24.075	0.196	6	24.395	23.885	1
202203032100	44623.875	6.648	0.049	6	6.719	6.605	1	25.644	0.554	6	26.504	24.974	1
202203032200	44623.91667	6.717	0.118	6	6.89	6.569	1	26.889	0.941	6	28.234	25.774	1
202203032300	44623.95833	6.406	0.05	6	6.44	6.322	1	24.794	0.458	6	24.854	23.774	1
202203040000	44624	6.267	0.038	6	6.291	6.191	1	23.119	0.429	6	23.334	22.314	1
202203040100	44624.04167	6.09	0.042	6	6.157	6.05	1	21.184	0.392	6	21.874	20.864	1
202203040200	44624.08333	5.993	0.037	6	6.04	5.939	1	20.624	0.183	6	20.864	20.414	1
202203040300	44624.125	5.877	0.033	6	5.918	5.828	1	20.369	0.023	6	20.384	20.334	1
202203040400	44624.16667	5.854	0.027	6	5.899	5.83	1	20.239	0.093	6	20.314	20.064	1
202203040500	44624.20833	5.893	0.015	6	5.897	5.86	1	20.114	0.144	6	20.354	19.974	1
202203040600	44624.25	6.004	0.056	6	6.033	5.881	1	20.989	0.353	6	21.134	20.164	1
202203040700	44624.29167	6.048	0.198	6	6.431	5.991	1	21.894	1.17	6	24.044	21.154	1
202203040800	44624.33333	6.009	0.022	6	6.058	6	1	21.669	0.092	6	21.884	21.654	1
202203040900	44624.375	6.241	0.1	6	6.357	6.121	1	22.949	0.635	6	23.744	22.194	1
202203041000	44624.41667	6.269	0.084	6	6.426	6.21	1	23.104	0.704	6	24.574	22.754	1
202203041100	44624.45833	6.405	0.061	6	6.438	6.293	1	24.119	0.595	6	24.664	23.104	1
202203041200	44624.5	6.321	0.027	6	6.363	6.284	1	23.003	0.274	6	23.123	22.433	1
202203041300	44624.54167	6.297	0.028	6	6.314	6.251	1	20.998	0.383	6	21.493	20.453	1
202203041400	44624.58333	6.173	0.032	6	6.22	6.144	1	19.908	0.126	6	20.133	19.863	1
202203041500	44624.625	6.255	0.028	6	6.28	6.202	1	19.893	0.034	6	19.933	19.843	1
202203041600	44624.66667	6.113	0.091	6	6.289	6.089	1	20.113	0.339	6	20.643	19.693	1
202203041700	44624.70833	6.129	0.05	6	6.237	6.122	1	19.733	0.73	6	21.393	19.573	1
202203041800	44624.75	6.231	0.064	6	6.383	6.21	1	21.243	0.957	6	23.473	20.933	1
202203041900	44624.79167	6.308	0.111	6	6.44	6.204	1	22.763	1.188	6	24.183	21.673	1
202203042000	44624.83333	6.399	0.089	6	6.451	6.211	1	23.583	0.94	6	24.143	21.703	1
202203042100	44624.875	6.515	0.047	6	6.562	6.463	1	24.818	0.576	6	25.563	24.353	1
202203042200	44624.91667	6.591	0.014	6	6.614	6.576	1	26.058	0.206	6	26.383	25.803	1
202203042300	44624.95833	6.509	0.199	6	6.779	6.329	1	26.233	1.56	6	28.333	24.933	1
202203050000	44625	6.251	0.041	6	6.305	6.197	1	24.318	0.558	6	24.943	23.483	1
202203050100	44625.04167	6.079	0.07	6	6.165	5.999	1	22.283	0.738	6	23.133	21.323	1
202203050200	44625.08333	5.899	0.048	6	5.971	5.851	1	20.603	0.247	6	21.053	20.423	1
202203050300	44625.125	5.797	0.016	6	5.826	5.788	1	20.413	0.042	6	20.463	20.353	1
202203050400	44625.16667	5.709	0.037	6	5.769	5.678	1	20.322	0.127	6	20.352	20.062	1
202203050500	44625.20833	5.751	0.035	6	5.796	5.695	1	20.202	0.146	6	20.492	20.132	1
202203050600	44625.25	5.788	0.06	6	5.933	5.776	1	20.507	0.321	6	21.272	20.442	1
202203050700	44625.29167	5.87	0.2	6	6.356	5.842	1	21.477	1.186	6	24.262	21.092	1
202203050800	44625.33333	5.929	0.052	6	6.054	5.92	1	22.087	0.271	6	22.752	22.082	1
202203050900	44625.375	5.961	0.153	6	6.274	5.925	1	22.212	0.864	6	24.002	22.062	1
202203051000	44625.41667	6.254	0.116	6	6.415	6.092	1	23.597	0.897	6	25.192	22.682	1
202203051100	44625.45833	6.467	0.054	6	6.536	6.401	1	25.882	0.69	6	26.652	24.902	1
202203051200	44625.5	6.288	0.096	6	6.471	6.25	1	23.682	0.186	6	24.082	23.632	1
202203051300	44625.54167	6.241	0.014	6	6.273	6.237	1	22.087	0.748	6	23.022	21.112	1
202203051400	44625.58333	6.178	0.04	6	6.221	6.127	1	20.882	0.298	6	21.012	20.282	1
202203051500	44625.625	6.073	0.009	6	6.084	6.057	1	20.257	0.093	6	20.362	20.122	1
202203051600	44625.66667	6.07	0.021	6	6.104	6.048	1	20.307	0.094	6	20.532	20.282	1
202203051700	44625.70833	5.992	0.022	6	6.006	5.946	1	20.597	0.166	6	20.742	20.342	1
202203051800	44625.75	6.101	0.096	6	6.18	5.958	1	21.852	0.962	6	22.672	20.452	1
202203051900	44625.79167	6.182	0.041	6	6.198	6.095	1	22.766	0.267	6	22.981	22.281	1
202203052000	44625.83333	6.24	0.041	6	6.299	6.174	1	23.661	0.482	6	24.161	22.731	1
202203052100	44625.875	6.385	0.053	6	6.47	6.323	1	25.191	0.542	6	26.061	24.561	1
202203052200	44625.91667	6.553	0.042	6	6.589	6.488	1	27.096	0.527	6	27.511	26.281	1
202203052300	44625.95833	6.632	0.152	6	6.704	6.343	1	28.156	1.261	6	29.021	25.901	1
202203060000	44626	6.158	0.079	6	6.305	6.128	1	24.601	0.606	6	25.671	24.241	1
202203060100	44626.04167	6.091	0.061	6	6.129	5.988	1	23.731	0.593	6	24.381	23.021	1
202203060200	44626.08333	5.888	0.057	6	6.002	5.834	1	22.041	0.413	6	22.951	21.791	1
202203060300	44626.125	5.765	0.028	6	5.818	5.74	1	21.426	0.111	6	21.691	21.401	1
202203060400	44626.16667	5.666	0.033	6	5.727	5.642	1	21.291	0.069	6	21.411	21.221	1
202203060500	44626.20833	5.531	0.044	6	5.586	5.455	1	21.001	0.08	6	21.101	20.891	1
202203060600	44626.25	5.595	0.017	6	5.614	5.568	1	20.056	0.429	6	20.921	19.751	1
202203060700	44626.29167	5.624	0.101	6	5.815	5.591	1	20.081	0.459	6	20.961	19.751	1
202203060800	44626.33333	5.778	0.213	6	6.2	5.749	1	20.901	1.588	6	24.101	20.781	1
202203060900	44626.375	6.109	0.143	6	6.264	5.873	1	23.526	1.108	6	24.691	21.701	1
202203061000	44626.41667	6.206	0.032	6	6.279	6.192	1	24.261	0.28	6	24.861	24.131	1
202203061100	44626.45833	6.251	0.03	6	6.262	6.183	1	24.44	0.2	6	24.57	24.02	1
202203061200	44626.5	6.188	0.056	6	6.321	6.178	1	23.225	0.651	6	24.31	22.36	1
202203061300	44626.54167	6.141	0.035	6	6.211	6.11	1	21.125	0.688	6	22.36	20.56	1
202203061400	44626.58333	5.973	0.045	6	6.064	5.935	1	20.69	0.338	6	21.22	20.46	1
202203061500	44626.625	5.989	0.03	6	6.002	5.932	1	20.46	0.01	6	20.48	20.46	1
202203061600	44626.66667	5.991	0.024	6	6.025	5.962	1	20.48	0.019	6	20.5	20.45	1
202203061700	44626.70833	5.806	0.127	6	6.013	5.686	1	20.32	0.352	6	20.78	19.96	1
202203061800	44626.75	5.682	0.014	6	5.709	5.674	1	19.9	0.105	6	20.1	19.86	1
202203061900	44626.79167	5.959	0.114	6	6.005	5.692	1	21.805	0.766	6	22.14	20.02	1
202203062000	44626.83333	6.026	0.019	6	6.06	6.006	1	22.25	0.119	6	22.52	22.21	1
202203062100	44626.875	6.204	0.088	6	6.355	6.11	1	23.84	0.807	6	25.12	22.92	1
202203062200	44626.91667	6.309	0.067	6	6.377	6.227	1	24.75	0.791	6	26.01	24.13	1
202203062300	44626.95833	6.424	0.044	6	6.502	6.386	1	26.55	0.405	6	27.22	26.11	1
202203070000	44627	6.18	0.154	6	6.407	6.076	1	25.115	1.064	6	26.5	24.16	1
202203070100	44627.04167	6.076	0.053	6	6.085	5.965	1	23.93	0.506	6	24.05	22.87	1
202203070200	44627.08333	5.906	0.082	6	6.001	5.818	1	22.264	0.635	6	22.899	21.449	1
202203070300	44627.125	5.729	0.047	6	5.812	5.686	1	20.954	0.234	6	21.369	20.719	1
202203070400	44627.16667	5.635	0.028	6	5.66	5.582	1	20.469	0.079	6	20.619	20.409	1
202203070500	44627.20833	5.535	0.068	6	5.603	5.443	1	20.439	0.033	6	20.489	20.409	1
202203070600	44627.25	5.566	0.066	6	5.651	5.503	1	20.489	0.2	6	20.769	20.279	1
202203070700	44627.29167	5.612	0.104	6	5.833	5.588	1	20.354	0.546	6	21.529	20.209	1
202203070800	44627.33333	5.819	0.055	6	5.845	5.69	1	21.544	0.385	6	21.799	20.699	1
202203070900	44627.375	6.12	0.076	6	6.212	5.995	1	23.924	0.889	6	24.459	22.309	1
202203071000	44627.41667	6.249	0.123	6	6.343	5.99	1	24.804	1.422	6	25.999	22.379	1
202203071100	44627.45833	6.316	0.065	6	6.397	6.246	1	24.699	1.208	6	26.329	23.079	1
202203071200	44627.5	6.447	0.089	6	6.59	6.368	1	24.959	0.511	6	25.609	24.139	1
202203071300	44627.54167	6.538	0.097	6	6.647	6.358	1	23.794	0.365	6	24.129	23.039	1
202203071400	44627.58333	6.272	0.023	6	6.307	6.247	1	22.229	0.533	6	22.839	21.479	1
202203071500	44627.625	6.193	0.018	6	6.229	6.179	1	20.799	0.208	6	21.239	20.709	1
202203071600	44627.66667	6.08	0.033	6	6.15	6.059	1	20.289	0.126	6	20.599	20.279	1
202203071700	44627.70833	5.956	0.057	6	6.072	5.93	1	20.148	0.101	6	20.308	20.038	1
202203071800	44627.75	5.892	0.057	6	5.998	5.843	1	20.133	0.321	6	20.658	19.818	1
202203071900	44627.79167	5.905	0.039	6	5.996	5.894	1	20.513	0.404	6	21.498	20.488	1
202203072000	44627.83333	5.976	0.019	6	6.009	5.966	1	21.528	0.22	6	21.738	21.178	1
202203072100	44627.875	6.188	0.06	6	6.229	6.073	1	23.653	0.511	6	23.998	22.588	1
202203072200	44627.91667	6.331	0.107	6	6.503	6.263	1	24.763	0.64	6	25.828	24.378	1
202203072300	44627.95833	6.446	0.057	6	6.513	6.362	1	25.878	0.501	6	26.218	25.008	1
202203080000	44628	6.427	0.092	6	6.58	6.34	1	26.518	0.989	6	28.388	25.918	1
202203080100	44628.04167	6.208	0.09	6	6.259	6.045	1	25.218	0.887	6	26.228	23.898	1
202203080200	44628.08333	5.968	0.038	6	6.019	5.906	1	23.038	0.476	6	23.758	22.418	1
202203080300	44628.125	5.821	0.048	6	5.889	5.758	1	21.603	0.408	6	22.178	21.048	1
202203080400	44628.16667	5.688	0.024	6	5.723	5.657	1	20.433	0.21	6	20.748	20.188	1
202203080500	44628.20833	5.589	0.027	6	5.638	5.568	1	19.883	0.106	6	20.138	19.858	1
202203080600	44628.25	5.549	0.033	6	5.575	5.485	1	20.053	0.102	6	20.098	19.868	1
202203080700	44628.29167	5.629	0.021	6	5.648	5.593	1	20.468	0.165	6	20.578	20.168	1
202203080800	44628.33333	5.66	0.045	6	5.727	5.628	1	20.733	0.283	6	21.218	20.548	1
202203080900	44628.375	5.824	0.175	6	6.154	5.789	1	21.957	1.296	6	24.487	21.767	1
202203081000	44628.41667	6.024	0.015	6	6.045	6.002	1	22.947	0.24	6	23.407	22.837	1
202203081100	44628.45833	6.165	0.046	6	6.205	6.091	1	23.847	0.577	6	24.457	23.157	1
202203081200	44628.5	6.279	0.042	6	6.323	6.213	1	23.697	0.288	6	24.197	23.487	1
202203081300	44628.54167	6.265	0.026	6	6.306	6.248	1	23.132	0.405	6	23.307	22.407	1
202203081400	44628.58333	6.242	0.065	6	6.343	6.14	1	22.422	0.246	6	22.667	21.967	1
202203081500	44628.625	6.067	0.035	6	6.112	6.023	1	20.982	0.578	6	21.697	20.207	1
202203081600	44628.66667	5.985	0.002	6	5.987	5.98	1	19.717	0.048	6	19.817	19.687	1
202203081700	44628.70833	5.933	0.025	6	5.973	5.908	1	19.917	0.046	6	19.947	19.837	1
202203081800	44628.75	5.904	0.036	6	5.937	5.842	1	20.017	0.127	6	20.157	19.807	1
202203081900	44628.79167	5.861	0.026	6	5.917	5.843	1	20.252	0.365	6	21.047	19.977	1
202203082000	44628.83333	5.963	0.035	6	5.968	5.893	1	21.342	0.438	6	21.487	20.517	1
202203082100	44628.875	6.124	0.118	6	6.271	5.983	1	23.167	1.19	6	24.507	21.607	1
202203082200	44628.91667	6.047	0.111	6	6.251	5.979	1	22.632	1.031	6	24.437	22.107	1
202203082300	44628.95833	6.243	0.088	6	6.252	6.027	1	24.417	0.223	6	24.477	23.897	1
202203090000	44629	6.26	0.061	6	6.337	6.175	1	25.246	0.487	6	25.816	24.466	1
202203090100	44629.04167	6.148	0.085	6	6.253	6.03	1	25.086	0.397	6	25.746	24.686	1
202203090200	44629.08333	5.927	0.052	6	6.021	5.89	1	23.591	0.573	6	24.596	23.226	1
202203090300	44629.125	5.895	0.026	6	5.939	5.866	1	23.116	0.283	6	23.296	22.556	1
202203090400	44629.16667	5.766	0.055	6	5.839	5.694	1	21.236	0.696	6	22.316	20.556	1
202203090500	44629.20833	5.641	0.028	6	5.683	5.612	1	20.251	0.13	6	20.566	20.226	1
202203090600	44629.25	5.598	0.023	6	5.599	5.549	1	20.226	0.16	6	20.566	20.116	1
202203090700	44629.29167	5.635	0.033	6	5.693	5.604	1	20.601	0.304	6	21.136	20.416	1
202203090800	44629.33333	5.728	0.038	6	5.789	5.7	1	21.296	0.247	6	21.796	21.146	1
202203090900	44629.375	5.848	0.154	6	6.212	5.804	1	22.286	1.391	6	25.546	21.826	1
202203091000	44629.41667	6.095	0.119	6	6.308	6.056	1	23.561	1.543	6	26.386	23.036	1
202203091100	44629.45833	6.263	0.159	5	6.529	6.096	4.167	24.216	1.174	5	25.916	23.266	4.167
202203091200	44629.5	6.277	0.038	6	6.343	6.249	1	25.631	0.702	6	25.836	24.016	1
202203091300	44629.54167	6.441	0.048	6	6.493	6.367	1	26.607	0.362	6	26.777	25.767	1
202203091400	44629.58333	6.658	0.065	6	6.702	6.548	1	25.877	0.732	6	26.437	24.427	1
202203091500	44629.625	6.481	0.066	6	6.611	6.462	1	24.022	0.178	6	24.347	23.927	1
202203091600	44629.66667	6.355	0.044	6	6.399	6.28	1	23.128	0.576	6	23.558	22.038	1
202203091700	44629.70833	6.21	0.024	6	6.254	6.195	1	21.398	0.205	6	21.798	21.308	1
202203091800	44629.75	6.238	0.067	6	6.296	6.137	1	21.364	0.247	6	21.749	21.119	1
202203091900	44629.79167	6.168	0.019	6	6.194	6.143	1	21.464	0.079	6	21.579	21.349	1
202203092000	44629.83333	6.168	0.048	6	6.27	6.145	1	22.044	0.312	6	22.509	21.669	1
202203092100	44629.875	6.2	0.035	6	6.261	6.168	1	22.92	0.517	6	23.74	22.23	1
202203092200	44629.91667	6.351	0.114	6	6.48	6.221	1	25.845	1.403	6	27.52	24.1	1
202203092300	44629.95833	6.375	0.059	6	6.472	6.31	1	25.89	0.608	6	26.8	25	1
202203100000	44630	6.499	0.065	6	6.62	6.471	1	27.106	1.195	6	29.821	26.671	1
202203100100	44630.04167	6.549	0.052	6	6.611	6.477	1	28.001	0.756	6	29.051	27.181	1
202203100200	44630.08333	6.42	0.052	6	6.467	6.323	1	27.617	0.322	6	28.012	27.112	1
202203100300	44630.125	6.246	0.076	6	6.416	6.22	1	25.702	0.781	6	27.402	25.382	1
202203100400	44630.16667	6.156	0.069	6	6.257	6.071	1	24.467	0.85	6	25.642	23.382	1
202203100500	44630.20833	6.019	0.024	6	6.049	5.985	1	22.613	0.258	6	23.023	22.263	1
202203100600	44630.25	5.943	0.027	6	5.973	5.905	1	22.358	0.125	6	22.583	22.303	1
202203100700	44630.29167	5.939	0.015	6	5.965	5.923	1	22.138	0.332	6	22.843	21.973	1
202203100800	44630.33333	5.941	0.041	6	6.035	5.929	1	21.889	0.433	6	22.884	21.864	1
202203100900	44630.375	6.081	0.051	6	6.193	6.061	1	23.259	0.675	6	24.644	23.014	1
202203101000	44630.41667	6.433	0.13	6	6.534	6.218	1	25.795	1.313	6	28.115	25.045	1
202203101100	44630.45833	6.419	0.04	6	6.473	6.374	1	26.885	0.87	6	27.395	25.285	1
202203101200	44630.5	6.615	0.044	6	6.632	6.512	1	29.22	0.567	6	29.505	28.035	1
202203101300	44630.54167	6.661	0.091	6	6.871	6.635	1	29.401	0.64	6	29.806	28.196	1
202203101400	44630.58333	6.746	0.079	6	6.877	6.688	1	27.791	0.335	6	27.986	27.116	1
202203101500	44630.625	6.701	0.059	6	6.8	6.65	1	26.211	0.283	6	26.506	25.846	1
202203101600	44630.66667	6.603	0.02	6	6.643	6.59	1	25.142	0.567	6	25.367	23.967	1
202203101700	44630.70833	6.546	0.026	6	6.576	6.511	1	23.052	0.394	6	23.647	22.587	1
202203101800	44630.75	6.51	0.015	6	6.514	6.482	1	22.453	0.04	6	22.488	22.398	1
202203101900	44630.79167	6.481	0.024	6	6.509	6.444	1	22.538	0.148	6	22.748	22.428	1
202203102000	44630.83333	6.472	0.016	6	6.483	6.444	1	22.208	0.184	6	22.348	21.878	1
202203102100	44630.875	6.476	0.018	6	6.5	6.454	1	22.739	0.207	6	22.939	22.349	1
202203102200	44630.91667	6.497	0.016	6	6.523	6.484	1	23.824	0.361	6	24.039	23.199	1
202203102300	44630.95833	6.51	0.068	6	6.618	6.436	1	25.444	1.424	6	27.579	24.069	1
202203110000	44631	6.557	0.088	6	6.642	6.435	1	27.19	1.236	6	28.25	25.24	1
202203110100	44631.04167	6.471	0.066	6	6.584	6.444	1	26.47	0.885	6	27.74	25.82	1
202203110200	44631.08333	6.466	0.041	6	6.505	6.396	1	26.506	0.516	6	27.131	25.761	1
202203110300	44631.125	6.334	0.031	6	6.375	6.295	1	25.106	0.498	6	25.521	24.431	1
202203110400	44631.16667	6.292	0.02	6	6.324	6.274	1	24.271	0.099	6	24.341	24.101	1
202203110500	44631.20833	6.236	0.02	6	6.259	6.212	1	23.837	0.283	6	24.022	23.232	1
202203110600	44631.25	6.178	0.032	6	6.216	6.134	1	22.892	0.156	6	23.112	22.702	1
202203110700	44631.29167	6.09	0.04	6	6.131	6.021	1	23.327	0.363	6	23.372	22.462	1
202203110800	44631.33333	6.166	0.005	6	6.173	6.161	1	22.003	0.098	6	22.213	21.943	1
202203110900	44631.375	6.251	0.036	6	6.277	6.184	1	22.963	0.447	6	23.113	22.063	1
202203111000	44631.41667	6.329	0.03	6	6.367	6.292	1	23.169	0.285	6	23.684	23.064	1
202203111100	44631.45833	6.541	0.07	6	6.572	6.39	1	25.154	1.191	6	26.784	23.654	1
202203111200	44631.5	6.619	0.031	6	6.675	6.593	1	25.089	0.352	6	25.614	24.604	1
202203111300	44631.54167	6.745	0.058	6	6.865	6.707	1	25.74	0.089	6	25.885	25.665	1
202203111400	44631.58333	6.946	0.124	6	7.021	6.689	1	25.785	0.235	6	26.225	25.585	1
202203111500	44631.625	6.868	0.042	6	6.918	6.819	1	26.66	0.355	6	26.915	26.035	1
202203111600	44631.66667	6.915	0.024	5	6.924	6.866	1	25.486	0.319	5	25.846	25.056	1
202203111700	44631.70833	    NaN 	    NaN 	    NaN 	    NaN 	    NaN 	9	    NaN 	    NaN 	    NaN 	    NaN 	    NaN 	9
202203111800	44631.75	    NaN 	    NaN 	    NaN 	    NaN 	    NaN 	9	    NaN 	    NaN 	    NaN 	    NaN 	    NaN 	9
202203111900	44631.79167	    NaN 	    NaN 	    NaN 	    NaN 	    NaN 	9	    NaN 	    NaN 	    NaN 	    NaN 	    NaN 	9
202203112000	44631.83333	    NaN 	    NaN 	    NaN 	    NaN 	    NaN 	9	    NaN 	    NaN 	    NaN 	    NaN 	    NaN 	9
202203112100	44631.875	    NaN 	    NaN 	    NaN 	    NaN 	    NaN 	9	    NaN 	    NaN 	    NaN 	    NaN 	    NaN 	9
202203112200	44631.91667	    NaN 	    NaN 	    NaN 	    NaN 	    NaN 	9	    NaN 	    NaN 	    NaN 	    NaN 	    NaN 	9
202203112300	44631.95833	    NaN 	    NaN 	    NaN 	    NaN 	    NaN 	9	    NaN 	    NaN 	    NaN 	    NaN 	    NaN 	9
202203120000	44632	    NaN 	    NaN 	    NaN 	    NaN 	    NaN 	9	    NaN 	    NaN 	    NaN 	    NaN 	    NaN 	9
202203120100	44632.04167	    NaN 	    NaN 	    NaN 	    NaN 	    NaN 	9	    NaN 	    NaN 	    NaN 	    NaN 	    NaN 	9
202203120200	44632.08333	    NaN 	    NaN 	    NaN 	    NaN 	    NaN 	9	    NaN 	    NaN 	    NaN 	    NaN 	    NaN 	9
202203120300	44632.125	    NaN 	    NaN 	    NaN 	    NaN 	    NaN 	9	    NaN 	    NaN 	    NaN 	    NaN 	    NaN 	9
202203120400	44632.16667	    NaN 	    NaN 	    NaN 	    NaN 	    NaN 	9	    NaN 	    NaN 	    NaN 	    NaN 	    NaN 	9
202203120500	44632.20833	    NaN 	    NaN 	    NaN 	    NaN 	    NaN 	9	    NaN 	    NaN 	    NaN 	    NaN 	    NaN 	9
202203120600	44632.25	    NaN 	    NaN 	    NaN 	    NaN 	    NaN 	9	    NaN 	    NaN 	    NaN 	    NaN 	    NaN 	9
202203120700	44632.29167	6.574	0	1	6.574	6.574	1	23.561	0	1	23.561	23.561	1
202203120800	44632.33333	6.594	0.005	6	6.601	6.589	1	23.367	0.167	6	23.662	23.222	1
202203120900	44632.375	6.624	0.015	6	6.645	6.605	1	22.982	0.022	6	23.032	22.972	1
202203121000	44632.41667	6.659	0.013	6	6.662	6.633	1	23.793	0.398	6	23.923	23.043	1
202203121100	44632.45833	6.761	0.026	6	6.796	6.724	1	23.993	0.158	6	24.263	23.863	1
202203121200	44632.5	6.784	0.018	6	6.81	6.766	1	24.963	0.859	6	26.543	24.323	1
202203121300	44632.54167	6.798	0.029	6	6.863	6.782	1	27.194	0.266	6	27.404	26.764	1
202203121400	44632.58333	6.846	0.044	6	6.917	6.801	1	28.074	1.197	6	30.154	27.484	1
202203121500	44632.625	6.981	0.029	6	7.031	6.947	1	29.304	0.542	6	30.014	28.724	1
202203121600	44632.66667	7.034	0.018	6	7.059	7.002	1	29.415	0.234	6	29.915	29.305	1
202203121700	44632.70833	7.135	0.012	6	7.156	7.126	1	27.63	0.794	6	28.675	26.845	1
202203121800	44632.75	7.052	0.023	6	7.091	7.025	1	26.101	0.776	6	26.816	25.106	1
202203121900	44632.79167	7.015	0.014	6	7.044	7.009	1	25.296	0.034	6	25.336	25.236	1
202203122000	44632.83333	6.977	0.024	6	7.031	6.969	1	24.851	0.275	6	25.306	24.696	1
202203122100	44632.875	7.046	0.029	6	7.076	6.997	1	25.052	0.212	6	25.307	24.707	1
202203122200	44632.91667	6.909	0.029	6	6.966	6.893	1	24.032	0.248	6	24.477	23.837	1
202203122300	44632.95833	6.891	0.01	6	6.912	6.889	1	23.792	0.234	6	24.327	23.727	1
202203130000	44633	6.896	0.009	6	6.913	6.893	1	24.233	0.085	6	24.358	24.158	1
202203130100	44633.04167	6.907	0.007	6	6.915	6.899	1	24.833	0.188	6	25.068	24.508	1
202203130200	44633.08333	6.95	0.012	6	6.964	6.933	1	26.389	1.063	6	27.789	25.079	1
202203130300	44633.125	6.973	0.019	6	7.001	6.954	1	27.279	0.784	6	27.639	25.569	1
202203130400	44633.16667	6.996	0.02	6	7.031	6.981	1	29.129	0.983	6	29.769	27.509	1
202203130500	44633.20833	7.006	0.013	6	7.023	6.985	1	29.7	0.206	6	29.91	29.32	1
202203130600	44633.25	6.956	0.012	6	6.97	6.945	1	27.935	0.428	6	28.54	27.55	1
202203130700	44633.29167	6.908	0.016	6	6.941	6.901	1	25.94	0.654	6	27.17	25.47	1
202203130800	44633.33333	6.903	0.008	6	6.917	6.895	1	25.081	0.188	6	25.341	24.891	1
202203130900	44633.375	6.926	0.005	6	6.932	6.918	1	25.116	0.033	6	25.151	25.061	1
202203131000	44633.41667	6.955	0.015	6	6.983	6.945	1	25.127	0.137	6	25.242	24.902	1
202203131100	44633.45833	6.972	0.017	6	6.996	6.956	1	24.987	0.111	6	25.192	24.902	1
202203131200	44633.5	7.058	0.027	6	7.089	7.017	1	25.097	0.159	6	25.262	24.942	1
202203131300	44633.54167	7.105	0.02	6	7.121	7.066	1	25.278	0.176	6	25.663	25.213	1
202203131400	44633.58333	7.16	0.049	6	7.231	7.107	1	25.928	0.284	6	26.253	25.463	1
202203131500	44633.625	7.066	0.014	6	7.083	7.049	1	28.283	0.848	6	29.633	26.973	1
202203131600	44633.66667	7.09	0.011	6	7.108	7.078	1	30.014	0.154	6	30.044	29.644	1
202203131700	44633.70833	7.135	0.019	6	7.168	7.117	1	30.279	0.089	6	30.374	30.134	1
202203131800	44633.75	7.307	0.046	6	7.36	7.246	1	27.865	0.862	6	29.175	27.275	1
202203131900	44633.79167	7.299	0.026	6	7.324	7.26	1	27.335	0.252	6	27.695	27.085	1
202203132000	44633.83333	7.238	0.009	6	7.253	7.228	1	26.695	0.11	6	26.865	26.535	1
202203132100	44633.875	7.192	0.01	6	7.214	7.187	1	26.086	0.325	6	26.736	25.816	1
202203132200	44633.91667	7.181	0.013	6	7.2	7.165	1	25.621	0.101	6	25.796	25.546	1
202203132300	44633.95833	7.219	0.231	6	7.653	7.155	1	25.466	0.092	6	25.546	25.306	1
202203140000	44634	7.138	0.02	6	7.159	7.111	1	24.777	0.268	6	25.157	24.467	1
202203140100	44634.04167	7.125	0.013	6	7.147	7.112	1	24.802	0.343	6	25.337	24.457	1
202203140200	44634.08333	7.138	0.009	6	7.141	7.117	1	25.508	0.123	6	25.788	25.458	1
202203140300	44634.125	7.15	0.015	6	7.167	7.131	1	26.548	1.153	6	28.948	25.728	1
202203140400	44634.16667	7.158	0.022	6	7.191	7.134	1	28.023	0.852	6	28.948	26.728	1
202203140500	44634.20833	7.22	0.02	6	7.223	7.179	1	28.984	0.234	6	29.249	28.689	1
202203140600	44634.25	7.227	0.016	6	7.25	7.206	1	29.149	0.317	6	29.249	28.409	1
202203140700	44634.29167	7.235	0.005	6	7.239	7.224	1	28.864	0.069	6	28.979	28.769	1
202203140800	44634.33333	7.194	0.021	6	7.237	7.191	1	28.195	0.481	6	29	27.89	1
202203140900	44634.375	7.184	0.007	6	7.189	7.172	1	27.325	0.219	6	27.76	27.19	1
202203141000	44634.41667	7.221	0.014	6	7.233	7.194	1	26.691	0.37	6	27.171	26.391	1
202203141100	44634.45833	7.425	0.114	6	7.535	7.25	1	26.601	0.263	6	26.981	26.271	1
202203141200	44634.5	7.348	0.036	6	7.414	7.337	1	26.456	0.196	6	26.781	26.241	1
202203141300	44634.54167	7.389	0.099	6	7.499	7.267	1	26.812	0.414	6	27.762	26.662	1
202203141400	44634.58333	7.281	0.004	6	7.286	7.273	1	28.352	0.398	6	28.772	27.932	1
202203141500	44634.625	7.35	0.051	6	7.425	7.3	1	28.652	0.16	6	28.902	28.502	1
202203141600	44634.66667	7.316	0.009	6	7.333	7.31	1	29.343	0.128	6	29.363	29.033	1
202203141700	44634.70833	7.405	0.045	6	7.451	7.342	1	29.698	0.318	6	30.043	29.283	1
202203141800	44634.75	7.453	0.015	6	7.46	7.422	1	30.029	0.09	6	30.124	29.924	1
202203141900	44634.79167	7.443	0.016	6	7.452	7.41	1	30.029	0.025	6	30.054	29.994	1
202203142000	44634.83333	7.405	0.015	6	7.428	7.394	1	29.879	0.091	6	29.994	29.754	1
202203142100	44634.875	7.392	0.072	6	7.475	7.309	1	28.545	0.43	6	29.245	28.235	1
202203142200	44634.91667	7.348	0.091	6	7.474	7.276	1	27.955	0.241	6	28.185	27.545	1
202203142300	44634.95833	7.446	0.127	6	7.596	7.295	1	27.22	0.2	6	27.555	26.985	1
202203150000	44635	7.309	0.032	6	7.346	7.261	1	26.871	0.071	6	26.946	26.766	1
202203150100	44635.04167	7.235	0.008	6	7.243	7.224	1	26.691	0.071	6	26.786	26.586	1
202203150200	44635.08333	7.237	0.011	6	7.252	7.224	1	26.952	0.052	6	26.977	26.837	1
202203150300	44635.125	7.288	0.04	6	7.32	7.216	1	27.612	0.468	6	28.047	26.907	1
202203150400	44635.16667	7.403	0.023	6	7.433	7.364	1	28.477	0.061	6	28.517	28.367	1
202203150500	44635.20833	7.411	0.025	6	7.419	7.355	1	28.793	0.317	6	29.098	28.178	1
202203150600	44635.25	7.444	0.019	6	7.47	7.423	1	29.248	0.138	6	29.568	29.198	1
202203150700	44635.29167	7.434	0.015	6	7.452	7.414	1	29.258	0.139	6	29.398	29.018	1
202203150800	44635.33333	7.405	0.011	6	7.419	7.389	1	28.674	0.11	6	28.869	28.579	1
202203150900	44635.375	7.36	0.032	6	7.418	7.332	1	27.659	0.477	6	28.439	27.179	1
202203151000	44635.41667	7.334	0.005	6	7.341	7.328	1	27.115	0.069	6	27.27	27.09	1
202203151100	44635.45833	7.365	0.021	6	7.398	7.344	1	27.02	0.055	6	27.04	26.89	1
202203151200	44635.5	7.445	0.016	6	7.464	7.416	1	26.645	0.226	6	26.82	26.19	1
202203151300	44635.54167	7.403	0.041	6	7.468	7.361	1	26.166	0.204	6	26.581	26.021	1
202203151400	44635.58333	7.403	0.027	6	7.436	7.366	1	26.501	0.02	6	26.521	26.471	1
202203151500	44635.625	7.463	0.015	6	7.481	7.441	1	26.976	0.382	6	27.431	26.551	1
202203151600	44635.66667	7.461	0.02	6	7.492	7.442	1	28.017	0.166	6	28.082	27.652	1
202203151700	44635.70833	7.526	0.051	6	7.598	7.477	1	28.382	0.277	6	28.682	28.042	1
202203151800	44635.75	7.612	0.015	6	7.633	7.591	1	29.143	0.231	6	29.353	28.683	1
202203151900	44635.79167	7.591	0.005	6	7.6	7.586	1	29.563	0.132	6	29.743	29.433	1
202203152000	44635.83333	7.526	0.027	6	7.569	7.489	1	29.113	0.235	6	29.463	28.753	1
202203152100	44635.875	7.442	0.024	6	7.488	7.427	1	28.039	0.492	6	28.714	27.514	1
202203152200	44635.91667	7.43	0.011	6	7.441	7.412	1	27.449	0.018	6	27.474	27.424	1
202203152300	44635.95833	7.385	0.014	6	7.399	7.358	1	27.344	0.055	6	27.404	27.274	1
202203160000	44636	7.45	0.059	6	7.547	7.385	1	26.65	0.359	6	27.145	26.175	1
202203160100	44636.04167	7.368	0.019	6	7.378	7.333	1	25.875	0.078	6	26.015	25.815	1
202203160200	44636.08333	7.355	0.006	6	7.358	7.343	1	26.071	0.207	6	26.246	25.776	1
202203160300	44636.125	7.36	0.021	6	7.391	7.339	1	26.226	0.014	6	26.236	26.206	1
202203160400	44636.16667	7.432	0.046	6	7.489	7.378	1	27.446	0.341	6	27.616	26.866	1
202203160500	44636.20833	7.469	0.013	6	7.481	7.444	1	27.742	0.05	6	27.827	27.687	1
202203160600	44636.25	7.446	0.017	6	7.48	7.431	1	28.647	0.421	6	28.907	27.937	1
202203160700	44636.29167	7.448	0.027	6	7.496	7.427	1	28.797	0.124	6	29.017	28.737	1
202203160800	44636.33333	7.514	0.019	6	7.548	7.493	1	29.118	0.225	6	29.528	28.908	1
202203160900	44636.375	7.497	0.015	6	7.518	7.477	1	28.498	0.14	6	28.748	28.338	1
202203161000	44636.41667	7.533	0.13	6	7.846	7.507	1	27.774	0.423	6	28.269	27.249	1
202203161100	44636.45833	7.65	0.068	6	7.744	7.564	1	27.244	0.019	6	27.279	27.229	1
202203161200	44636.5	7.92	0.079	6	8.029	7.795	1	27.249	0.005	6	27.249	27.239	1
202203161300	44636.54167	7.939	0.114	6	8.116	7.774	1	26.789	0.292	6	27.189	26.319	1
202203161400	44636.58333	7.614	0.044	6	7.698	7.576	1	25.929	0.166	6	26.199	25.719	1
202203161500	44636.625	7.583	0.022	6	7.632	7.571	1	26.284	0.089	6	26.489	26.239	1
202203161600	44636.66667	7.607	0.021	6	7.645	7.59	1	27.329	0.376	6	27.419	26.489	1
202203161700	44636.70833	7.596	0.009	6	7.608	7.584	1	27.503	0.037	6	27.558	27.468	1
202203161800	44636.75	7.708	0.042	6	7.761	7.638	1	28.588	0.266	6	29.068	28.238	1
202203161900	44636.79167	7.669	0.021	6	7.714	7.659	1	29.403	0.516	6	29.658	28.298	1
202203162000	44636.83333	7.64	0.004	6	7.65	7.639	1	29.723	0.181	6	29.778	29.318	1
202203162100	44636.875	7.631	0.003	6	7.636	7.627	1	28.638	0.244	6	29.048	28.428	1
202203162200	44636.91667	7.614	0.005	6	7.619	7.61	1	27.733	0.368	6	28.408	27.548	1
202203162300	44636.95833	7.612	0.002	6	7.614	7.608	1	27.518	0.022	6	27.558	27.498	1
202203170000	44637	8.119	0.102	6	8.148	7.89	1	26.508	0.164	6	26.888	26.468	1
202203170100	44637.04167	7.872	0.145	6	8.105	7.786	1	26.023	0.327	6	26.568	25.848	1
202203170200	44637.08333	7.71	0.064	6	7.859	7.688	1	25.588	0.276	6	26.068	25.368	1
202203170300	44637.125	7.636	0.023	6	7.681	7.621	1	25.918	0.093	6	25.958	25.698	1
202203170400	44637.16667	7.594	0.026	6	7.65	7.583	1	26.743	0.624	6	27.308	25.868	1
202203170500	44637.20833	7.59	0.005	6	7.594	7.581	1	27.378	0.077	6	27.458	27.258	1
202203170600	44637.25	7.647	0.024	6	7.665	7.602	1	28.483	0.439	6	28.788	27.858	1
202203170700	44637.29167	7.635	0.002	6	7.639	7.632	1	29.318	0.143	6	29.498	29.138	1
202203170800	44637.33333	7.634	0.001	6	7.636	7.632	1	29.728	0.132	6	29.948	29.588	1
202203170900	44637.375	7.661	0.018	6	7.678	7.636	1	29.858	0.078	6	29.958	29.758	1
202203171000	44637.41667	7.751	0.06	6	7.837	7.683	1	29.683	0.04	6	29.718	29.608	1
202203171100	44637.45833	8.009	0.092	6	8.106	7.882	1	28.403	0.615	6	29.548	27.938	1
202203171200	44637.5	8.08	0.051	6	8.17	8.015	1	28.003	0.094	6	28.158	27.898	1
202203171300	44637.54167	8.258	0.115	6	8.478	8.17	1	27.903	0.134	6	28.038	27.718	1
202203171400	44637.58333	8.007	0.117	6	8.24	7.906	1	27.268	0.27	6	27.778	27.118	1
202203171500	44637.625	7.816	0.035	6	7.89	7.796	1	26.563	0.225	6	26.898	26.398	1
202203171600	44637.66667	7.869	0.031	6	7.904	7.824	1	26.973	0.107	6	27.128	26.898	1
202203171700	44637.70833	7.874	0.008	6	7.888	7.864	1	27.833	0.089	6	27.858	27.628	1
202203171800	44637.75	7.897	0.029	6	7.942	7.879	1	28.858	0.357	6	29.418	28.628	1
202203171900	44637.79167	7.949	0.01	6	7.956	7.93	1	29.483	0.045	6	29.558	29.438	1
202203172000	44637.83333	7.891	0.02	6	7.93	7.873	1	29.528	0.07	6	29.628	29.438	1
202203172100	44637.875	7.855	0.016	6	7.876	7.836	1	29.343	0.033	6	29.408	29.318	1
202203172200	44637.91667	7.833	0.02	6	7.837	7.785	1	29.183	0.29	6	29.298	28.588	1
202203172300	44637.95833	7.845	0.145	6	8.015	7.702	1	27.768	0.319	6	28.288	27.368	1
202203180000	44638	7.865	0.072	6	7.988	7.819	1	27.138	0.056	6	27.258	27.098	1
202203180100	44638.04167	7.705	0.067	6	7.822	7.677	1	26.238	0.612	6	27.108	25.558	1
202203180200	44638.08333	7.689	0.011	6	7.701	7.67	1	25.093	0.12	6	25.328	25.038	1
202203180300	44638.125	7.695	0.033	6	7.719	7.637	1	25.103	0.095	6	25.278	24.988	1
202203180400	44638.16667	7.673	0.014	6	7.698	7.658	1	25.493	0.093	6	25.628	25.418	1
202203180500	44638.20833	7.604	0.018	6	7.647	7.599	1	26.543	0.367	6	26.678	25.718	1
202203180600	44638.25	7.611	0.012	6	7.615	7.585	1	26.763	0.647	6	28.098	26.708	1
202203180700	44638.29167	7.592	0.005	6	7.598	7.583	1	28.093	0.244	6	28.628	27.958	1
202203180800	44638.33333	7.604	0.01	6	7.618	7.591	1	28.943	0.259	6	29.108	28.498	1
202203180900	44638.375	7.656	0.03	6	7.676	7.605	1	29.303	0.097	6	29.398	29.118	1
202203181000	44638.41667	7.702	0.025	6	7.755	7.682	1	28.863	0.219	6	29.148	28.478	1
202203181100	44638.45833	7.904	0.069	6	7.96	7.784	1	26.853	0.651	6	28.308	26.748	1
202203181200	44638.5	8.055	0.081	6	8.198	8.001	1	26.813	0.027	6	26.868	26.798	1
202203181300	44638.54167	8.288	0.104	6	8.423	8.148	1	26.883	0.278	6	26.998	26.308	1
202203181400	44638.58333	8.425	0.078	6	8.512	8.297	1	26.283	0.186	6	26.618	26.058	1
202203181500	44638.625	8.296	0.148	6	8.54	8.124	1	25.318	0.253	6	25.878	25.148	1
202203181600	44638.66667	8.012	0.043	6	8.09	7.971	1	25.623	0.172	6	25.738	25.268	1
202203181700	44638.70833	8.048	0.012	6	8.064	8.029	1	26.013	0.285	6	26.408	25.738	1
202203181800	44638.75	7.902	0.069	6	8.032	7.893	1	26.688	0.133	6	26.708	26.428	1
202203181900	44638.79167	7.965	0.065	6	8.093	7.902	1	27.353	0.516	6	28.238	26.668	1
202203182000	44638.83333	8.024	0.079	6	8.08	7.887	1	28.403	0.195	6	28.718	28.138	1
202203182100	44638.875	7.83	0.022	6	7.873	7.813	1	29.018	0.159	6	29.158	28.788	1
202203182200	44638.91667	7.805	0.005	6	7.809	7.798	1	27.978	0.222	6	28.418	27.788	1
202203182300	44638.95833	7.86	0.023	6	7.878	7.813	1	26.418	0.359	6	27.218	26.318	1
202203190000	44639	7.805	0.028	6	7.843	7.767	1	26.323	0.019	6	26.348	26.308	1
202203190100	44639.04167	7.701	0.032	6	7.732	7.65	1	26.318	0.005	6	26.328	26.318	1
202203190200	44639.08333	7.697	0.07	6	7.79	7.622	1	26.038	0.215	6	26.308	25.708	1
202203190300	44639.125	7.72	0.062	6	7.852	7.677	1	25.463	0.152	6	25.698	25.328	1
202203190400	44639.16667	8.06	0.025	6	8.092	8.036	1	24.688	0.086	6	24.758	24.528	1
202203190500	44639.20833	8.012	0.019	6	8.028	7.986	1	24.792	0.069	6	24.887	24.737	1
202203190600	44639.25	7.892	0.061	6	7.964	7.824	1	25.202	0.305	6	25.677	24.907	1
202203190700	44639.29167	7.795	0.007	6	7.811	7.792	1	25.702	0.103	6	25.817	25.537	1
202203190800	44639.33333	7.719	0.019	6	7.759	7.71	1	26.447	0.245	6	26.687	26.017	1
202203190900	44639.375	7.733	0.024	6	7.77	7.719	1	26.782	0.214	6	27.157	26.507	1
202203191000	44639.41667	7.805	0.033	6	7.857	7.76	1	27.022	0.228	6	27.157	26.637	1
202203191100	44639.45833	7.9	0.043	6	7.992	7.885	1	26.402	0.142	6	26.507	26.107	1
202203191200	44639.5	8.152	0.068	6	8.252	8.065	1	25.727	0.079	6	25.877	25.657	1
202203191300	44639.54167	8.465	0.068	6	8.544	8.347	1	25.852	0.092	6	25.937	25.707	1
202203191400	44639.58333	8.496	0.078	6	8.615	8.407	1	25.367	0.294	6	25.887	25.147	1
202203191500	44639.625	8.559	0.108	6	8.76	8.452	1	24.917	0.224	6	25.427	24.827	1
202203191600	44639.66667	8.458	0.114	6	8.686	8.355	1	24.887	0.124	6	25.057	24.697	1
202203191700	44639.70833	8.304	0.043	6	8.322	8.22	1	25.017	0.134	6	25.227	24.917	1
202203191800	44639.75	8.172	0.061	6	8.203	8.043	1	25.322	0.177	6	25.727	25.247	1
202203191900	44639.79167	8.026	0.011	6	8.05	8.018	1	25.752	0.212	6	26.227	25.637	1
202203192000	44639.83333	8.078	0.038	6	8.133	8.016	1	27.072	0.351	6	27.547	26.697	1
202203192100	44639.875	8.006	0.017	6	8.028	7.981	1	27.697	0.113	6	27.767	27.487	1
202203192200	44639.91667	7.895	0.053	6	8.006	7.861	1	27.987	0.268	6	28.257	27.677	1
202203192300	44639.95833	7.878	0.023	6	7.92	7.857	1	27.237	0.407	6	27.427	26.407	1
202203200000	44640	8.021	0.02	6	8.056	8.003	1	25.927	0.089	6	26.117	25.877	1
202203200100	44640.04167	8.055	0.026	6	8.084	8.013	1	25.602	0.172	6	25.847	25.407	1
202203200200	44640.08333	8.068	0.023	6	8.116	8.046	1	25.377	0.133	6	25.417	25.067	1
202203200300	44640.125	8.079	0.037	6	8.093	8.009	1	24.772	0.114	6	25.017	24.727	1
202203200400	44640.16667	7.993	0.055	6	8.064	7.924	1	24.747	0.034	6	24.807	24.717	1
202203200500	44640.20833	8.06	0.019	6	8.084	8.033	1	24.932	0.074	6	25.087	24.897	1
202203200600	44640.25	7.983	0.025	6	8.002	7.932	1	25.132	0.047	6	25.207	25.097	1
202203200700	44640.29167	7.845	0.024	6	7.891	7.833	1	25.702	0.211	6	25.847	25.307	1
202203200800	44640.33333	7.781	0.029	6	7.827	7.751	1	26.082	0.184	6	26.317	25.897	1
202203200900	44640.375	7.798	0.011	6	7.813	7.785	1	26.032	0.073	6	26.127	25.947	1
202203201000	44640.41667	7.806	0.011	6	7.821	7.791	1	26.382	0.085	6	26.497	26.267	1
202203201100	44640.45833	7.822	0.028	6	7.865	7.8	1	26.627	0.152	6	26.787	26.417	1
202203201200	44640.5	7.915	0.044	6	7.986	7.874	1	26.072	0.285	6	26.467	25.837	1
202203201300	44640.54167	7.941	0.012	6	7.949	7.918	1	25.537	0.02	6	25.557	25.507	1
202203201400	44640.58333	7.945	0.036	6	7.99	7.902	1	25.507	0.01	6	25.527	25.497	1
202203201500	44640.625	7.993	0.012	6	8.005	7.973	1	25.452	0.031	6	25.487	25.397	1
202203201600	44640.66667	7.986	0.032	6	7.99	7.911	1	25.162	0.184	6	25.477	25.037	1
202203201700	44640.70833	7.973	0.017	6	7.99	7.945	1	25.102	0.07	6	25.227	25.017	1
202203201800	44640.75	7.881	0.046	6	7.943	7.824	1	25.637	0.502	6	26.377	25.227	1
202203201900	44640.79167	7.797	0.006	6	7.811	7.795	1	26.267	0.177	6	26.577	26.187	1
202203202000	44640.83333	7.69	0.012	6	7.702	7.667	1	27.897	0.397	6	28.367	27.317	1
202203202100	44640.875	7.678	0.027	6	7.713	7.645	1	27.632	0.413	6	28.307	27.247	1
202203202200	44640.91667	7.5	0.065	6	7.638	7.466	1	30.567	1.524	6	30.957	27.607	1
202203202300	44640.95833	7.434	0.026	6	7.463	7.391	1	30.352	0.553	6	30.847	29.497	1
202203210000	44641	7.436	0.041	6	7.502	7.395	1	28.727	0.468	6	29.347	28.067	1
202203210100	44641.04167	7.5	0.013	6	7.525	7.487	1	27.187	0.286	6	27.857	27.097	1
202203210200	44641.08333	7.054	0.157	6	7.42	6.989	1	25.947	0.436	6	26.937	25.907	1
202203210300	44641.125	7.217	0.119	6	7.352	7.082	1	25.952	0.057	6	26.007	25.857	1
202203210400	44641.16667	7.358	0.08	6	7.457	7.252	1	25.527	0.195	6	25.807	25.267	1
202203210500	44641.20833	7.566	0.03	6	7.603	7.519	1	25.137	0.127	6	25.267	25.007	1
202203210600	44641.25	7.553	0.027	6	7.589	7.527	1	25.302	0.061	6	25.377	25.237	1
202203210700	44641.29167	7.567	0.005	6	7.569	7.557	1	26.837	0.36	6	27.007	26.017	1
202203210800	44641.33333	7.562	0.026	6	7.58	7.509	1	27.082	0.547	6	28.387	26.987	1
202203210900	44641.375	7.495	0.054	6	7.585	7.447	1	28.622	0.797	6	29.407	27.467	1
202203211000	44641.41667	7.513	0.032	6	7.575	7.489	1	28.007	0.541	6	28.737	27.437	1
202203211100	44641.45833	7.465	0.111	6	7.724	7.431	1	29.457	0.417	6	30.357	29.217	1
202203211200	44641.5	7.767	0.057	6	7.833	7.675	1	28.557	0.135	6	28.827	28.457	1
202203211300	44641.54167	7.933	0.068	6	8.005	7.82	1	27.187	0.549	6	28.117	26.617	1
202203211400	44641.58333	8.074	0.046	6	8.15	8.038	1	26.412	0.072	6	26.557	26.367	1
202203211500	44641.625	8.446	0.12	6	8.51	8.206	1	26.277	0.177	6	26.467	26.077	1
202203211600	44641.66667	8.129	0.117	6	8.375	8.024	1	26.162	0.201	6	26.447	25.927	1
202203211700	44641.70833	7.924	0.039	6	8.007	7.898	1	25.316	0.273	6	25.906	25.116	1
202203211800	44641.75	7.904	0.017	6	7.932	7.888	1	25.526	0.119	6	25.796	25.476	1
202203211900	44641.79167	7.721	0.078	6	7.896	7.686	1	27.511	0.506	6	27.716	26.366	1
202203212000	44641.83333	7.611	0.046	6	7.71	7.59	1	28.431	0.372	6	28.546	27.576	1
202203212100	44641.875	7.481	0.064	6	7.61	7.437	1	30.266	0.862	6	30.886	28.486	1
202203212200	44641.91667	7.588	0.069	6	7.603	7.448	1	28.911	0.878	6	30.556	28.726	1
202203212300	44641.95833	7.429	0.011	6	7.437	7.407	1	31.006	0.153	6	31.156	30.716	1
202203220000	44642	7.471	0.01	6	7.484	7.452	1	29.236	0.428	6	30.216	29.086	1
202203220100	44642.04167	7.557	0.049	6	7.611	7.479	1	27.581	0.556	6	28.776	27.306	1
202203220200	44642.08333	7.647	0.01	6	7.653	7.627	1	27.191	0.123	6	27.416	27.086	1
202203220300	44642.125	7.647	0.019	6	7.69	7.64	1	26.416	0.207	6	26.896	26.316	1
202203220400	44642.16667	7.675	0.015	6	7.693	7.648	1	25.901	0.132	6	26.096	25.726	1
202203220500	44642.20833	7.687	0.024	6	7.723	7.667	1	25.661	0.263	6	26.026	25.386	1
202203220600	44642.25	7.719	0.008	6	7.727	7.706	1	25.501	0.077	6	25.636	25.396	1
202203220700	44642.29167	7.695	0.035	6	7.704	7.631	1	25.781	0.579	6	26.886	25.706	1
202203220800	44642.33333	7.616	0.016	6	7.651	7.609	1	27.276	0.333	6	27.526	26.606	1
202203220900	44642.375	7.572	0.019	6	7.611	7.558	1	28.291	0.369	6	28.566	27.516	1
202203221000	44642.41667	7.613	0.081	6	7.745	7.538	1	28.381	0.346	6	28.826	27.826	1
202203221100	44642.45833	7.534	0.022	6	7.565	7.511	1	29.386	0.347	6	29.756	28.706	1
202203221200	44642.5	7.783	0.189	6	8.013	7.52	1	29.101	0.591	6	29.876	28.376	1
202203221300	44642.54167	8.082	0.032	6	8.112	8.032	1	27.766	0.328	6	28.156	27.226	1
202203221400	44642.58333	8.256	0.046	6	8.306	8.187	1	26.516	0.067	6	26.656	26.476	1
202203221500	44642.625	8.337	0.055	6	8.403	8.259	1	26.296	0.103	6	26.496	26.196	1
202203221600	44642.66667	8.665	0.182	6	8.826	8.46	1	26.331	0.096	6	26.446	26.186	1
202203221700	44642.70833	8.345	0.067	6	8.44	8.282	1	26.106	0.369	6	26.426	25.506	1
202203221800	44642.75	8.161	0.055	6	8.262	8.116	1	25.601	0.079	6	25.646	25.456	1
202203221900	44642.79167	8.118	0.097	6	8.168	7.897	1	25.801	0.463	6	26.936	25.776	1
202203222000	44642.83333	7.882	0.022	6	7.908	7.852	1	27.191	0.162	6	27.426	26.966	1
202203222100	44642.875	7.823	0.057	6	7.923	7.8	1	27.971	0.49	6	28.936	27.756	1
202203222200	44642.91667	7.61	0.126	6	7.88	7.59	1	30.556	0.739	6	30.746	29.066	1
202203222300	44642.95833	7.717	0.049	6	7.793	7.666	1	29.851	0.481	6	30.476	29.326	1
202203230000	44643	7.618	0.018	6	7.649	7.602	1	30.411	0.578	6	30.946	29.406	1
202203230100	44643.04167	7.657	0.012	6	7.679	7.651	1	28.786	0.337	6	29.046	28.186	1
202203230200	44643.08333	7.823	0.054	6	7.859	7.711	1	27.226	0.226	6	27.776	27.186	1
202203230300	44643.125	7.832	0.023	6	7.85	7.787	1	27.166	0.112	6	27.206	26.906	1
202203230400	44643.16667	7.952	0.057	6	8.029	7.863	1	26.376	0.256	6	26.846	26.106	1
202203230500	44643.20833	7.999	0.024	6	8.017	7.962	1	26.141	0.073	6	26.286	26.096	1
202203230600	44643.25	8.064	0.028	6	8.096	8.017	1	25.861	0.098	6	26.006	25.726	1
202203230700	44643.29167	8.047	0.016	6	8.057	8.015	1	25.886	0.069	6	26.016	25.846	1
202203230800	44643.33333	7.802	0.087	6	8.017	7.796	1	27.356	0.588	6	27.556	26.006	1
202203230900	44643.375	7.793	0.079	6	7.902	7.714	1	27.606	0.577	6	28.556	27.216	1
202203231000	44643.41667	7.734	0.351	4	8.422	7.698	4.333	28.811	0.23	4	28.926	28.406	4.333
202203231100	44643.45833	7.756	0.043	6	7.829	7.704	1	28.786	0.397	6	29.346	28.286	1
202203231200	44643.5	7.909	0.145	6	8.118	7.712	1	29.291	0.358	6	29.696	28.836	1
202203231300	44643.54167	8.392	0.069	6	8.481	8.271	1	28.096	0.206	6	28.576	28.026	1
202203231400	44643.58333	8.42	0.123	6	8.537	8.234	1	27.141	0.507	6	27.996	26.706	1
202203231500	44643.625	8.641	0.033	6	8.661	8.57	1	26.636	0.02	6	26.666	26.616	1
202203231600	44643.66667	8.751	0.27	6	9.255	8.665	1	26.651	0.102	6	26.726	26.466	1
202203231700	44643.70833	8.802	0.094	6	8.927	8.695	1	26.151	0.119	6	26.286	25.976	1
202203231800	44643.75	8.686	0.033	6	8.732	8.646	1	25.921	0.254	6	26.366	25.706	1
202203231900	44643.79167	8.541	0.047	6	8.645	8.512	1	25.851	0.066	6	25.986	25.796	1
202203232000	44643.83333	8.331	0.153	6	8.492	8.17	1	26.461	0.546	6	27.086	25.986	1
202203232100	44643.875	8.116	0.041	6	8.136	8.041	1	27.421	0.27	6	27.946	27.316	1
202203232200	44643.91667	7.977	0.078	6	8.003	7.798	1	28.461	0.772	6	30.266	28.286	1
202203232300	44643.95833	7.96	0.093	6	7.97	7.77	1	28.986	0.838	6	30.586	28.876	1
202203240000	44644	7.817	0.042	6	7.871	7.764	1	30.295	0.275	6	30.605	29.905	1
202203240100	44644.04167	7.835	0.062	6	7.929	7.77	1	29.53	0.798	6	30.515	28.735	1
202203240200	44644.08333	7.896	0.052	6	7.993	7.851	1	28.28	0.451	6	28.815	27.635	1
202203240300	44644.125	8.151	0.031	6	8.175	8.086	1	27.24	0.027	6	27.305	27.235	1
202203240400	44644.16667	8.117	0.085	6	8.254	8.052	1	27.075	0.164	6	27.225	26.815	1
202203240500	44644.20833	8.178	0.054	6	8.292	8.144	1	26.79	0.125	6	26.875	26.585	1
202203240600	44644.25	8.359	0.055	6	8.432	8.27	1	26.395	0.157	6	26.645	26.215	1
202203240700	44644.29167	8.442	0.034	6	8.502	8.425	1	26.14	0.057	6	26.165	26.025	1
202203240800	44644.33333	8.37	0.121	6	8.411	8.089	1	26.29	0.457	6	27.395	26.215	1
202203240900	44644.375	8.07	0.011	6	8.087	8.062	1	27.695	0.146	6	27.795	27.425	1
202203241000	44644.41667	7.96	0.069	6	8.068	7.909	1	28.66	0.609	6	29.175	27.805	1
202203241100	44644.45833	8.053	0.208	6	8.438	7.878	1	28.96	0.606	6	29.495	27.905	1
202203241200	44644.5	7.963	0.041	6	8.023	7.909	1	29.565	0.181	6	29.615	29.135	1
202203241300	44644.54167	8.269	0.346	6	8.73	7.959	1	29.345	0.559	6	29.955	28.565	1
202203241400	44644.58333	8.721	0.112	6	8.829	8.538	1	28.355	0.3	6	28.565	27.695	1
202203241500	44644.625	8.706	0.041	6	8.753	8.646	1	27.165	0.255	6	27.645	27.025	1
202203241600	44644.66667	8.794	0.037	6	8.841	8.755	1	27.02	0.058	6	27.045	26.915	1
202203241700	44644.70833	9.125	0.359	6	9.524	8.821	1	26.805	0.149	6	26.985	26.635	1
202203241800	44644.75	9.092	0.115	6	9.295	8.965	1	26.565	0.114	6	26.725	26.425	1
202203241900	44644.79167	9.099	0.047	6	9.138	9.009	1	26.085	0.172	6	26.495	26.055	1
202203242000	44644.83333	8.929	0.039	6	8.968	8.863	1	26.18	0.082	6	26.305	26.125	1
202203242100	44644.875	8.425	0.166	6	8.82	8.387	1	27.325	0.477	6	27.595	26.325	1
202203242200	44644.91667	8.399	0.049	6	8.451	8.321	1	27.59	0.186	6	28.005	27.525	1
202203242300	44644.95833	8.239	0.058	6	8.331	8.164	1	28.515	0.407	6	29.065	28.075	1
202203250000	44645	8.149	0.069	6	8.207	8.026	1	29.015	0.385	6	29.715	28.685	1
202203250100	44645.04167	7.981	0.034	6	8.042	7.964	1	29.84	0.151	6	30.045	29.675	1
202203250200	44645.08333	8.061	0.039	6	8.114	8	1	28.85	0.322	6	29.435	28.435	1
202203250300	44645.125	8.236	0.091	6	8.372	8.131	1	27.68	0.309	6	28.165	27.375	1
202203250400	44645.16667	8.408	0.031	6	8.443	8.357	1	27.305	0.055	6	27.315	27.185	1
202203250500	44645.20833	8.371	0.047	6	8.425	8.291	1	27.035	0.074	6	27.155	26.955	1
202203250600	44645.25	8.418	0.111	6	8.625	8.3	1	26.845	0.097	6	26.895	26.635	1
202203250700	44645.29167	8.729	0.05	6	8.825	8.679	1	26.475	0.1	6	26.595	26.315	1
202203250800	44645.33333	8.76	0.049	6	8.832	8.714	1	26.46	0.102	6	26.565	26.325	1
202203250900	44645.375	8.679	0.182	6	8.74	8.309	1	26.67	0.501	6	27.775	26.565	1
202203251000	44645.41667	8.336	0.09	6	8.493	8.296	1	27.895	0.146	6	27.965	27.625	1
202203251100	44645.45833	8.211	0.152	6	8.507	8.098	1	28.645	0.5	6	29.345	27.915	1
202203251200	44645.5	8.415	0.252	6	8.626	8.081	1	28.64	0.608	6	29.555	28.175	1
202203251300	44645.54167	8.146	0.129	6	8.387	8.112	1	29.585	0.116	6	29.725	29.455	1
202203251400	44645.58333	8.753	0.163	6	8.947	8.507	1	28.8	0.409	6	29.295	28.195	1
202203251500	44645.625	8.877	0.057	6	8.913	8.762	1	28.06	0.274	6	28.235	27.575	1
202203251600	44645.66667	9.003	0.046	6	9.05	8.917	1	27.11	0.157	6	27.445	27.045	1
202203251700	44645.70833	9.032	0.014	6	9.04	9.003	1	27	0.033	6	27.035	26.945	1
202203251800	44645.75	9.37	0.123	6	9.509	9.181	1	26.954	0.153	6	27.254	26.844	1
202203251900	44645.79167	9.154	0.014	6	9.181	9.141	1	26.974	0.087	6	27.024	26.804	1
202203252000	44645.83333	9.355	0.044	6	9.409	9.299	1	26.314	0.11	6	26.504	26.194	1
202203252100	44645.875	9.218	0.033	6	9.272	9.179	1	26.369	0.074	6	26.544	26.344	1
202203252200	44645.91667	8.764	0.191	6	9.116	8.707	1	27.149	0.382	6	27.364	26.504	1
202203252300	44645.95833	8.644	0.092	6	8.73	8.482	1	27.584	0.332	6	28.274	27.384	1
202203260000	44646	8.449	0.025	6	8.472	8.412	1	28.464	0.149	6	28.704	28.294	1
202203260100	44646.04167	8.369	0.067	6	8.412	8.252	1	28.894	0.255	6	29.344	28.694	1
202203260200	44646.08333	8.253	0.076	6	8.401	8.235	1	29.204	0.278	6	29.384	28.744	1
202203260300	44646.125	8.39	0.053	6	8.411	8.277	1	28.419	0.154	6	28.784	28.384	1
202203260400	44646.16667	8.549	0.111	6	8.723	8.448	1	27.679	0.422	6	28.324	27.284	1
202203260500	44646.20833	8.768	0.052	6	8.797	8.677	1	27.164	0.022	6	27.214	27.154	1
202203260600	44646.25	8.623	0.07	6	8.714	8.555	1	27.114	0.094	6	27.194	26.934	1
202203260700	44646.29167	8.713	0.032	6	8.76	8.672	1	27.054	0.086	6	27.204	26.984	1
202203260800	44646.33333	8.955	0.106	6	9.04	8.785	1	26.729	0.173	6	26.974	26.554	1
202203260900	44646.375	8.906	0.052	6	9.02	8.884	1	26.719	0.082	6	26.804	26.584	1
202203261000	44646.41667	8.871	0.167	6	8.98	8.617	1	26.934	0.378	6	27.544	26.704	1
202203261100	44646.45833	8.716	0.086	6	8.875	8.653	1	27.494	0.164	6	27.734	27.244	1
202203261200	44646.5	8.413	0.134	6	8.67	8.344	1	28.819	0.349	6	29.044	28.154	1
202203261300	44646.54167	8.328	0.124	6	8.567	8.235	1	29.354	0.27	6	29.654	28.954	1
202203261400	44646.58333	8.375	0.125	6	8.592	8.276	1	29.434	0.217	6	29.924	29.314	1
202203261500	44646.625	8.926	0.066	6	9.046	8.859	1	28.614	0.148	6	28.954	28.544	1
202203261600	44646.66667	8.953	0.127	6	9.111	8.81	1	28.049	0.39	6	28.554	27.604	1
202203261700	44646.70833	9.18	0.025	6	9.195	9.132	1	27.279	0.119	6	27.554	27.254	1
202203261800	44646.75	9.192	0.09	6	9.4	9.161	1	27.254	0.033	6	27.264	27.174	1
202203261900	44646.79167	9.589	0.095	6	9.663	9.395	1	27.074	0.093	6	27.194	26.974	1
202203262000	44646.83333	9.535	0.089	6	9.605	9.388	1	26.704	0.208	6	27.024	26.534	1
202203262100	44646.875	9.609	0.103	6	9.652	9.397	1	26.454	0.278	6	26.974	26.334	1
202203262200	44646.91667	9.494	0.068	6	9.635	9.487	1	26.534	0.082	6	26.554	26.354	1
202203262300	44646.95833	9.471	0.153	6	9.5	9.104	1	26.569	0.232	6	27.124	26.524	1
202203270000	44647	9.016	0.044	6	9.082	8.946	1	27.269	0.095	6	27.464	27.184	1
202203270100	44647.04167	8.85	0.084	6	8.889	8.663	1	27.679	0.338	6	28.484	27.604	1
202203270200	44647.08333	8.62	0.02	6	8.656	8.602	1	28.644	0.074	6	28.744	28.554	1
202203270300	44647.125	8.599	0.03	6	8.652	8.573	1	28.734	0.18	6	28.994	28.484	1
202203270400	44647.16667	8.605	0.045	6	8.676	8.58	1	28.664	0.283	6	28.914	28.204	1
202203270500	44647.20833	8.727	0.053	6	8.816	8.691	1	27.949	0.247	6	28.174	27.554	1
202203270600	44647.25	9.087	0.107	6	9.219	8.93	1	26.964	0.153	6	27.214	26.794	1
202203270700	44647.29167	9.27	0.013	6	9.292	9.256	1	26.759	0.012	6	26.774	26.744	1
202203270800	44647.33333	9.295	0.016	6	9.324	9.276	1	26.759	0.041	6	26.834	26.744	1
202203270900	44647.375	9.347	0.104	6	9.441	9.155	1	26.809	0.184	6	27.214	26.714	1
202203271000	44647.41667	9.381	0.037	6	9.425	9.349	1	26.699	0.115	6	26.934	26.634	1
202203271100	44647.45833	9.388	0.123	6	9.412	9.093	1	26.784	0.202	6	27.214	26.664	1
202203271200	44647.5	9.044	0.059	6	9.12	8.97	1	27.489	0.08	6	27.594	27.374	1
202203271300	44647.54167	8.99	0.201	6	9.189	8.712	1	27.783	0.483	6	28.493	27.363	1
202203271400	44647.58333	8.74	0.137	6	8.948	8.637	1	28.583	0.279	6	29.033	28.283	1
202203271500	44647.625	8.585	0.04	6	8.648	8.548	1	29.398	0.072	6	29.453	29.263	1
202203271600	44647.66667	8.63	0.13	6	8.878	8.539	1	29.598	0.32	6	29.813	28.963	1
202203271700	44647.70833	8.866	0.094	6	9.059	8.827	1	28.713	0.334	6	28.873	28.053	1
202203271800	44647.75	9.18	0.017	6	9.196	9.146	1	27.703	0.098	6	27.873	27.613	1
202203271900	44647.79167	9.152	0.03	6	9.172	9.098	1	27.558	0.038	6	27.613	27.503	1
202203272000	44647.83333	9.269	0.127	6	9.409	9.073	1	27.453	0.236	6	27.633	27.063	1
202203272100	44647.875	9.572	0.066	6	9.593	9.42	1	26.848	0.09	6	27.053	26.813	1
202203272200	44647.91667	9.72	0.136	6	9.877	9.551	1	26.603	0.163	6	26.813	26.423	1
202203272300	44647.95833	9.877	0.029	6	9.915	9.846	1	26.398	0.043	6	26.473	26.373	1
202203280000	44648	9.713	0.047	6	9.762	9.629	1	26.563	0.03	6	26.603	26.523	1
202203280100	44648.04167	9.274	0.21	6	9.633	9.193	1	27.038	0.313	6	27.223	26.533	1
202203280200	44648.08333	9.188	0.049	6	9.294	9.179	1	27.258	0.133	6	27.333	26.993	1
202203280300	44648.125	8.965	0.077	6	9.13	8.933	1	28.183	0.352	6	28.423	27.453	1
202203280400	44648.16667	8.807	0.061	6	8.939	8.776	1	28.953	0.303	6	29.093	28.303	1
202203280500	44648.20833	8.866	0.035	6	8.902	8.812	1	28.633	0.167	6	28.923	28.553	1
202203280600	44648.25	8.958	0.089	6	9.052	8.827	1	28.223	0.385	6	28.893	27.893	1
202203280700	44648.29167	9.072	0.013	6	9.096	9.059	1	27.763	0.069	6	27.893	27.683	1
202203280800	44648.33333	9.357	0.062	6	9.412	9.249	1	26.988	0.139	6	27.253	26.893	1
202203280900	44648.375	9.486	0.043	6	9.528	9.423	1	26.738	0.1	6	26.893	26.663	1
202203281000	44648.41667	9.609	0.017	6	9.623	9.575	1	26.528	0.039	6	26.603	26.493	1
202203281100	44648.45833	9.581	0.075	6	9.619	9.414	1	26.593	0.197	6	27.063	26.543	1
202203281200	44648.5	9.477	0.011	6	9.494	9.465	1	26.773	0.025	6	26.823	26.753	1
202203281300	44648.54167	9.343	0.218	6	9.512	9.079	1	27.103	0.509	6	27.813	26.743	1
202203281400	44648.58333	9.175	0.081	6	9.284	9.084	1	27.693	0.111	6	27.833	27.583	1
202203281500	44648.625	8.988	0.193	6	9.167	8.758	1	28.603	0.638	6	29.313	27.853	1
202203281600	44648.66667	9.146	0.214	6	9.256	8.659	1	28.233	0.716	6	29.893	27.953	1
202203281700	44648.70833	8.574	0.033	6	8.623	8.543	1	30.403	0.149	6	30.603	30.253	1
202203281800	44648.75	8.684	0.158	6	8.924	8.551	1	29.968	0.619	6	30.553	29.073	1
202203281900	44648.79167	8.881	0.062	6	9.009	8.835	1	29.173	0.345	6	29.233	28.423	1
202203282000	44648.83333	9.111	0.021	6	9.12	9.065	1	28.063	0.077	6	28.223	28.003	1
202203282100	44648.875	9.172	0.13	6	9.379	9.091	1	27.968	0.192	6	28.053	27.573	1
202203282200	44648.91667	9.454	0.036	6	9.483	9.382	1	27.328	0.1	6	27.543	27.273	1
202203282300	44648.95833	9.449	0.035	6	9.5	9.407	1	27.053	0.191	6	27.333	26.873	1
202203290000	44649	9.55	0.075	6	9.671	9.482	1	26.783	0.175	6	26.963	26.533	1
202203290100	44649.04167	9.586	0.069	6	9.711	9.546	1	26.713	0.132	6	26.763	26.453	1
202203290200	44649.08333	9.536	0.094	6	9.555	9.311	1	26.793	0.223	6	27.333	26.753	1
202203290300	44649.125	9.165	0.035	6	9.24	9.153	1	27.733	0.15	6	27.833	27.443	1
202203290400	44649.16667	9.131	0.083	6	9.174	8.95	1	27.818	0.359	6	28.613	27.673	1
202203290500	44649.20833	8.877	0.053	6	8.959	8.842	1	28.878	0.236	6	29.153	28.553	1
202203290600	44649.25	8.823	0.038	6	8.91	8.805	1	29.218	0.177	6	29.283	28.803	1
202203290700	44649.29167	8.796	0.036	6	8.856	8.754	1	29.233	0.225	6	29.583	28.943	1
202203290800	44649.33333	8.974	0.038	6	8.997	8.9	1	28.382	0.194	6	28.822	28.332	1
202203290900	44649.375	9.236	0.124	6	9.359	9.029	1	27.492	0.35	6	28.192	27.262	1
202203291000	44649.41667	9.395	0.016	6	9.423	9.381	1	27.212	0.027	6	27.272	27.202	1
202203291100	44649.45833	9.486	0.043	6	9.563	9.44	1	27.192	0.017	6	27.212	27.172	1
202203291200	44649.5	9.486	0.055	6	9.583	9.444	1	27.187	0.154	6	27.392	27.012	1
202203291300	44649.54167	9.583	0.043	6	9.628	9.53	1	26.852	0.074	6	26.932	26.732	1
202203291400	44649.58333	9.54	0.146	6	9.553	9.186	1	26.992	0.315	6	27.742	26.942	1
202203291500	44649.625	9.061	0.042	6	9.146	9.033	1	28.277	0.152	6	28.352	27.942	1
202203291600	44649.66667	8.988	0.113	6	9.069	8.82	1	28.747	0.467	6	29.392	28.312	1
202203291700	44649.70833	8.762	0.035	6	8.805	8.711	1	29.972	0.278	6	30.302	29.552	1
202203291800	44649.75	8.649	0.05	6	8.746	8.608	1	30.682	0.329	6	30.992	30.072	1
202203291900	44649.79167	8.624	0.051	6	8.734	8.587	1	30.772	0.383	6	31.042	29.992	1
202203292000	44649.83333	8.79	0.037	6	8.864	8.751	1	29.587	0.26	6	29.922	29.142	1
202203292100	44649.875	9.09	0.07	6	9.109	8.944	1	28.242	0.251	6	28.762	28.182	1
202203292200	44649.91667	9.084	0.013	6	9.1	9.07	1	28.162	0.02	6	28.192	28.142	1
202203292300	44649.95833	9.29	0.019	6	9.315	9.259	1	27.572	0.085	6	27.742	27.522	1
202203300000	44650	9.311	0.057	6	9.412	9.262	1	27.422	0.174	6	27.602	27.112	1
202203300100	44650.04167	9.471	0.049	6	9.549	9.418	1	26.962	0.128	6	27.102	26.762	1
202203300200	44650.08333	9.504	0.036	6	9.58	9.49	1	26.857	0.08	6	26.872	26.672	1
202203300300	44650.125	9.415	0.077	6	9.482	9.264	1	27.012	0.197	6	27.452	26.922	1
202203300400	44650.16667	9.145	0.028	6	9.195	9.113	1	27.932	0.159	6	28.142	27.692	1
202203300500	44650.20833	8.98	0.054	6	9.07	8.949	1	28.747	0.24	6	28.912	28.362	1
202203300600	44650.25	8.895	0.027	6	8.936	8.856	1	29.022	0.104	6	29.192	28.922	1
202203300700	44650.29167	8.787	0.035	6	8.86	8.756	1	29.682	0.204	6	29.882	29.272	1
202203300800	44650.33333	8.768	0.071	6	8.912	8.741	1	29.712	0.5	6	29.982	28.792	1
202203300900	44650.375	8.964	0.046	6	9.041	8.928	1	28.527	0.244	6	28.692	28.122	1
202203301000	44650.41667	9.192	0.054	6	9.237	9.094	1	27.632	0.21	6	28.112	27.542	1
202203301100	44650.45833	9.261	0.008	6	9.271	9.249	1	27.582	0.04	6	27.652	27.562	1
202203301200	44650.5	9.385	0.085	6	9.448	9.247	1	27.312	0.161	6	27.612	27.222	1
202203301300	44650.54167	9.492	0.013	6	9.505	9.477	1	27.042	0.066	6	27.142	26.972	1
202203301400	44650.58333	9.458	0.043	6	9.514	9.418	1	26.947	0.049	6	27.022	26.882	1
202203301500	44650.625	9.366	0.103	6	9.42	9.148	1	27.022	0.29	6	27.722	26.972	1
202203301600	44650.66667	9.063	0.028	6	9.106	9.035	1	28.127	0.119	6	28.232	27.932	1
202203301700	44650.70833	9.033	0.006	2	9.037	9.029	1	28.227	0.021	2	28.242	28.212	1
202203301800	44650.75	    NaN 	    NaN 	    NaN 	    NaN 	    NaN 	9	    NaN 	    NaN 	    NaN 	    NaN 	    NaN 	9
202203301900	44650.79167	    NaN 	    NaN 	    NaN 	    NaN 	    NaN 	9	    NaN 	    NaN 	    NaN 	    NaN 	    NaN 	9
202203302000	44650.83333	8.579	0.028	5	8.623	8.56	1	30.442	0.374	5	30.672	29.912	1
202203302100	44650.875	8.639	0.099	6	8.854	8.613	1	29.632	0.639	6	29.882	28.332	1
202203302200	44650.91667	8.918	0.016	6	8.93	8.884	1	28.122	0.024	6	28.162	28.112	1
202203302300	44650.95833	8.785	0.074	6	8.874	8.697	1	28.102	0.091	6	28.172	27.942	1
202203310000	44651	8.787	0.069	6	8.898	8.721	1	27.807	0.237	6	28.142	27.532	1
202203310100	44651.04167	8.858	0.101	6	8.939	8.663	1	27.547	0.167	6	27.642	27.222	1
202203310200	44651.08333	9.01	0.075	6	9.073	8.874	1	27.152	0.131	6	27.362	27.052	1
202203310300	44651.125	9.055	0.024	6	9.073	9.011	1	27.007	0.182	6	27.122	26.692	1
202203310400	44651.16667	8.936	0.027	6	8.988	8.912	1	26.802	0.351	6	27.652	26.752	1
202203310500	44651.20833	8.92	0.029	6	8.946	8.868	1	27.832	0.089	6	27.912	27.662	1
202203310600	44651.25	8.83	0.058	6	8.893	8.729	1	28.432	0.409	6	28.842	27.702	1
202203310700	44651.29167	8.638	0.017	6	8.678	8.635	1	28.932	0.168	6	29.152	28.692	1
202203310800	44651.33333	8.616	0.029	6	8.626	8.56	1	29.372	0.167	6	29.592	29.182	1
202203310900	44651.375	8.607	0.04	6	8.656	8.564	1	29.147	0.433	6	29.622	28.622	1
202203311000	44651.41667	8.683	0.024	6	8.72	8.659	1	27.977	0.289	6	28.552	27.782	1
202203311100	44651.45833	8.668	0.049	6	8.691	8.576	1	27.532	0.034	6	27.612	27.522	1
202203311200	44651.5	8.607	0.023	6	8.622	8.561	1	27.342	0.098	6	27.512	27.272	1
202203311300	44651.54167	8.545	0.078	6	8.607	8.38	1	27.247	0.14	6	27.592	27.242	1
202203311400	44651.58333	8.49	0.069	6	8.584	8.409	1	27.647	0.119	6	27.692	27.412	1
202203311500	44651.625	8.64	0.016	6	8.645	8.606	1	27.242	0.008	6	27.252	27.232	1
202203311600	44651.66667	8.556	0.034	6	8.585	8.507	1	27.262	0.046	6	27.372	27.252	1
202203311700	44651.70833	8.417	0.024	6	8.433	8.375	1	27.367	0.126	6	27.552	27.222	1
202203311800	44651.75	8.323	0.072	6	8.345	8.162	1	28.022	0.349	6	28.552	27.522	1
202203311900	44651.79167	8.039	0.061	6	8.145	8.003	1	28.427	0.078	6	28.552	28.322	1
202203312000	44651.83333	8.005	0.022	6	8.026	7.973	1	28.697	0.188	6	28.982	28.502	1
202203312100	44651.875	8.052	0.031	6	8.072	7.997	1	28.552	0.182	6	28.892	28.372	1
202203312200	44651.91667	7.976	0.069	6	8.093	7.914	1	28.072	0.126	6	28.292	27.942	1
202203312300	44651.95833	7.846	0.052	6	7.921	7.797	1	27.822	0.024	6	27.882	27.822	1
202204010000	44652	7.598	0.116	6	7.778	7.491	1	27.707	0.074	6	27.802	27.612	1
202204010100	44652.04167	7.432	0.083	6	7.566	7.353	1	27.582	0.048	6	27.592	27.472	1
202204010200	44652.08333	7.796	0.086	6	7.841	7.633	1	27.327	0.046	6	27.412	27.302	1
202204010300	44652.125	7.667	0.071	6	7.799	7.589	1	27.387	0.076	6	27.472	27.312	1
202204010400	44652.16667	7.374	0.156	6	7.597	7.236	1	26.712	0.514	6	27.512	26.382	1
202204010500	44652.20833	7.234	0.071	6	7.338	7.164	1	26.537	0.218	6	26.852	26.322	1
202204010600	44652.25	7.342	0.074	6	7.455	7.289	1	26.932	0.173	6	27.192	26.782	1
202204010700	44652.29167	7.493	0.059	6	7.515	7.353	1	27.292	0.076	6	27.322	27.112	1
202204010800	44652.33333	7.453	0.077	6	7.566	7.342	1	27.392	0.115	6	27.462	27.182	1
202204010900	44652.375	7.552	0.126	6	7.722	7.415	1	27.712	0.162	6	27.862	27.502	1
202204011000	44652.41667	7.738	0.009	6	7.747	7.723	1	27.677	0.06	6	27.792	27.632	1
202204011100	44652.45833	7.692	0.033	6	7.761	7.666	1	27.387	0.154	6	27.622	27.222	1
202204011200	44652.5	7.615	0.08	6	7.697	7.512	1	27.197	0.01	6	27.212	27.182	1
202204011300	44652.54167	7.489	0.033	6	7.539	7.453	1	27.142	0.004	6	27.152	27.142	1
202204011400	44652.58333	7.588	0.101	6	7.761	7.513	1	27.147	0.012	6	27.162	27.132	1
202204011500	44652.625	7.264	0.251	6	7.768	7.113	1	27.342	0.088	6	27.412	27.222	1
202204011600	44652.66667	7.254	0.007	6	7.264	7.242	1	25.557	0.463	6	26.392	25.092	1
202204011700	44652.70833	7.335	0.058	6	7.397	7.269	1	26.172	0.445	6	26.712	25.652	1
202204011800	44652.75	7.436	0.042	6	7.509	7.398	1	27.107	0.491	6	27.842	26.712	1
202204011900	44652.79167	7.404	0.013	6	7.418	7.383	1	28.587	0.387	6	29.072	27.922	1
202204012000	44652.83333	7.35	0.009	6	7.368	7.342	1	29.607	0.264	6	30.042	29.232	1
202204012100	44652.875	7.377	0.021	6	7.399	7.337	1	29.702	0.154	6	29.852	29.422	1
202204012200	44652.91667	7.273	0.035	6	7.303	7.206	1	28.747	0.222	6	29.202	28.592	1
202204012300	44652.95833	7.221	0.036	6	7.277	7.171	1	28.177	0.077	6	28.262	28.072	1
202204020000	44653	7.008	0.121	6	7.165	6.86	1	28.022	0.219	6	28.442	27.852	1
202204020100	44653.04167	6.917	0.033	6	6.944	6.856	1	27.597	0.131	6	27.802	27.452	1
202204020200	44653.08333	6.429	0.235	6	6.832	6.29	1	27.232	0.183	6	27.582	27.102	1
202204020300	44653.125	6.634	0.138	6	6.689	6.32	1	27.267	0.108	6	27.362	27.052	1
202204020400	44653.16667	6.662	0.015	6	6.665	6.628	1	26.797	0.704	6	27.392	25.882	1
202204020500	44653.20833	6.658	0.028	6	6.701	6.636	1	25.552	0.121	6	25.642	25.362	1
202204020600	44653.25	6.88	0.261	6	7.158	6.656	1	26.412	0.603	6	26.902	25.522	1
202204020700	44653.29167	7.115	0.047	6	7.142	7.027	1	26.832	0.117	6	26.952	26.642	1
202204020800	44653.33333	7.107	0.034	6	7.135	7.051	1	27.417	0.246	6	27.792	27.112	1
202204020900	44653.375	7.226	0.081	6	7.332	7.108	1	27.982	0.183	6	28.232	27.752	1
202204021000	44653.41667	7.361	0.028	6	7.379	7.314	1	28.248	0.256	6	28.423	27.853	1
202204021100	44653.45833	7.276	0.032	6	7.344	7.262	1	27.403	0.108	6	27.643	27.353	1
202204021200	44653.5	7.486	0.084	6	7.594	7.372	1	27.403	0.052	6	27.483	27.343	1
202204021300	44653.54167	7.733	0.039	6	7.742	7.653	1	27.533	0.032	6	27.553	27.473	1
202204021400	44653.58333	7.565	0.117	6	7.686	7.382	1	27.328	0.101	6	27.503	27.243	1
202204021500	44653.625	7.241	0.241	6	7.329	6.75	1	27.253	0.183	6	27.613	27.153	1
202204021600	44653.66667	6.63	0.057	6	6.758	6.611	1	27.738	0.32	6	27.773	26.963	1
202204021700	44653.70833	6.927	0.03	6	6.933	6.855	1	26.018	0.181	6	26.443	25.973	1
202204021800	44653.75	6.91	0.009	6	6.928	6.9	1	26.353	0.026	6	26.393	26.323	1
202204021900	44653.79167	7.097	0.081	6	7.124	6.908	1	27.263	0.425	6	27.483	26.303	1
202204022000	44653.83333	7.292	0.04	6	7.329	7.219	1	28.318	0.273	6	28.643	27.903	1
202204022100	44653.875	7.445	0.048	6	7.462	7.335	1	29.638	0.424	6	29.813	28.683	1
202204022200	44653.91667	7.41	0.045	6	7.453	7.321	1	29.538	0.303	6	29.873	28.943	1
202204022300	44653.95833	7.223	0.056	6	7.313	7.16	1	28.353	0.403	6	28.883	27.703	1
202204030000	44654	7.079	0.199	6	7.141	6.647	1	27.478	0.113	6	27.703	27.363	1
202204030100	44654.04167	6.648	0.115	6	6.704	6.433	1	27.358	0.101	6	27.433	27.193	1
202204030200	44654.08333	6.562	0.048	6	6.611	6.484	1	27.098	0.05	6	27.183	27.053	1
202204030300	44654.125	6.565	0.03	6	6.593	6.508	1	27.013	0.039	6	27.093	27.003	1
202204030400	44654.16667	6.488	0.054	6	6.553	6.442	1	27.273	0.237	6	27.553	26.993	1
202204030500	44654.20833	6.547	0.023	6	6.564	6.501	1	25.803	0.478	6	26.803	25.573	1
202204030600	44654.25	6.649	0.046	6	6.683	6.558	1	26.278	0.085	6	26.333	26.093	1
202204030700	44654.29167	6.689	0.036	6	6.746	6.662	1	26.408	0.137	6	26.513	26.183	1
202204030800	44654.33333	6.863	0.103	6	7.003	6.73	1	27.433	0.651	6	28.173	26.493	1
202204030900	44654.375	7.162	0.042	6	7.197	7.095	1	28.328	0.197	6	28.563	28.063	1
202204031000	44654.41667	7.218	0.06	6	7.303	7.155	1	28.573	0.246	6	29.053	28.383	1
202204031100	44654.45833	7.23	0.03	6	7.285	7.198	1	27.888	0.159	6	28.263	27.843	1
202204031200	44654.5	7.301	0.044	6	7.359	7.228	1	27.798	0.078	6	27.933	27.723	1
202204031300	44654.54167	7.382	0.088	6	7.549	7.31	1	27.798	0.193	6	27.943	27.423	1
202204031400	44654.58333	7.479	0.065	6	7.571	7.403	1	27.513	0.121	6	27.593	27.263	1
202204031500	44654.625	7.307	0.042	6	7.348	7.247	1	27.303	0.098	6	27.453	27.173	1
202204031600	44654.66667	6.853	0.194	6	7.213	6.745	1	27.558	0.133	6	27.653	27.363	1
202204031700	44654.70833	6.9	0.092	6	6.965	6.74	1	26.328	0.628	6	27.593	25.953	1
202204031800	44654.75	6.963	0.013	6	6.992	6.959	1	26.413	0.032	6	26.453	26.363	1
202204031900	44654.79167	7.058	0.124	6	7.25	6.955	1	26.703	0.478	6	27.483	26.343	1
202204032000	44654.83333	7.461	0.137	6	7.497	7.144	1	27.903	0.639	6	29.023	27.063	1
202204032100	44654.875	7.471	0.009	6	7.485	7.46	1	29.568	0.34	6	29.833	29.003	1
202204032200	44654.91667	7.439	0.046	6	7.496	7.368	1	29.988	0.659	6	30.743	28.833	1
202204032300	44654.95833	7.391	0.043	6	7.474	7.359	1	30.193	0.208	6	30.513	29.983	1
202204040000	44655	7.239	0.046	6	7.313	7.186	1	29.543	0.25	6	29.833	29.093	1
202204040100	44655.04167	6.952	0.241	6	7.162	6.618	1	28.233	0.336	6	28.513	27.633	1
202204040200	44655.08333	6.774	0.115	6	6.911	6.637	1	27.603	0.055	6	27.653	27.493	1
202204040300	44655.125	6.845	0.028	6	6.889	6.815	1	27.303	0.122	6	27.423	27.113	1
202204040400	44655.16667	6.786	0.01	6	6.797	6.774	1	27.023	0.055	6	27.133	26.983	1
202204040500	44655.20833	6.792	0.015	6	6.799	6.76	1	27.068	0.055	6	27.183	27.023	1
202204040600	44655.25	6.859	0.02	6	6.88	6.828	1	27.558	0.165	6	27.623	27.223	1
202204040700	44655.29167	6.817	0.073	6	6.959	6.763	1	27.708	0.181	6	28.123	27.653	1
202204040800	44655.33333	6.889	0.06	6	6.979	6.826	1	28.203	0.362	6	28.703	27.823	1
202204040900	44655.375	7.144	0.056	6	7.196	7.066	1	29.598	0.303	6	29.983	29.253	1
202204041000	44655.41667	7.209	0.032	6	7.277	7.19	1	30.008	0.251	6	30.543	29.823	1
202204041100	44655.45833	7.467	0.024	6	7.488	7.431	1	31.703	0.084	6	31.823	31.623	1
202204041200	44655.5	7.49	0.005	6	7.497	7.484	1	31.578	0.091	6	31.693	31.463	1
202204041300	44655.54167	7.27	0.126	6	7.503	7.217	1	30.063	0.849	6	31.473	29.403	1
202204041400	44655.58333	7.181	0.027	6	7.21	7.132	1	28.753	0.213	6	29.143	28.613	1
202204041500	44655.625	7.322	0.028	6	7.346	7.27	1	29.093	0.147	6	29.243	28.813	1
202204041600	44655.66667	7.255	0.059	6	7.358	7.211	1	28.403	0.23	6	28.853	28.273	1
202204041700	44655.70833	7.167	0.021	6	7.187	7.142	1	27.873	0.195	6	28.043	27.623	1
202204041800	44655.75	7.224	0.051	6	7.334	7.202	1	28.203	0.401	6	29.103	28.133	1
202204041900	44655.79167	7.356	0.084	6	7.516	7.343	1	29.448	0.9	6	31.043	29.113	1
202204042000	44655.83333	7.561	0.023	6	7.588	7.53	1	31.368	0.271	6	31.743	31.003	1
202204042100	44655.875	7.603	0.008	6	7.619	7.597	1	31.783	0.109	6	31.993	31.693	1
202204042200	44655.91667	7.615	0.006	6	7.622	7.605	1	31.998	0.036	6	32.033	31.933	1
202204042300	44655.95833	7.592	0.004	6	7.601	7.59	1	31.788	0.042	6	31.873	31.763	1
202204050000	44656	7.592	0.009	6	7.596	7.573	1	31.733	0.048	6	31.793	31.663	1
202204050100	44656.04167	7.467	0.044	6	7.563	7.454	1	30.708	0.33	6	31.313	30.313	1
202204050200	44656.08333	7.4	0.041	6	7.452	7.353	1	29.683	0.316	6	30.313	29.473	1
202204050300	44656.125	7.331	0.04	6	7.361	7.243	1	29.183	0.295	6	29.283	28.663	1
202204050400	44656.16667	7.264	0.014	6	7.283	7.243	1	28.518	0.044	6	28.583	28.473	1
202204050500	44656.20833	7.114	0.067	6	7.241	7.087	1	27.738	0.44	6	28.583	27.513	1
202204050600	44656.25	7.136	0.009	6	7.15	7.126	1	27.933	0.074	6	28.043	27.853	1
202204050700	44656.29167	7.195	0.044	6	7.256	7.161	1	28.408	0.365	6	28.963	28.183	1
202204050800	44656.33333	7.287	0.029	6	7.355	7.281	1	29.058	0.292	6	29.763	28.993	1
202204050900	44656.375	7.442	0.155	5	7.719	7.364	4.167	29.783	0.571	5	30.643	29.523	4.167
202204051000	44656.41667	7.472	0.005	6	7.477	7.463	1	31.103	0.081	6	31.183	30.963	1
202204051100	44656.45833	7.489	0.012	6	7.505	7.473	1	31.127	0.622	6	31.222	29.612	1
202204051200	44656.5	7.53	0.017	6	7.552	7.514	1	30.527	0.021	6	30.532	30.482	1
202204051300	44656.54167	7.705	0.104	6	7.858	7.581	1	30.152	0.471	6	30.522	29.412	1
202204051400	44656.58333	7.974	0.102	6	8.032	7.756	1	29.211	0.149	6	29.351	28.971	1
202204051500	44656.625	7.975	0.074	6	8.069	7.911	1	28.786	0.072	6	28.921	28.721	1
202204051600	44656.66667	7.474	0.211	6	7.896	7.398	1	28.105	0.415	6	28.83	27.84	1
202204051700	44656.70833	7.336	0.076	6	7.478	7.285	1	27.475	0.29	6	28.08	27.35	1
202204051800	44656.75	7.257	0.025	6	7.309	7.242	1	27.42	0.105	6	27.64	27.37	1
202204051900	44656.79167	7.339	0.031	6	7.37	7.299	1	28.024	0.241	6	28.239	27.759	1
202204052000	44656.83333	7.397	0.067	6	7.542	7.373	1	28.474	0.536	6	29.529	28.209	1
202204052100	44656.875	7.6	0.012	6	7.604	7.572	1	29.883	0.103	6	29.938	29.668	1
202204052200	44656.91667	7.629	0.017	6	7.653	7.604	1	30.288	0.212	6	30.538	29.928	1
202204052300	44656.95833	7.64	0.03	6	7.695	7.615	1	31.018	0.134	6	31.048	30.698	1
202204060000	44657	7.623	0.011	6	7.637	7.613	1	30.907	0.129	6	30.997	30.707	1
202204060100	44657.04167	7.62	0.021	6	7.633	7.589	1	30.342	0.195	6	30.617	30.137	1
202204060200	44657.08333	7.662	0.052	6	7.738	7.603	1	29.461	0.687	6	30.146	28.536	1
202204060300	44657.125	7.561	0.052	6	7.631	7.48	1	28.491	0.073	6	28.636	28.456	1
202204060400	44657.16667	7.431	0.06	6	7.469	7.33	1	28.396	0.204	6	28.446	27.956	1
202204060500	44657.20833	7.321	0.031	6	7.384	7.294	1	27.895	0.189	6	28.275	27.715	1
202204060600	44657.25	7.287	0.011	6	7.306	7.276	1	27.8	0.047	6	27.885	27.745	1
202204060700	44657.29167	7.346	0.021	6	7.389	7.334	1	28.164	0.093	6	28.324	28.094	1
202204060800	44657.33333	7.43	0.02	6	7.458	7.404	1	28.414	0.072	6	28.574	28.374	1
202204060900	44657.375	7.539	0.021	6	7.566	7.513	1	28.829	0.15	6	29.164	28.754	1
202204061000	44657.41667	7.585	0.031	6	7.642	7.562	1	29.113	0.23	6	29.583	28.903	1
202204061100	44657.45833	7.712	0.042	6	7.785	7.663	1	29.983	0.139	6	30.013	29.653	1
202204061200	44657.5	7.839	0.031	6	7.902	7.819	1	29.912	0.221	6	30.432	29.852	1
202204061300	44657.54167	8.152	0.311	6	8.525	7.81	1	29.662	0.737	6	30.592	28.972	1
202204061400	44657.58333	8.55	0.114	6	8.676	8.371	1	28.767	0.294	6	29.132	28.392	1
202204061500	44657.625	8.534	0.059	6	8.616	8.456	1	28.876	0.212	6	29.041	28.521	1
202204061600	44657.66667	8.246	0.165	6	8.431	7.98	1	29.021	0.069	6	29.111	28.941	1
202204061700	44657.70833	7.673	0.15	6	7.99	7.633	1	28.39	0.277	6	28.94	28.26	1
202204061800	44657.75	7.648	0.041	6	7.713	7.612	1	28.565	0.127	6	28.69	28.32	1
202204061900	44657.79167	7.795	0.041	6	7.829	7.738	1	29.155	0.238	6	29.33	28.77	1
202204062000	44657.83333	7.826	0.018	6	7.838	7.793	1	29.289	0.129	6	29.499	29.169	1
202204062100	44657.875	7.836	0.016	6	7.842	7.8	1	29.274	0.137	6	29.609	29.259	1
202204062200	44657.91667	7.812	0.014	6	7.83	7.793	1	29.618	0.167	6	29.908	29.468	1
202204062300	44657.95833	7.845	0.013	6	7.851	7.816	1	29.638	0.049	6	29.728	29.578	1
202204070000	44658	7.845	0.004	6	7.851	7.842	1	29.608	0.02	6	29.628	29.568	1
202204070100	44658.04167	7.861	0.055	6	7.985	7.846	1	29.747	0.321	6	30.067	29.187	1
202204070200	44658.08333	8.042	0.031	6	8.075	7.992	1	28.932	0.043	6	28.967	28.857	1
202204070300	44658.125	7.953	0.008	6	7.961	7.94	1	29.116	0.062	6	29.216	29.056	1
202204070400	44658.16667	7.855	0.04	6	7.936	7.825	1	30.036	0.322	6	30.246	29.356	1
202204070500	44658.20833	7.73	0.047	6	7.833	7.708	1	30.116	0.101	6	30.316	30.016	1
202204070600	44658.25	7.717	0.012	6	7.73	7.699	1	30.51	0.134	6	30.725	30.385	1
202204070700	44658.29167	7.753	0.009	6	7.763	7.735	1	30.765	0.071	6	30.815	30.645	1
202204070800	44658.33333	7.781	0.012	6	7.793	7.757	1	30.779	0.157	6	31.074	30.614	1
202204070900	44658.375	7.802	0.006	6	7.805	7.789	1	30.854	0.1	6	30.924	30.684	1
202204071000	44658.41667	7.823	0.018	6	7.859	7.809	1	30.784	0.071	6	30.844	30.684	1
202204071100	44658.45833	7.91	0.031	6	7.94	7.87	1	30.798	0.04	6	30.853	30.733	1
202204071200	44658.5	7.979	0.077	6	8.11	7.916	1	30.808	0.133	6	30.953	30.593	1
202204071300	44658.54167	8.073	0.022	6	8.115	8.053	1	30.817	0.059	6	30.902	30.762	1
202204071400	44658.58333	8.034	0.024	6	8.073	8.008	1	30.987	0.016	6	31.012	30.972	1
202204071500	44658.625	8.192	0.086	6	8.309	8.094	1	30.667	0.198	6	30.952	30.482	1
202204071600	44658.66667	8.363	0.057	6	8.454	8.277	1	30.486	0.034	6	30.551	30.451	1
202204071700	44658.70833	8.162	0.132	6	8.356	8.05	1	30.846	0.188	6	31.011	30.571	1
202204071800	44658.75	8.076	0.017	6	8.098	8.054	1	31.02	0.058	6	31.06	30.92	1
202204071900	44658.79167	8.11	0.018	6	8.133	8.089	1	31.115	0.034	6	31.13	31.04	1
202204072000	44658.83333	8.104	0.008	6	8.114	8.093	1	31.145	0.037	6	31.18	31.08	1
202204072100	44658.875	8.076	0.026	6	8.123	8.056	1	31.284	0.064	6	31.329	31.149	1
202204072200	44658.91667	8.018	0.016	6	8.049	8.005	1	31.614	0.092	6	31.649	31.409	1
202204072300	44658.95833	8.003	0.007	6	8.015	7.995	1	31.598	0.016	6	31.598	31.558	1
202204080000	44659	7.985	0.014	6	7.994	7.955	1	31.598	0.006	6	31.608	31.588	1
202204080100	44659.04167	7.918	0.022	6	7.946	7.886	1	31.573	0.01	6	31.588	31.568	1
202204080200	44659.08333	7.85	0.039	6	7.893	7.799	1	31.312	0.16	6	31.517	31.157	1
202204080300	44659.125	7.743	0.049	6	7.771	7.657	1	31.257	0.116	6	31.317	31.037	1
202204080400	44659.16667	7.652	0.01	6	7.66	7.631	1	31.016	0.041	6	31.076	30.976	1
202204080500	44659.20833	7.499	0.047	6	7.601	7.47	1	30.971	0.038	6	30.996	30.896	1
202204080600	44659.25	7.761	0.122	6	7.798	7.487	1	31.061	0.038	6	31.086	30.976	1
202204080700	44659.29167	7.79	0.01	6	7.809	7.78	1	31.07	0.012	6	31.075	31.045	1
202204080800	44659.33333	7.783	0.017	6	7.811	7.767	1	31.15	0.044	6	31.195	31.075	1
202204080900	44659.375	7.804	0.023	6	7.83	7.768	1	31.189	0.008	6	31.194	31.174	1
202204081000	44659.41667	7.849	0.022	6	7.869	7.807	1	31.234	0.13	6	31.514	31.174	1
202204081100	44659.45833	7.865	0.049	6	7.94	7.825	1	31.379	0.101	6	31.454	31.184	1
202204081200	44659.5	7.959	0.045	6	8.017	7.914	1	31.328	0.076	6	31.343	31.163	1
202204081300	44659.54167	8.036	0.034	6	8.093	8.019	1	31.333	0.008	6	31.333	31.313	1
202204081400	44659.58333	8.19	0.039	6	8.255	8.139	1	31.292	0.166	6	31.382	30.982	1
202204081500	44659.625	8.293	0.013	6	8.311	8.274	1	31.292	0.019	5	31.312	31.262	1
202204081600	44659.66667	8.323	0.034	6	8.372	8.293	1	31.267	0.034	6	31.312	31.222	1
202204081700	44659.70833	8.341	0.113	6	8.526	8.237	1	30.981	0.17	6	31.121	30.661	1
202204081800	44659.75	8.119	0.034	6	8.144	8.07	1	30.446	0.132	6	30.511	30.161	1
202204081900	44659.79167	7.976	0.02	6	7.993	7.946	1	29.9	0.093	6	29.97	29.72	1
202204082000	44659.83333	7.923	0.024	6	7.945	7.895	1	29.99	0.077	5	30.14	29.94	1
202204082100	44659.875	7.998	0.009	6	8.005	7.98	1	30.955	0.074	6	31.01	30.8	1
202204082200	44659.91667	8.014	0.014	6	8.045	8.005	1	31.094	0.094	6	31.309	31.059	1
202204082300	44659.95833	8.07	0.018	6	8.078	8.032	1	31.384	0.023	6	31.419	31.369	1
202204090000	44660	8.026	0.005	6	8.029	8.015	1	31.403	0.017	6	31.438	31.388	1
202204090100	44660.04167	8.009	0.01	6	8.022	7.994	1	31.388	0.017	6	31.408	31.368	1
202204090200	44660.08333	7.956	0.035	6	8.01	7.932	1	31.358	0.024	6	31.388	31.318	1
202204090300	44660.125	7.879	0.029	6	7.922	7.836	1	31.332	0.026	6	31.357	31.287	1
202204090400	44660.16667	7.768	0.052	6	7.831	7.703	1	31.322	0.07	6	31.367	31.177	1
202204090500	44660.20833	7.532	0.041	6	7.587	7.481	1	30.891	0.031	6	30.936	30.866	1
202204090600	44660.25	7.733	0.085	6	7.75	7.539	1	30.636	0.134	6	30.926	30.576	1
202204090700	44660.29167	7.776	0.02	6	7.797	7.747	1	30.236	0.22	6	30.606	30.016	1
202204090800	44660.33333	7.835	0.013	6	7.839	7.805	1	30.68	0.126	6	30.855	30.545	1
202204090900	44660.375	7.746	0.046	6	7.832	7.729	1	31.4	0.239	6	31.485	30.865	1
202204091000	44660.41667	7.747	0.017	6	7.772	7.728	1	31.534	0.044	6	31.564	31.454	1
202204091100	44660.45833	7.805	0.015	6	7.835	7.79	1	31.629	0.048	6	31.674	31.554	1
202204091200	44660.5	7.888	0.027	6	7.933	7.855	1	31.624	0.036	6	31.654	31.574	1
202204091300	44660.54167	7.947	0.03	6	8	7.915	1	31.603	0.02	6	31.623	31.563	1
202204091400	44660.58333	7.959	0.026	6	7.987	7.925	1	31.563	0.022	6	31.593	31.533	1
202204091500	44660.625	8.073	0.017	6	8.08	8.039	1	31.552	0.016	6	31.572	31.532	1
202204091600	44660.66667	8.071	0.019	6	8.084	8.033	1	31.512	0.136	6	31.542	31.192	1
202204091700	44660.70833	8.132	0.035	6	8.179	8.092	1	31.067	0.101	6	31.162	30.872	1
202204091800	44660.75	8.105	0.051	6	8.133	8.011	1	30.816	0.231	6	31.001	30.451	1
202204091900	44660.79167	7.988	0.013	6	7.991	7.96	1	30.076	0.254	6	30.251	29.641	1
202204092000	44660.83333	7.965	0.007	6	7.972	7.955	1	29.605	0.212	6	30.05	29.46	1
202204092100	44660.875	7.933	0.017	6	7.953	7.916	1	29.77	0.05	6	29.82	29.67	1
202204092200	44660.91667	7.908	0.018	6	7.931	7.884	1	30.285	0.541	6	30.85	29.78	1
202204092300	44660.95833	7.918	0.016	6	7.934	7.892	1	31.219	0.176	6	31.299	30.839	1
202204100000	44661	7.881	0.01	6	7.888	7.861	1	31.314	0.025	6	31.359	31.289	1
202204100100	44661.04167	7.86	0.007	6	7.865	7.847	1	31.163	0.035	6	31.228	31.128	1
202204100200	44661.08333	7.866	0.021	6	7.872	7.817	1	31.208	0.018	6	31.238	31.198	1
202204100300	44661.125	7.79	0.006	6	7.797	7.78	1	31.013	0.147	6	31.188	30.778	1
202204100400	44661.16667	7.783	0.017	6	7.804	7.761	1	30.197	0.149	6	30.477	30.117	1
202204100500	44661.20833	7.716	0.029	6	7.767	7.687	1	30.157	0.082	6	30.327	30.127	1
202204100600	44661.25	7.692	0.036	6	7.756	7.672	1	29.881	0.114	6	29.986	29.676	1
202204100700	44661.29167	7.659	0.041	6	7.734	7.63	1	29.811	0.332	6	30.006	29.196	1
202204100800	44661.33333	7.795	0.036	6	7.807	7.712	1	29.041	0.244	6	29.536	28.836	1
202204100900	44661.375	7.839	0.019	6	7.859	7.811	1	29.24	0.052	6	29.255	29.135	1
202204101000	44661.41667	7.872	0.023	6	7.915	7.855	1	29.75	0.296	6	30.095	29.295	1
202204101100	44661.45833	7.91	0.017	6	7.931	7.878	1	30.494	0.145	6	30.764	30.384	1
202204101200	44661.5	7.941	0.026	6	7.993	7.922	1	30.774	0.095	6	30.954	30.744	1
202204101300	44661.54167	7.956	0.007	6	7.961	7.945	1	31.014	0.013	6	31.034	30.994	1
202204101400	44661.58333	8.058	0.033	6	8.1	8	1	30.868	0.05	6	30.973	30.833	1
202204101500	44661.625	8.216	0.071	6	8.266	8.087	1	30.868	0.028	6	30.893	30.813	1
202204101600	44661.66667	8.249	0.035	6	8.293	8.217	1	30.552	0.329	6	30.762	29.972	1
202204101700	44661.70833	8.262	0.035	6	8.308	8.225	1	29.667	0.1	6	29.812	29.562	1
202204101800	44661.75	8.175	0.023	6	8.215	8.158	1	29.542	0.035	6	29.592	29.512	1
202204101900	44661.79167	8.489	0.075	6	8.56	8.38	1	29.686	0.12	6	29.821	29.461	1
202204102000	44661.83333	8.096	0.068	6	8.245	8.079	1	28.566	0.292	6	29.181	28.391	1
202204102100	44661.875	8.023	0.042	6	8.112	8.008	1	28.415	0.177	6	28.74	28.36	1
202204102200	44661.91667	8.029	0.005	6	8.04	8.026	1	28.705	0.068	6	28.77	28.61	1
202204102300	44661.95833	8.035	0.014	6	8.061	8.022	1	28.865	0.189	6	29.29	28.77	1
202204110000	44662	8.055	0.005	6	8.066	8.052	1	29.634	0.134	6	29.769	29.439	1
202204110100	44662.04167	8.05	0.018	6	8.065	8.026	1	30.004	0.159	6	30.219	29.859	1
202204110200	44662.08333	8.037	0.015	6	8.053	8.008	1	30.268	0.051	5	30.328	30.198	1
202204110300	44662.125	8.04	0.014	6	8.062	8.026	1	30.318	0.032	6	30.338	30.248	1
202204110400	44662.16667	8.031	0.019	6	8.057	8.013	1	30.113	0.156	4	30.298	29.968	1
202204110500	44662.20833	8.009	0.003	6	8.013	8.004	1	29.897	0.13	6	29.967	29.627	1
202204110600	44662.25	7.976	0.023	6	8.004	7.942	1	28.952	0.287	6	29.607	28.857	1
202204110700	44662.29167	8.012	0.013	6	8.023	7.989	1	28.826	0.037	6	28.856	28.766	1
202204110800	44662.33333	8.065	0.021	6	8.09	8.032	1	28.656	0.055	6	28.756	28.616	1
202204110900	44662.375	8.132	0.027	6	8.188	8.115	1	28.791	0.133	6	28.976	28.626	1
202204111000	44662.41667	8.119	0.012	6	8.146	8.111	1	28.77	0.047	6	28.835	28.715	1
202204111100	44662.45833	8.242	0.042	6	8.269	8.163	1	28.87	0.048	6	28.935	28.805	1
202204111200	44662.5	8.252	0.037	6	8.289	8.187	1	29.384	0.209	6	29.494	28.934	1
202204111300	44662.54167	8.314	0.035	6	8.345	8.257	1	29.799	0.037	6	29.824	29.724	1
202204111400	44662.58333	8.369	0.027	6	8.414	8.346	1	29.944	0.169	6	30.254	29.824	1
202204111500	44662.625	8.355	0.015	6	8.379	8.34	1	30.418	0.076	6	30.533	30.363	1
202204111600	44662.66667	8.356	0.026	6	8.403	8.336	1	30.518	0.11	6	30.573	30.303	1
202204111700	44662.70833	8.489	0.026	6	8.513	8.442	1	30.047	0.103	6	30.202	29.952	1
202204111800	44662.75	8.444	0.026	6	8.467	8.402	1	29.437	0.375	6	29.992	29.142	1
202204111900	44662.79167	8.407	0.018	6	8.429	8.388	1	28.972	0.306	6	29.142	28.282	1
202204112000	44662.83333	8.433	0.023	6	8.474	8.403	1	28.516	0.178	6	28.831	28.341	1
202204112100	44662.875	8.494	0.013	6	8.522	8.488	1	28.076	0.129	6	28.271	27.901	1
202204112200	44662.91667	8.505	0.017	6	8.524	8.482	1	27.9	0.031	6	27.93	27.85	1
202204112300	44662.95833	8.5	0.029	6	8.526	8.448	1	27.22	0.612	6	28.01	26.74	1
202204120000	44663	8.49	0.02	6	8.521	8.473	1	27.11	0.278	6	27.57	26.79	1
202204120100	44663.04167	8.327	0.052	6	8.423	8.296	1	28.739	0.371	6	29.009	28.169	1
202204120200	44663.08333	8.31	0.014	6	8.335	8.303	1	28.749	0.193	6	29.079	28.619	1
202204120300	44663.125	8.295	0.007	6	8.309	8.289	1	29.418	0.273	6	29.648	28.938	1
202204120400	44663.16667	8.28	0.016	6	8.316	8.27	1	29.593	0.114	6	29.738	29.408	1
202204120500	44663.20833	8.252	0.03	6	8.279	8.204	1	29.838	0.184	6	29.938	29.508	1
202204120600	44663.25	8.244	0.017	6	8.258	8.213	1	29.577	0.191	6	29.937	29.447	1
202204120700	44663.29167	8.269	0.01	6	8.288	8.259	1	28.762	0.452	6	29.447	28.447	1
202204120800	44663.33333	8.345	0.031	6	8.387	8.307	1	27.696	0.254	6	28.236	27.546	1
202204120900	44663.375	8.436	0.044	6	8.5	8.381	1	27.386	0.095	6	27.586	27.326	1
202204121000	44663.41667	8.643	0.089	6	8.756	8.514	1	27.266	0.023	6	27.286	27.226	1
202204121100	44663.45833	8.718	0.069	6	8.847	8.674	1	27.215	0.202	6	27.535	26.995	1
202204121200	44663.5	8.688	0.053	6	8.708	8.568	1	26.9	0.325	6	27.595	26.695	1
202204121300	44663.54167	8.433	0.076	6	8.56	8.368	1	28.334	0.612	6	29.034	27.564	1
202204121400	44663.58333	8.423	0.052	6	8.516	8.365	1	29.199	0.122	6	29.224	28.904	1
202204121500	44663.625	8.436	0.03	6	8.459	8.38	1	29.404	0.217	6	29.784	29.264	1
202204121600	44663.66667	8.417	0.027	6	8.434	8.367	1	30.023	0.209	6	30.393	29.813	1
202204121700	44663.70833	8.442	0.021	6	8.48	8.423	1	30.503	0.19	6	30.843	30.263	1
202204121800	44663.75	8.487	0.054	6	8.591	8.441	1	30.607	0.331	6	30.842	29.962	1
202204121900	44663.79167	8.597	0.01	6	8.601	8.575	1	29.747	0.195	6	29.922	29.402	1
202204122000	44663.83333	8.633	0.026	6	8.664	8.602	1	28.837	0.266	6	29.242	28.602	1
202204122100	44663.875	8.701	0.029	6	8.716	8.651	1	28.051	0.378	6	28.521	27.571	1
202204122200	44663.91667	8.768	0.013	6	8.788	8.75	1	27.236	0.103	6	27.391	27.111	1
202204122300	44663.95833	8.748	0.022	6	8.782	8.728	1	27.05	0.029	6	27.1	27.01	1
202204130000	44664	8.726	0.018	6	8.742	8.696	1	27.075	0.126	6	27.23	26.92	1
202204130100	44664.04167	8.703	0.008	6	8.713	8.69	1	26.73	0.219	6	27.22	26.64	1
202204130200	44664.08333	8.575	0.022	6	8.604	8.544	1	28.179	0.471	6	29.039	27.839	1
202204130300	44664.125	8.605	0.041	6	8.669	8.552	1	29.044	0.183	6	29.129	28.699	1
202204130400	44664.16667	8.582	0.027	6	8.631	8.553	1	29.318	0.279	6	29.758	29.048	1
202204130500	44664.20833	8.604	0.019	6	8.608	8.568	1	30.063	0.104	6	30.168	29.878	1
202204130600	44664.25	8.547	0.015	6	8.569	8.534	1	30.238	0.19	6	30.488	30.058	1
202204130700	44664.29167	8.578	0.019	6	8.6	8.547	1	30.247	0.049	6	30.347	30.227	1
202204130800	44664.33333	8.627	0.041	6	8.686	8.591	1	30.057	0.313	6	30.127	29.297	1
202204130900	44664.375	8.709	0.045	6	8.788	8.675	1	28.371	0.272	6	28.866	28.106	1
202204131000	44664.41667	8.928	0.058	6	8.969	8.84	1	27.936	0.045	6	28.006	27.906	1
202204131100	44664.45833	9.09	0.201	6	9.418	8.981	1	27.871	0.067	6	27.976	27.796	1
202204131200	44664.5	8.878	0.031	6	8.944	8.863	1	27.4	0.106	6	27.595	27.305	1
202204131300	44664.54167	8.911	0.048	6	9.009	8.872	1	27.5	0.085	6	27.575	27.355	1
202204131400	44664.58333	8.843	0.115	6	9.043	8.787	1	27.899	0.461	6	28.544	27.284	1
202204131500	44664.625	8.753	0.061	6	8.816	8.687	1	28.614	0.366	5	29.074	28.134	1
202204131600	44664.66667	8.845	0.068	6	8.907	8.751	1	28.794	0.18	6	29.104	28.584	1
202204131700	44664.70833	8.891	0.073	6	8.967	8.782	1	30.183	0.613	6	30.443	29.103	1
202204131800	44664.75	8.759	0.01	6	8.773	8.746	1	30.678	0.052	6	30.723	30.603	1
202204131900	44664.79167	8.752	0.008	6	8.765	8.742	1	30.642	0.054	6	30.692	30.542	1
202204132000	44664.83333	8.769	0.08	6	8.956	8.761	1	30.272	0.271	6	30.482	29.832	1
202204132100	44664.875	8.84	0.099	6	9.073	8.826	1	28.902	0.398	6	29.792	28.792	1
202204132200	44664.91667	9.528	0.318	6	9.773	8.887	1	28.501	0.296	6	28.781	28.111	1
202204132300	44664.95833	9.226	0.112	6	9.315	9.059	1	27.811	0.357	6	28.121	27.321	1
202204140000	44665	8.991	0.011	6	9.013	8.983	1	27.25	0.248	6	27.51	26.98	1
202204140100	44665.04167	9.005	0.011	6	9.009	8.98	1	26.74	0.2	6	27.09	26.66	1
202204140200	44665.08333	8.971	0.018	6	8.985	8.936	1	26.89	0.425	6	27.18	26.27	1
202204140300	44665.125	8.896	0.051	6	8.969	8.851	1	27.164	0.416	6	28.019	26.859	1
202204140400	44665.16667	8.877	0.014	6	8.885	8.85	1	28.499	0.209	6	28.549	27.999	1
202204140500	44665.20833	8.881	0.023	6	8.904	8.843	1	28.693	0.355	6	29.398	28.478	1
202204140600	44665.25	8.842	0.01	6	8.85	8.823	1	29.888	0.211	6	30.058	29.498	1
202204140700	44665.29167	8.822	0.011	6	8.842	8.813	1	30.323	0.159	6	30.428	30.078	1
202204140800	44665.33333	8.907	0.026	6	8.957	8.89	1	30.057	0.253	6	30.337	29.647	1
202204140900	44665.375	9.035	0.051	6	9.104	8.976	1	29.072	0.528	6	29.497	28.357	1
202204141000	44665.41667	9.349	0.165	6	9.522	9.127	1	28.326	0.079	6	28.386	28.216	1
202204141100	44665.45833	9.685	0.66	6	10.89	9.301	1	27.951	0.3	6	28.506	27.756	1
202204141200	44665.5	9.606	0.037	6	9.638	9.536	1	27.631	0.234	6	28.056	27.516	1
202204141300	44665.54167	9.542	0.066	6	9.609	9.433	1	27.107	0.33	6	27.717	26.857	1
202204141400	44665.58333	9.396	0.079	6	9.536	9.33	1	27.268	0.112	6	27.358	27.078	1
202204141500	44665.625	9.409	0.184	6	9.611	9.173	1	27.749	0.431	6	28.299	27.269	1
202204141600	44665.66667	9.15	0.049	6	9.221	9.101	1	28.594	0.094	6	28.659	28.399	1
202204141700	44665.70833	9.536	0.055	6	9.605	9.445	1	29.6	0.102	6	29.69	29.43	1
202204141800	44665.75	9.379	0.129	6	9.483	9.153	1	30.371	0.287	6	30.661	29.871	1
202204141900	44665.79167	9.122	0.043	6	9.206	9.086	1	30.561	0.123	6	30.751	30.421	1
202204142000	44665.83333	9.122	0.028	6	9.183	9.111	1	30.402	0.085	6	30.462	30.232	1
202204142100	44665.875	9.315	0.07	6	9.341	9.187	1	28.158	0.857	6	30.133	28.083	1
202204142200	44665.91667	9.327	0.09	6	9.536	9.291	1	28.169	0.152	6	28.494	28.094	1
202204142300	44665.95833	9.462	0.084	6	9.647	9.413	1	28.099	0.162	6	28.154	27.734	1
202204150000	44666	9.472	0.035	6	9.542	9.442	1	27.31	0.107	6	27.455	27.155	1
202204150100	44666.04167	9.6	0.076	6	9.68	9.477	1	26.566	0.265	6	27.076	26.346	1
202204150200	44666.08333	9.687	0.063	6	9.74	9.575	1	26.261	0.125	6	26.436	26.116	1
202204150300	44666.125	9.566	0.02	6	9.587	9.525	1	26.472	0.05	6	26.557	26.427	1
202204150400	44666.16667	9.312	0.093	6	9.521	9.301	1	27.198	0.521	6	27.728	26.528	1
202204150500	44666.20833	9.325	0.02	6	9.358	9.306	1	27.763	0.094	6	27.858	27.608	1
202204150600	44666.25	9.273	0.056	6	9.362	9.221	1	28.534	0.521	6	28.989	27.769	1
202204150700	44666.29167	9.171	0.028	6	9.221	9.144	1	29.495	0.367	6	29.82	28.8	1
202204150800	44666.33333	9.181	0.008	6	9.189	9.168	1	29.721	0.073	6	29.761	29.571	1
202204150900	44666.375	9.246	0.035	6	9.278	9.188	1	28.671	0.414	6	29.551	28.441	1
202204151000	44666.41667	9.522	0.065	6	9.573	9.387	1	27.182	0.257	6	27.782	27.082	1
202204151100	44666.45833	9.665	0.075	6	9.776	9.582	1	27.233	0.092	6	27.383	27.123	1
202204151200	44666.5	9.86	0.054	6	9.936	9.788	1	27.058	0.19	6	27.313	26.853	1
202204151300	44666.54167	10.022	0.046	6	10.056	9.937	1	27.004	0.083	6	27.124	26.904	1
202204151400	44666.58333	10.004	0.048	6	10.081	9.941	1	26.42	0.26	6	26.885	26.225	1
202204151500	44666.625	10.046	0.069	6	10.117	9.945	1	25.901	0.215	6	26.256	25.746	1
202204151600	44666.66667	9.612	0.212	6	9.996	9.502	1	27.111	0.484	6	27.426	26.306	1
202204151700	44666.70833	9.499	0.022	6	9.54	9.478	1	27.622	0.172	6	27.887	27.427	1
202204151800	44666.75	9.587	0.078	6	9.614	9.404	1	28.723	0.467	6	29.648	28.318	1
202204151900	44666.79167	9.403	0.095	6	9.48	9.278	1	29.438	0.539	6	30.088	28.958	1
202204152000	44666.83333	9.277	0.043	6	9.362	9.244	1	30.034	0.298	6	30.209	29.459	1
202204152100	44666.875	9.386	0.015	6	9.404	9.363	1	28.74	0.194	6	28.98	28.38	1
202204152200	44666.91667	9.66	0.08	6	9.711	9.502	1	27.35	0.248	6	27.84	27.14	1
202204152300	44666.95833	9.744	0.051	6	9.85	9.713	1	26.941	0.203	6	27.111	26.571	1
202204160000	44667	9.798	0.033	6	9.836	9.744	1	26.622	0.084	6	26.772	26.542	1
202204160100	44667.04167	9.692	0.033	6	9.764	9.674	1	26.643	0.062	6	26.703	26.553	1
202204160200	44667.08333	10.283	0.139	6	10.445	10.029	1	25.973	0.125	6	26.223	25.853	1
202204160300	44667.125	10.224	0.124	6	10.438	10.079	1	25.599	0.16	6	25.844	25.404	1
202204160400	44667.16667	9.967	0.096	6	10.025	9.767	1	25.45	0.586	6	26.505	25.085	1
202204160500	44667.20833	9.745	0.036	6	9.777	9.697	1	26.61	0.266	6	26.815	26.265	1
202204160600	44667.25	9.618	0.052	6	9.724	9.585	1	27.201	0.308	6	27.476	26.636	1
202204160700	44667.29167	9.662	0.038	6	9.684	9.601	1	26.917	0.297	6	27.357	26.667	1
202204160800	44667.33333	9.512	0.06	6	9.58	9.427	1	27.978	0.399	6	28.618	27.578	1
202204160900	44667.375	9.584	0.027	6	9.607	9.544	1	27.693	0.198	6	27.998	27.518	1
202204161000	44667.41667	9.719	0.057	6	9.803	9.648	1	27.439	0.118	6	27.509	27.199	1
202204161100	44667.45833	10.148	0.147	6	10.293	9.893	1	26.4	0.321	6	26.93	26	1
202204161200	44667.5	10.452	0.095	6	10.585	10.309	1	25.435	0.168	6	25.62	25.26	1
202204161300	44667.54167	10.766	0.123	6	10.922	10.609	1	25.231	0.02	6	25.251	25.201	1
202204161400	44667.58333	10.966	0.158	6	11.107	10.711	1	25.352	0.106	6	25.512	25.222	1
202204161500	44667.625	10.684	0.048	6	10.749	10.637	1	25.363	0.008	6	25.363	25.343	1
202204161600	44667.66667	10.653	0.316	6	10.689	10.004	1	25.388	0.553	6	26.373	24.983	1
202204161700	44667.70833	9.983	0.078	6	10.044	9.853	1	26.379	0.445	6	26.924	25.724	1
202204161800	44667.75	9.67	0.144	6	9.907	9.533	1	27.505	1.111	6	29.245	26.355	1
202204161900	44667.79167	9.716	0.113	6	9.82	9.552	1	27.055	1.396	6	29.415	26.315	1
202204162000	44667.83333	9.671	0.087	6	9.801	9.596	1	28.636	0.82	6	29.126	27.086	1
202204162100	44667.875	9.627	0.032	6	9.665	9.578	1	28.222	0.384	6	28.617	27.607	1
202204162200	44667.91667	9.662	0.015	6	9.683	9.647	1	27.012	0.683	6	28.327	26.327	1
202204162300	44667.95833	9.944	0.078	6	10.03	9.814	1	26.073	0.74	6	26.558	24.718	1
202204170000	44668	10.1	0.078	6	10.232	10.031	1	25.849	0.294	6	26.319	25.529	1
202204170100	44668.04167	10.243	0.027	6	10.289	10.207	1	25.42	0.074	6	25.49	25.33	1
202204170200	44668.08333	10.206	0.109	6	10.424	10.126	1	25.355	0.096	6	25.41	25.16	1
202204170300	44668.125	10.728	0.161	6	10.851	10.451	1	24.981	0.082	6	25.121	24.891	1
202204170400	44668.16667	10.717	0.092	6	10.734	10.499	1	24.977	0.019	6	25.002	24.952	1
202204170500	44668.20833	10.094	0.145	6	10.445	10.068	1	26.132	0.525	6	26.292	24.922	1
202204170600	44668.25	10.108	0.056	6	10.151	10.003	1	26.198	0.238	6	26.643	25.983	1
202204170700	44668.29167	9.909	0.08	6	10.018	9.817	1	27.129	0.496	6	27.714	26.494	1
202204170800	44668.33333	9.956	0.072	6	10.017	9.851	1	26.85	0.481	6	27.495	26.365	1
202204170900	44668.375	9.928	0.085	6	10.018	9.797	1	27.545	0.253	6	28.085	27.355	1
202204171000	44668.41667	10.043	0.111	6	10.116	9.811	1	27.836	0.326	6	28.456	27.556	1
202204171100	44668.45833	10.238	0.07	6	10.385	10.219	1	27.292	0.371	6	27.507	26.667	1
202204171200	44668.5	10.677	0.101	6	10.821	10.536	1	25.957	0.263	6	26.277	25.577	1
202204171300	44668.54167	10.967	0.126	6	11.158	10.825	1	24.958	0.198	6	25.338	24.798	1
202204171400	44668.58333	11.304	0.104	6	11.458	11.179	1	24.689	0.028	6	24.739	24.659	1
202204171500	44668.625	11.396	0.095	6	11.542	11.265	1	24.504	0.138	6	24.739	24.349	1
202204171600	44668.66667	11.113	0.036	6	11.194	11.09	1	24.695	0.117	6	24.85	24.56	1
202204171700	44668.70833	10.373	0.311	6	11.111	10.304	1	26.301	0.627	6	26.571	24.911	1
202204171800	44668.75	10.246	0.151	6	10.42	9.97	1	26.747	0.517	6	27.902	26.452	1
202204171900	44668.79167	9.748	0.111	6	9.945	9.693	1	29.657	0.945	6	30.032	28.012	1
202204172000	44668.83333	10.006	0.042	6	10.073	9.975	1	28.158	0.272	6	28.483	27.723	1
202204172100	44668.875	9.634	0.166	6	10.022	9.588	1	30.329	0.929	6	30.514	28.114	1
202204172200	44668.91667	9.729	0.094	6	9.843	9.63	1	29.789	0.61	6	30.294	28.824	1
202204172300	44668.95833	9.897	0.15	6	10.19	9.836	1	28.27	0.818	6	28.915	27.085	1
202204180000	44669	10.312	0.046	6	10.339	10.212	1	26.566	0.21	6	26.996	26.406	1
202204180100	44669.04167	10.346	0.014	6	10.372	10.332	1	26.142	0.078	6	26.287	26.067	1
202204180200	44669.08333	10.626	0.1	6	10.65	10.394	1	25.262	0.253	6	25.847	25.227	1
202204180300	44669.125	10.568	0.222	6	11.037	10.459	1	25.243	0.358	6	25.498	24.518	1
202204180400	44669.16667	11.015	0.071	6	11.153	10.956	1	24.464	0.118	6	24.589	24.319	1
202204180500	44669.20833	10.909	0.197	6	10.954	10.45	1	24.684	0.571	6	26.049	24.639	1
202204180600	44669.25	10.492	0.031	6	10.509	10.425	1	26.05	0.095	6	26.22	25.93	1
202204180700	44669.29167	10.328	0.161	6	10.474	10.085	1	26.671	0.781	6	27.931	26.061	1
202204180800	44669.33333	10.128	0.142	6	10.27	9.959	1	27.952	0.555	6	28.642	27.282	1
202204180900	44669.375	10.234	0.062	6	10.317	10.163	1	27.592	0.174	6	27.712	27.282	1
202204181000	44669.41667	10.101	0.149	6	10.269	9.908	1	28.403	0.693	6	29.413	27.733	1
202204181100	44669.45833	10.478	0.113	6	10.582	10.284	1	28.149	0.256	6	28.674	27.984	1
202204181200	44669.5	10.732	0.131	6	10.88	10.558	1	27.054	0.573	6	28.064	26.514	1
202204181300	44669.54167	11.175	0.144	6	11.316	10.944	1	25.975	0.256	6	26.425	25.755	1
202204181400	44669.58333	11.775	0.379	6	12.265	11.402	1	25.811	0.119	6	25.896	25.606	1
202204181500	44669.625	12.076	0.143	6	12.174	11.816	1	25.456	0.152	6	25.506	25.116	1
202204181600	44669.66667	11.727	0.168	6	11.867	11.478	1	24.822	0.111	6	24.907	24.627	1
202204181700	44669.70833	11.44	0.018	6	11.463	11.408	1	25.053	0.063	6	25.158	25.008	1
202204181800	44669.75	10.543	0.094	6	10.758	10.496	1	27.094	0.235	6	27.189	26.559	1
202204181900	44669.79167	10.364	0.086	6	10.459	10.239	1	28.039	0.358	6	28.359	27.489	1
202204182000	44669.83333	9.848	0.137	6	10.16	9.8	1	30.61	0.616	6	30.76	29.17	1
202204182100	44669.875	10.239	0.029	6	10.272	10.187	1	28.951	0.206	6	29.351	28.781	1
202204182200	44669.91667	9.81	0.091	6	9.998	9.744	1	30.811	0.355	6	31.061	30.041	1
202204182300	44669.95833	9.958	0.06	6	9.982	9.829	1	29.547	0.573	6	30.882	29.492	1
202204190000	44670	10.327	0.173	6	10.483	10.03	1	28.113	0.619	6	29.363	27.633	1
202204190100	44670.04167	10.527	0.048	6	10.615	10.493	1	27.319	0.126	6	27.574	27.244	1
202204190200	44670.08333	10.746	0.067	6	10.786	10.608	1	27.044	0.113	5	27.244	26.944	1
202204190300	44670.125	10.946	0.234	6	11.227	10.645	1	25.735	0.477	5	26.625	25.475	1
202204190400	44670.16667	11.359	0.105	6	11.457	11.208	1	25.141	0.25	6	25.446	24.906	1
202204190500	44670.20833	11.293	0.071	6	11.422	11.221	1	25.231	0.157	6	25.446	25.006	1
202204190600	44670.25	10.59	0.315	6	11.192	10.568	1	27.162	0.911	6	27.287	25.457	1
202204190700	44670.29167	10.555	0.078	6	10.588	10.379	1	27.568	0.331	6	28.228	27.308	1
202204190800	44670.33333	10.349	0.044	6	10.412	10.277	1	28.523	0.189	6	28.758	28.228	1
202204190900	44670.375	10.281	0.119	6	10.395	10.073	1	29.119	0.357	5	29.859	29.009	1
202204191000	44670.41667	10.126	0.104	6	10.312	10.024	1	29.855	0.434	6	30.17	28.95	1
202204191100	44670.45833	10.389	0.264	6	10.845	10.206	1	29.686	0.578	6	30.021	28.731	1
202204191200	44670.5	11.053	0.056	6	11.129	10.991	1	28.246	0.281	6	28.571	27.871	1
202204191300	44670.54167	11.406	0.185	6	11.525	11.113	1	26.777	0.437	6	27.572	26.532	1
202204191400	44670.58333	11.809	0.13	6	11.92	11.58	1	25.983	0.28	6	26.543	25.893	1
202204191500	44670.625	12.01	0.062	6	12.132	11.947	1	25.983	0.032	6	26.043	25.963	1
202204191600	44670.66667	12.209	0.076	6	12.357	12.194	1	25.424	0.405	6	25.904	24.954	1
202204191700	44670.70833	11.915	0.173	6	12.249	11.849	1	25.47	0.232	6	25.625	25.095	1
202204191800	44670.75	11.823	0.348	6	11.833	11.045	1	25.726	0.599	6	27.086	25.676	1
202204191900	44670.79167	11.01	0.055	6	11.102	10.971	1	27.126	0.153	6	27.286	26.866	1
202204192000	44670.83333	10.762	0.079	6	10.843	10.666	1	27.967	0.309	6	28.467	27.707	1
202204192100	44670.875	10.517	0.11	6	10.672	10.342	1	29.408	0.36	6	29.928	28.888	1
202204192200	44670.91667	10.371	0.141	6	10.588	10.277	1	29.603	0.418	6	30.248	29.288	1
202204192300	44670.95833	10.318	0.08	6	10.449	10.235	1	29.899	0.433	6	30.199	29.139	1
202204200000	44671	10.836	0.299	6	11.154	10.515	1	27.985	0.648	6	28.84	27.46	1
202204200100	44671.04167	11.23	0.122	6	11.413	11.14	1	27.101	0.417	6	27.481	26.571	1
202204200200	44671.08333	11.452	0.045	6	11.519	11.412	1	26.416	0.106	6	26.531	26.281	1
202204200300	44671.125	11.38	0.086	6	11.567	11.331	1	26.242	0.196	6	26.422	25.932	1
202204200400	44671.16667	11.808	0.156	6	11.95	11.518	1	25.583	0.215	6	25.933	25.343	1
202204200500	44671.20833	11.938	0.047	6	11.973	11.849	1	25.468	0.051	6	25.523	25.393	1
202204200600	44671.25	11.672	0.164	6	11.833	11.379	1	24.829	0.525	6	25.914	24.494	1
202204200700	44671.29167	11.377	0.066	6	11.42	11.26	1	25.945	0.231	6	26.345	25.755	1
202204200800	44671.33333	11.144	0.275	6	11.44	10.895	1	26.875	1.033	6	27.855	25.815	1
202204200900	44671.375	11.154	0.266	6	11.485	10.764	1	27.076	0.778	6	28.296	26.146	1
202204201000	44671.41667	10.851	0.206	6	11.219	10.622	1	28.097	0.626	6	28.917	27.107	1
202204201100	44671.45833	10.949	0.827	5	12.417	10.568	1	28.838	0.662	5	29.118	27.788	1
202204201200	44671.5	11.465	0.177	6	11.52	11.068	1	27.503	0.344	6	28.268	27.308	1
202204201300	44671.54167	11.639	0.13	6	11.839	11.52	1	26.732	0.35	6	27.167	26.287	1
202204201400	44671.58333	12.017	0.078	6	12.109	11.884	1	26.082	0.039	6	26.157	26.047	1
202204201500	44671.625	12.263	0.073	6	12.354	12.162	1	26.077	0.067	6	26.107	25.957	1
202204201600	44671.66667	12.674	0.172	6	12.766	12.334	1	25.427	0.322	6	26.097	25.247	1
202204201700	44671.70833	12.754	0.06	6	12.829	12.648	1	25.291	0.132	6	25.476	25.066	1
202204201800	44671.75	12.733	0.054	6	12.821	12.658	1	25.111	0.094	6	25.266	24.976	1
202204201900	44671.79167	12.047	0.377	6	12.589	11.692	1	25.706	0.532	6	26.256	25.106	1
202204202000	44671.83333	11.736	0.045	6	11.771	11.656	1	26.101	0.126	6	26.336	25.996	1
202204202100	44671.875	11.334	0.206	6	11.629	11.126	1	27.14	0.75	6	28.195	26.375	1
202204202200	44671.91667	11.186	0.086	6	11.255	11.042	1	27.665	0.363	6	28.365	27.365	1
202204202300	44671.95833	10.965	0.087	6	11.088	10.875	1	28.355	0.273	6	28.635	27.945	1
202204210000	44672	10.924	0.126	6	11.109	10.79	1	28.335	0.581	6	28.925	27.495	1
202204210100	44672.04167	11.14	0.159	6	11.462	11.064	1	27.314	0.422	6	27.564	26.544	1
202204210200	44672.08333	11.74	0.101	6	11.824	11.558	1	25.979	0.278	6	26.404	25.724	1
202204210300	44672.125	11.801	0.01	6	11.812	11.787	1	25.719	0.015	6	25.734	25.694	1
202204210400	44672.16667	11.772	0.078	6	11.901	11.661	1	25.674	0.094	6	25.684	25.444	1
202204210500	44672.20833	11.883	0.047	6	11.955	11.833	1	25.473	0.064	6	25.543	25.373	1
202204210600	44672.25	12.074	0.041	6	12.098	11.997	1	25.178	0.08	6	25.233	25.053	1
202204210700	44672.29167	11.779	0.224	6	12	11.425	1	25.303	0.785	6	26.453	24.543	1
202204210800	44672.33333	11.601	0.097	6	11.665	11.403	1	26.023	0.272	6	26.563	25.803	1
202204210900	44672.375	11.214	0.274	6	11.676	11.03	1	27.413	0.687	6	28.003	26.363	1
202204211000	44672.41667	11.512	0.252	6	11.789	11.164	1	26.712	0.611	6	27.562	26.052	1
202204211100	44672.45833	11.252	0.068	6	11.382	11.196	1	27.717	0.356	6	28.342	27.312	1
202204211200	44672.5	11.055	0.296	6	11.54	10.619	1	28.792	0.676	6	29.772	27.722	1
202204211300	44672.54167	11.621	0.099	6	11.786	11.524	1	27.627	0.381	6	27.872	26.902	1
202204211400	44672.58333	11.922	0.045	6	11.975	11.852	1	26.476	0.193	4	26.601	26.151	1
202204211500	44672.625	12.039	0.044	6	12.118	11.993	1	26.491	0.023	3	26.531	26.491	1
202204211600	44672.66667	12.155	0.054	6	12.267	12.13	1	26.131	0.245	6	26.511	25.891	1
202204211700	44672.70833	12.477	0.053	6	12.529	12.407	1	25.301	0.195	5	25.611	25.131	1
202204211800	44672.75	12.761	0.11	6	12.854	12.596	1	24.93	0.509	2	25.29	24.57	1
202204211900	44672.79167	12.66	0.086	6	12.768	12.55	1	25.35	0.061	5	25.37	25.24	1
202204212000	44672.83333	11.863	0.31	6	12.533	11.791	1	26.125	0.404	6	26.31	25.34	1
202204212100	44672.875	11.924	0.017	6	11.94	11.894	1	26.005	0.102	6	26.07	25.8	1
202204212200	44672.91667	11.398	0.134	6	11.698	11.34	1	27.489	0.495	5	27.829	26.539	1
202204212300	44672.95833	11.419	0.044	6	11.436	11.321	1	27.569	0.149	6	27.759	27.399	1
202204220000	44673	11.166	0.07	6	11.274	11.054	1	28.309	0.217	5	28.549	27.949	1
202204220100	44673.04167	11.35	0.095	6	11.401	11.14	1	27.524	0.321	6	28.239	27.389	1
202204220200	44673.08333	11.789	0.237	6	11.991	11.425	1	26.369	0.468	6	27.189	26.049	1
202204220300	44673.125	12.06	0.023	6	12.067	12.004	1	25.768	0.085	6	25.958	25.728	1
202204220400	44673.16667	12.058	0.047	6	12.124	12.003	1	25.643	0.055	6	25.708	25.568	1
202204220500	44673.20833	12.006	0.082	6	12.05	11.819	1	25.588	0.064	6	25.738	25.568	1
202204220600	44673.25	12.027	0.176	6	12.284	11.773	1	25.548	0.128	6	25.728	25.358	1
202204220700	44673.29167	12.211	0.079	6	12.306	12.128	1	25.187	0.14	6	25.317	24.957	1
202204220800	44673.33333	11.902	0.164	6	12.117	11.731	1	25.627	0.542	6	26.097	24.837	1
202204220900	44673.375	11.885	0.234	6	11.946	11.353	1	25.727	0.776	6	27.457	25.537	1
202204221000	44673.41667	11.571	0.245	6	11.887	11.311	1	26.952	0.672	6	27.617	26.077	1
202204221100	44673.45833	11.41	0.258	6	11.535	10.951	1	27.381	0.791	6	28.836	27.076	1
202204221200	44673.5	10.937	0.13	6	11.15	10.754	1	28.796	0.099	2	28.866	28.726	1
202204221300	44673.54167	11.642	0.253	6	11.69	11.028	1	27.556	0.183	5	27.956	27.516	1
202204221400	44673.58333	12.001	0.107	6	12.06	11.785	1	26.556	0.401	6	27.376	26.346	1
202204221500	44673.625	12.154	0.052	6	12.223	12.089	1	26.615	0.099	5	26.625	26.395	1
202204221600	44673.66667	12.337	0.057	6	12.394	12.258	1	26.455	0.075	5	26.545	26.345	1
202204221700	44673.70833	12.46	0.117	6	12.66	12.375	1	26.27	0.242	6	26.505	25.885	1
202204221800	44673.75	12.642	0.059	6	12.704	12.555	1	24.95	0.153	6	25.135	24.715	1
202204221900	44673.79167	12.893	0.09	6	12.944	12.721	1	24.349	0.055	6	24.434	24.304	1
202204222000	44673.83333	12.729	0.07	6	12.876	12.71	1	23.819	0.432	6	24.694	23.544	1
202204222100	44673.875	12.419	0.139	6	12.661	12.276	1	25.259	0.092	6	25.444	25.214	1
202204222200	44673.91667	12.233	0.258	6	12.268	11.693	1	25.584	0.685	6	26.994	25.554	1
202204222300	44673.95833	11.994	0.039	6	12.09	11.992	1	26.214	0.116	5	26.224	25.954	1
202204230000	44674	11.45	0.135	6	11.776	11.43	1	27.713	0.372	5	27.753	27.013	1
202204230100	44674.04167	11.465	0.032	6	11.537	11.452	1	27.558	0.049	6	27.623	27.473	1
202204230200	44674.08333	11.663	0.04	6	11.692	11.575	1	26.638	0.36	6	27.273	26.373	1
202204230300	44674.125	11.975	0.187	6	12.193	11.722	1	25.893	0.378	6	26.433	25.503	1
202204230400	44674.16667	12.239	0.032	6	12.269	12.196	1	25.307	0.072	6	25.442	25.232	1
202204230500	44674.20833	12.269	0.035	6	12.299	12.211	1	25.252	0.017	6	25.282	25.232	1
202204230600	44674.25	12.255	0.044	6	12.271	12.174	1	25.282	0.019	6	25.292	25.242	1
202204230700	44674.29167	12.305	0.081	6	12.446	12.257	1	25.387	0.06	6	25.422	25.282	1
202204230800	44674.33333	12.316	0.046	6	12.423	12.303	1	25.006	0.155	6	25.221	24.831	1
202204230900	44674.375	12.165	0.13	6	12.267	11.934	1	25.401	0.211	5	25.661	25.131	1.167
202204231000	44674.41667	12.137	0.287	6	12.17	11.567	1	24.686	0.828	6	25.571	23.411	1
202204231100	44674.45833	12.135	0.105	6	12.15	11.912	1	24.151	1.075	2	24.911	23.391	1
202204231200	44674.5	11.542	0.103	6	11.688	11.394	1	24.94	0.161	6	25.17	24.76	1
202204231300	44674.54167	11.395	0.138	6	11.502	11.118	1	25.36	1.136	5	27.58	25.13	1
202204231400	44674.58333	11.796	0.21	6	11.904	11.326	1	27.095	0.079	4	27.18	27	1
202204231500	44674.625	12.227	0.18	6	12.484	12.001	1	25.76	0.814	6	27.3	25.25	1
202204231600	44674.66667	12.644	0.044	6	12.662	12.557	1	25.085	0.048	6	25.14	25	1
202204231700	44674.70833	12.701	0.027	6	12.726	12.67	1	24.759	0.264	6	25.089	24.399	1
202204231800	44674.75	12.693	0.024	6	12.731	12.669	1	24.559	0.13	6	24.759	24.399	1
202204231900	44674.79167	12.641	0.034	6	12.719	12.629	1	24.924	0.55	6	25.659	24.419	1
202204232000	44674.83333	12.956	0.119	6	13.048	12.761	1	25.334	0.114	6	25.509	25.149	1
202204232100	44674.875	12.797	0.076	6	12.939	12.741	1	25.138	0.162	5	25.278	24.848	1
202204232200	44674.91667	12.63	0.173	6	12.756	12.356	1	25.228	0.208	3	25.248	24.878	1
202204232300	44674.95833	12.303	0.197	6	12.342	11.909	1	25.503	0.693	6	27.068	25.468	1
202204240000	44675	11.961	0.092	6	12.089	11.867	1	26.808	0.356	6	27.198	26.378	1
202204240100	44675.04167	11.613	0.171	6	11.804	11.329	1	27.677	0.373	5	28.147	27.187	1
202204240200	44675.08333	11.448	0.062	6	11.561	11.371	1	28.042	0.313	6	28.457	27.627	1
202204240300	44675.125	11.792	0.152	6	11.863	11.485	1	25.667	1.185	4	27.967	25.477	1
202204240400	44675.16667	11.918	0.108	6	12.099	11.827	1	25.877	0.325	5	26.317	25.567	1
202204240500	44675.20833	12.424	0.1	6	12.453	12.194	1	26.016	0.1	5	26.026	25.796	1
202204240600	44675.25	12.452	0.01	6	12.47	12.441	1	25.981	0.102	6	25.996	25.736	1
202204240700	44675.29167	12.451	0.01	6	12.462	12.437	1	25.976	0.014	6	25.996	25.966	1
202204240800	44675.33333	12.463	0.042	6	12.506	12.396	1	26.016	0.039	6	26.056	25.956	1
202204240900	44675.375	12.331	0.117	6	12.365	12.061	1	25.881	0.297	6	26.386	25.646	1
202204241000	44675.41667	12.162	0.124	6	12.327	11.998	1	26.345	0.205	6	26.585	26.055	1
202204241100	44675.45833	12.157	0.234	6	12.17	11.585	1	26.525	0.634	6	28.055	26.445	1
202204241200	44675.5	11.556	0.125	6	11.67	11.333	1	28.28	0.335	6	28.975	27.995	1
202204241300	44675.54167	11.307	0.232	6	11.624	11.098	1	28.985	0.67	6	29.535	28.015	1
202204241400	44675.58333	11.088	0.086	6	11.258	11.027	1	29.719	0.17	6	29.994	29.494	1
202204241500	44675.625	11.541	0.108	6	11.715	11.389	1	28.714	0.192	5	29.124	28.644	1
202204241600	44675.66667	12.157	0.11	6	12.202	11.921	1	27.514	0.218	6	27.934	27.454	1
202204241700	44675.70833	12.155	0.009	6	12.16	12.139	1	27.424	0.005	6	27.434	27.424	1
202204241800	44675.75	12.126	0.034	6	12.141	12.051	1	27.453	0.083	6	27.633	27.423	1
202204241900	44675.79167	12.087	0.061	6	12.138	12.002	1	27.463	0.138	6	27.603	27.263	1
202204242000	44675.83333	12.268	0.134	6	12.551	12.174	1	27.008	0.186	6	27.113	26.633	1
202204242100	44675.875	12.794	0.036	6	12.851	12.771	1	26.208	0.047	6	26.223	26.123	1
202204242200	44675.91667	12.701	0.05	6	12.799	12.672	1	26.372	0.066	6	26.392	26.222	1
202204242300	44675.95833	12.579	0.026	6	12.622	12.55	1	26.157	0.17	6	26.272	25.802	1
202204250000	44676	12.189	0.159	6	12.504	12.105	1	26.572	0.171	6	26.642	26.242	1
202204250100	44676.04167	11.884	0.137	6	12.1	11.767	1	27.472	0.487	6	27.742	26.602	1
202204250200	44676.08333	11.834	0.083	6	11.886	11.674	1	27.591	0.208	6	28.001	27.451	1
202204250300	44676.125	11.558	0.045	6	11.599	11.491	1	28.246	0.149	6	28.421	28.021	1
202204250400	44676.16667	11.737	0.023	6	11.759	11.696	1	27.476	0.095	6	27.711	27.471	1
202204250500	44676.20833	11.715	0.055	6	11.837	11.679	1	27.466	0.128	6	27.541	27.201	1
202204250600	44676.25	12.22	0.055	6	12.234	12.089	1	26.536	0.101	6	26.781	26.521	1
202204250700	44676.29167	12.23	0.015	6	12.258	12.213	1	26.43	0.044	6	26.45	26.33	1
202204250800	44676.33333	12.188	0.052	6	12.246	12.116	1	26.435	0.028	6	26.47	26.4	1
202204250900	44676.375	12.103	0.074	6	12.267	12.068	1	26.515	0.092	6	26.66	26.44	1
202204251000	44676.41667	12.264	0.051	6	12.312	12.177	1	26.41	0.205	6	26.5	25.96	1
202204251100	44676.45833	12.155	0.125	6	12.188	11.912	1	26.084	0.505	6	27.019	25.859	1
202204251200	44676.5	11.947	0.049	6	12.013	11.882	1	26.834	0.133	6	26.979	26.659	1
202204251300	44676.54167	11.634	0.133	6	11.856	11.489	1	27.804	0.444	6	28.199	26.989	1
202204251400	44676.58333	11.512	0.051	6	11.586	11.454	1	28.124	0.182	6	28.399	27.959	1
202204251500	44676.625	11.25	0.141	6	11.488	11.162	1	29.028	0.48	6	29.318	28.198	1
202204251600	44676.66667	11.2	0.097	6	11.385	11.147	1	29.078	0.317	6	29.398	28.568	1
202204251700	44676.70833	11.444	0.133	6	11.724	11.413	1	28.368	0.344	6	28.468	27.648	1
202204251800	44676.75	11.793	0.02	6	11.812	11.763	1	27.368	0.037	6	27.458	27.358	1
202204251900	44676.79167	11.692	0.057	6	11.758	11.625	1	27.387	0.046	6	27.467	27.357	1
202204252000	44676.83333	11.701	0.032	6	11.741	11.658	1	27.127	0.161	6	27.427	27.007	1
202204252100	44676.875	11.681	0.065	6	11.779	11.617	1	26.947	0.088	6	27.097	26.857	1
202204252200	44676.91667	11.901	0.045	6	11.948	11.824	1	26.567	0.107	6	26.797	26.507	1
202204252300	44676.95833	12.107	0.045	6	12.134	12.005	1	26.257	0.066	6	26.377	26.187	1
202204260000	44677	12.091	0.013	6	12.102	12.064	1	26.331	0.023	6	26.356	26.286	1
202204260100	44677.04167	11.898	0.041	6	11.927	11.825	1	26.216	0.319	6	26.776	26.116	1
202204260200	44677.08333	11.724	0.056	6	11.847	11.704	1	26.741	0.069	6	26.836	26.646	1
202204260300	44677.125	11.586	0.076	6	11.677	11.487	1	27.621	0.371	6	27.886	27.006	1
202204260400	44677.16667	11.417	0.041	6	11.444	11.358	1	27.955	0.063	6	28.065	27.925	1
202204260500	44677.20833	11.272	0.05	6	11.364	11.244	1	27.885	0.242	6	28.235	27.565	1
202204260600	44677.25	11.327	0.046	6	11.371	11.262	1	28.02	0.164	6	28.215	27.805	1
202204260700	44677.29167	11.439	0.106	6	11.639	11.377	1	27.65	0.361	6	27.795	26.885	1
202204260800	44677.33333	11.734	0.025	6	11.753	11.683	1	26.729	0.028	6	26.784	26.704	1
202204260900	44677.375	11.766	0.029	6	11.791	11.712	1	26.899	0.112	6	27.014	26.754	1
202204261000	44677.41667	11.869	0.045	6	11.918	11.799	1	26.824	0.164	6	26.964	26.634	1
202204261100	44677.45833	11.918	0.051	6	11.978	11.83	1	26.619	0.114	6	26.814	26.524	1
202204261200	44677.5	11.922	0.02	6	11.941	11.89	1	26.683	0.087	6	26.703	26.503	1
202204261300	44677.54167	11.711	0.167	6	11.943	11.569	1	26.983	0.414	6	27.453	26.543	1
202204261400	44677.58333	11.55	0.032	6	11.571	11.49	1	27.563	0.118	6	27.773	27.473	1
202204261500	44677.625	11.458	0.013	6	11.48	11.451	1	28.298	0.186	6	28.593	28.043	1
202204261600	44677.66667	11.202	0.162	6	11.456	11.011	1	29.562	0.474	6	29.852	28.692	1
202204261700	44677.70833	10.909	0.03	6	10.977	10.893	1	30.087	0.069	6	30.192	29.982	1
202204261800	44677.75	11.193	0.144	6	11.273	10.919	1	29.182	0.48	6	30.172	28.972	1
202204261900	44677.79167	11.376	0.159	6	11.559	11.185	1	28.542	0.507	6	29.122	28.052	1
202204262000	44677.83333	11.743	0.162	6	11.889	11.514	1	27.867	0.14	6	28.012	27.672	1
202204262100	44677.875	11.843	0.082	6	11.937	11.738	1	27.691	0.043	6	27.791	27.681	1
202204262200	44677.91667	11.809	0.014	6	11.823	11.786	1	27.646	0.083	6	27.701	27.471	1
202204262300	44677.95833	11.824	0.039	6	11.865	11.755	1	27.091	0.372	6	27.431	26.651	1
202204270000	44678	11.882	0.054	6	11.923	11.775	1	26.616	0.169	6	26.911	26.431	1
202204270100	44678.04167	11.902	0.014	6	11.915	11.879	1	26.565	0.045	6	26.6	26.47	1
202204270200	44678.08333	11.727	0.051	6	11.819	11.663	1	26.185	0.264	6	26.78	26.12	1
202204270300	44678.125	11.616	0.04	6	11.68	11.581	1	27.155	0.112	6	27.26	26.98	1
202204270400	44678.16667	11.443	0.105	6	11.609	11.347	1	27.71	0.473	6	28.07	26.99	1
202204270500	44678.20833	11.296	0.033	6	11.344	11.262	1	28.239	0.103	6	28.379	28.149	1
202204270600	44678.25	11.31	0.022	6	11.327	11.268	1	28.279	0.029	6	28.309	28.229	1
202204270700	44678.29167	11.328	0.063	6	11.369	11.227	1	27.619	0.288	6	28.179	27.359	1
202204270800	44678.33333	11.371	0.028	6	11.436	11.361	1	27.394	0.098	6	27.449	27.229	1
202204270900	44678.375	11.538	0.059	6	11.616	11.462	1	26.903	0.258	6	27.238	26.538	1
202204271000	44678.41667	11.551	0.059	6	11.617	11.478	1	27.033	0.182	6	27.278	26.798	1
202204271100	44678.45833	11.826	0.099	6	11.926	11.661	1	26.923	0.149	6	27.198	26.768	1
202204271200	44678.5	11.941	0.034	6	11.988	11.905	1	26.538	0.452	6	26.658	25.468	1
202204271300	44678.54167	11.909	0.016	6	11.943	11.9	1	26.363	0.235	6	26.548	25.938	1
202204271400	44678.58333	11.986	0.1	6	12.034	11.764	1	26.627	0.195	5	27.047	26.567	1
202204271500	44678.625	11.52	0.077	6	11.671	11.451	1	27.537	0.135	6	27.687	27.387	1
202204271600	44678.66667	11.499	0.045	6	11.603	11.482	1	28.027	0.291	6	28.087	27.357	1
202204271700	44678.70833	11.307	0.118	6	11.442	11.175	1	29.082	0.311	6	29.487	28.697	1
202204271800	44678.75	10.959	0.056	6	11.065	10.911	1	29.921	0.12	6	30.056	29.756	1
202204271900	44678.79167	11.063	0.11	6	11.231	10.962	1	29.756	0.488	5	29.956	28.736	1
202204272000	44678.83333	11.264	0.1	6	11.464	11.211	1	28.166	0.359	5	28.716	27.776	1
202204272100	44678.875	11.509	0.21	6	11.982	11.454	1	27.536	0.144	5	27.746	27.416	1
202204272200	44678.91667	11.9	0.075	6	11.95	11.771	1	27.305	0.119	6	27.415	27.085	1
202204272300	44678.95833	11.847	0.027	6	11.888	11.828	1	27.105	0.2	5	27.275	26.785	1
202204280000	44679	11.758	0.024	6	11.795	11.722	1	26.73	0.231	6	26.885	26.265	1
202204280100	44679.04167	11.708	0.022	6	11.717	11.661	1	26.43	0.202	6	26.735	26.295	1
202204280200	44679.08333	11.716	0.013	6	11.737	11.7	1	26.414	0.042	5	26.444	26.344	1
202204280300	44679.125	11.68	0.028	6	11.716	11.643	1	26.374	0.06	6	26.424	26.274	1
202204280400	44679.16667	11.575	0.03	6	11.607	11.533	1	27.034	0.226	5	27.104	26.544	1
202204280500	44679.20833	11.438	0.052	6	11.532	11.385	1	27.474	0.229	6	27.784	27.134	1
202204280600	44679.25	11.352	0.036	6	11.405	11.301	1	27.764	0.36	6	28.164	27.074	1
202204280700	44679.29167	11.318	0.032	6	11.379	11.292	1	28.263	0.037	6	28.303	28.203	1
202204280800	44679.33333	11.4	0.025	6	11.425	11.366	1	27.658	0.25	6	28.153	27.573	1
202204280900	44679.375	11.435	0.035	6	11.496	11.394	1	26.448	0.106	2	26.523	26.373	1
202204281000	44679.41667	11.598	0.028	6	11.637	11.553	1	    NaN 	    NaN 	    NaN 	    NaN 	    NaN 	9
202204281100	44679.45833	11.766	0.082	3	11.871	11.709	4.5	26.782	0.235	3	27.012	26.542	4.5
202204281200	44679.5	11.965	0.142	6	12.294	11.909	1	27.297	0.159	6	27.592	27.172	1
202204281300	44679.54167	11.845	0.103	6	12.039	11.792	1	27.222	0.156	6	27.512	27.092	1
202204281400	44679.58333	11.817	0.009	6	11.835	11.809	1	26.922	0.059	6	27.002	26.852	1
202204281500	44679.625	11.841	0.136	6	11.859	11.509	1	26.808	0.415	6	27.763	26.673	1
202204281600	44679.66667	11.5	0.022	6	11.549	11.49	1	27.818	0.052	6	27.843	27.703	1
202204281700	44679.70833	11.362	0.084	6	11.458	11.198	1	28.548	0.476	6	29.463	27.993	1
202204281800	44679.75	11.053	0.051	6	11.12	10.99	1	30.018	0.305	6	30.373	29.573	1
202204281900	44679.79167	10.912	0.038	6	10.949	10.859	1	30.698	0.232	6	30.963	30.453	1
202204282000	44679.83333	11.089	0.095	6	11.138	10.936	1	29.463	0.588	6	30.433	29.173	1
202204282100	44679.875	11.243	0.072	6	11.292	11.121	1	28.363	0.453	6	29.233	28.143	1
202204282200	44679.91667	11.283	0.038	6	11.334	11.229	1	28.088	0.078	6	28.193	27.983	1
202204282300	44679.95833	11.293	0.045	6	11.335	11.212	1	27.853	0.063	6	27.953	27.793	1
202204290000	44680	11.275	0.048	6	11.312	11.184	1	27.653	0.072	6	27.803	27.593	1
202204290100	44680.04167	11.392	0.056	6	11.471	11.326	1	27.479	0.082	6	27.524	27.334	1
202204290200	44680.08333	11.524	0.019	6	11.533	11.481	1	27.254	0.031	6	27.324	27.234	1
202204290300	44680.125	11.442	0.053	6	11.507	11.377	1	26.514	0.347	6	27.064	26.254	1
202204290400	44680.16667	11.415	0.022	6	11.433	11.378	1	26.844	0.569	6	27.674	26.414	1
202204290500	44680.20833	11.359	0.028	6	11.391	11.32	1	27.604	0.311	6	27.784	27.044	1
202204290600	44680.25	11.225	0.11	6	11.296	11.028	1	28.379	0.475	6	28.884	27.564	1
202204290700	44680.29167	11.081	0.04	6	11.118	11.012	1	28.839	0.153	6	29.184	28.774	1
202204290800	44680.33333	11.022	0.039	5	11.091	10.99	4.167	28.994	0.211	5	29.344	28.794	4.167
202204290900	44680.375	11.184	0.05	6	11.204	11.07	1	28.249	0.226	6	28.754	28.154	1
202204291000	44680.41667	11.3	0.04	6	11.339	11.239	1	27.8	0.163	6	28.045	27.635	1
202204291100	44680.45833	11.383	0.025	6	11.408	11.337	1	27.79	0.141	6	27.915	27.605	1
202204291200	44680.5	11.495	0.059	7	11.627	11.45	1	27.785	0.156	7	27.875	27.405	1
202204291300	44680.54167	11.65	0.048	6	11.723	11.587	1	27.475	0.103	6	27.675	27.365	1
202204291400	44680.58333	11.543	0.021	6	11.557	11.502	1	27.215	0.151	6	27.535	27.135	1
202204291500	44680.625	11.531	0.009	6	11.547	11.523	1	27.055	0.183	6	27.175	26.765	1
202204291600	44680.66667	11.361	0.102	6	11.52	11.287	1	27.68	0.568	6	28.055	26.735	1
202204291700	44680.70833	11.265	0.064	6	11.303	11.164	1	28.175	0.326	6	28.715	27.995	1
202204291800	44680.75	10.95	0.135	6	11.171	10.876	1	29.94	0.763	6	30.395	28.705	1
202204291900	44680.79167	10.919	0.099	6	11.013	10.779	1	30.16	0.585	6	30.915	29.525	1
202204292000	44680.83333	10.77	0.035	6	10.819	10.734	1	30.901	0.22	6	31.126	30.556	1
202204292100	44680.875	10.944	0.074	6	10.963	10.796	1	29.586	0.48	6	30.606	29.446	1
202204292200	44680.91667	11.142	0.07	6	11.201	11.017	1	28.426	0.287	6	28.976	28.256	1
202204292300	44680.95833	11.147	0.061	6	11.209	11.067	1	28.201	0.067	6	28.286	28.116	1
202204300000	44681	11.073	0.006	6	11.082	11.065	1	27.876	0.035	6	27.916	27.816	1
202204300100	44681.04167	11.118	0.069	6	11.229	11.059	1	27.721	0.078	6	27.856	27.626	1
202204300200	44681.08333	11.298	0.092	6	11.35	11.135	1	27.556	0.073	6	27.666	27.506	1
202204300300	44681.125	11.346	0.017	6	11.355	11.311	1	27.466	0.167	6	27.516	27.106	1
202204300400	44681.16667	11.253	0.029	6	11.301	11.222	1	26.816	0.322	6	27.556	26.686	1
202204300500	44681.20833	11.209	0.01	6	11.227	11.201	1	27.901	0.081	6	28.016	27.806	1
202204300600	44681.25	11.161	0.046	6	11.205	11.086	1	28.352	0.282	6	28.747	28.047	1
202204300700	44681.29167	10.992	0.044	6	11.055	10.949	1	29.077	0.202	6	29.317	28.817	1
202204300800	44681.33333	10.942	0.059	6	11.014	10.877	1	29.527	0.267	6	29.887	29.307	1
202204300900	44681.375	10.949	0.045	6	11.016	10.892	1	29.777	0.172	6	29.937	29.537	1
202204301000	44681.41667	11.081	0.056	6	11.191	11.052	1	29.247	0.248	6	29.377	28.717	1
202204301100	44681.45833	11.255	0.049	6	11.358	11.245	1	28.542	0.097	6	28.717	28.447	1
202204301200	44681.5	11.381	0.035	6	11.422	11.32	1	28.237	0.142	6	28.457	28.037	1
202204301300	44681.54167	11.449	0.026	6	11.462	11.39	1	28.102	0.108	6	28.217	27.917	1
202204301400	44681.58333	11.452	0.014	6	11.477	11.442	1	27.802	0.142	6	27.987	27.617	1
202204301500	44681.625	11.476	0.017	6	11.503	11.459	1	27.603	0.111	6	27.638	27.348	1
202204301600	44681.66667	11.539	0.023	6	11.569	11.512	1	27.228	0.116	6	27.388	27.118	1
202204301700	44681.70833	11.374	0.06	6	11.491	11.321	1	27.753	0.201	6	27.788	27.298	1
202204301800	44681.75	11.409	0.055	6	11.453	11.318	1	28.698	0.41	6	28.908	27.878	1
202204301900	44681.79167	11.127	0.2	6	11.423	10.985	1	29.758	0.721	6	30.228	28.588	1
202204302000	44681.83333	11.025	0.055	6	11.13	10.983	1	30.118	0.225	6	30.308	29.818	1
202204302100	44681.875	10.934	0.075	6	11.056	10.86	1	30.433	0.357	6	30.868	30.018	1
202204302200	44681.91667	11.079	0.04	6	11.107	10.992	1	29.423	0.284	6	30.048	29.218	1
202204302300	44681.95833	11.11	0.041	6	11.163	11.065	1	28.603	0.197	6	28.778	28.238	1
202205010000	44682	11.225	0.031	6	11.275	11.192	1	28.178	0.101	6	28.268	28.038	1
202205010100	44682.04167	11.189	0.041	6	11.25	11.134	1	27.884	0.157	6	28.089	27.709	1
202205010200	44682.08333	11.171	0.047	6	11.22	11.088	1	27.739	0.086	6	27.929	27.709	1
202205010300	44682.125	11.254	0.012	6	11.268	11.231	1	27.754	0.012	6	27.759	27.729	1
202205010400	44682.16667	11.257	0.026	6	11.272	11.201	1	27.509	0.152	6	27.719	27.349	1
202205010500	44682.20833	11.202	0.008	6	11.215	11.194	1	27.279	0.197	6	27.699	27.259	1
202205010600	44682.25	11.218	0.006	6	11.227	11.212	1	27.729	0.058	6	27.809	27.669	1
202205010700	44682.29167	11.123	0.088	6	11.226	11.046	1	28.419	0.586	6	29.169	27.779	1
202205010800	44682.33333	11.163	0.017	6	11.173	11.136	1	28.569	0.17	6	28.759	28.359	1
202205010900	44682.375	11.08	0.056	6	11.169	11.04	1	29.479	0.159	6	29.599	29.149	1
202205011000	44682.41667	11.43	0.135	6	11.49	11.146	1	28.845	0.388	6	29.66	28.68	1
202205011100	44682.45833	11.603	0.055	6	11.665	11.528	1	28.215	0.176	6	28.58	28.18	1
202205011200	44682.5	11.765	0.067	6	11.861	11.689	1	28.195	0.045	6	28.24	28.11	1
202205011300	44682.54167	12.109	0.119	6	12.206	11.907	1	28.185	0.094	6	28.27	28.01	1
202205011400	44682.58333	12.273	0.141	6	12.296	11.933	1	27.97	0.066	6	28.08	27.91	1
202205011500	44682.625	11.826	0.085	6	12.02	11.791	1	27.795	0.137	6	28.09	27.75	1
202205011600	44682.66667	11.788	0.014	6	11.795	11.763	1	27.67	0.023	6	27.7	27.63	1
202205011700	44682.70833	11.892	0.176	6	11.935	11.511	1	27.535	0.231	6	28.05	27.48	1
202205011800	44682.75	11.432	0.045	6	11.517	11.391	1	28.295	0.167	6	28.52	28.09	1
202205011900	44682.79167	11.242	0.229	6	11.481	10.967	1	29.935	0.979	6	31.09	28.82	1
202205012000	44682.83333	11.273	0.186	6	11.331	10.934	1	29.691	0.809	6	31.251	29.611	1
202205012100	44682.875	11.069	0.115	6	11.289	10.966	1	30.741	0.536	6	31.151	29.701	1
202205012200	44682.91667	11.051	0.065	6	11.134	10.978	1	30.266	0.695	6	31.121	29.501	1
202205012300	44682.95833	11.176	0.053	6	11.273	11.128	1	29.296	0.387	6	29.611	28.591	1
202205020000	44683	11.275	0.012	6	11.282	11.253	1	28.461	0.062	6	28.571	28.391	1
202205020100	44683.04167	11.455	0.086	6	11.482	11.252	1	28.216	0.112	6	28.361	28.081	1
202205020200	44683.08333	11.434	0.014	6	11.46	11.42	1	28.041	0.075	6	28.151	27.961	1
202205020300	44683.125	11.508	0.051	6	11.569	11.446	1	27.931	0.038	6	28.011	27.911	1
202205020400	44683.16667	11.563	0.012	6	11.569	11.536	1	27.896	0.078	6	27.951	27.751	1
202205020500	44683.20833	11.498	0.052	6	11.577	11.445	1	27.766	0.041	6	27.801	27.691	1
202205020600	44683.25	11.377	0.03	6	11.444	11.36	1	28.542	0.3	6	28.562	27.802	1
202205020700	44683.29167	11.371	0.047	6	11.419	11.283	1	28.597	0.255	6	29.092	28.442	1
202205020800	44683.33333	11.28	0.082	6	11.342	11.157	1	29.172	0.383	6	29.882	29.052	1
202205020900	44683.375	11.228	0.099	6	11.34	11.112	1	29.577	0.519	6	30.222	29.082	1
202205021000	44683.41667	11.299	0.148	6	11.536	11.16	1	30.092	0.273	6	30.252	29.522	1
202205021100	44683.45833	11.761	0.1	6	11.864	11.614	1	29.087	0.283	6	29.472	28.742	1
202205021200	44683.5	11.968	0.089	6	12.106	11.882	1	28.462	0.129	6	28.642	28.292	1
202205021300	44683.54167	12.256	0.115	6	12.43	12.123	1	28.352	0.098	6	28.482	28.232	1
202205021400	44683.58333	12.685	0.094	6	12.76	12.519	1	28.412	0.059	6	28.462	28.292	1
202205021500	44683.625	12.454	0.11	6	12.611	12.344	1	28.248	0.066	6	28.393	28.223	1
202205021600	44683.66667	12.319	0.049	6	12.358	12.239	1	28.038	0.018	6	28.073	28.023	1
202205021700	44683.70833	12.239	0.017	6	12.254	12.208	1	27.983	0.06	6	28.073	27.883	1
202205021800	44683.75	11.809	0.214	6	12.203	11.753	1	28.378	0.246	6	28.463	27.943	1
202205021900	44683.79167	11.668	0.034	6	11.714	11.627	1	28.998	0.228	6	29.173	28.663	1
202205022000	44683.83333	11.557	0.184	6	11.738	11.286	1	30.108	0.85	6	31.033	29.003	1
202205022100	44683.875	11.359	0.123	6	11.518	11.226	1	30.798	0.519	6	31.333	30.063	1
202205022200	44683.91667	11.254	0.061	6	11.341	11.183	1	31.008	0.22	6	31.403	30.833	1
202205022300	44683.95833	11.41	0.06	6	11.422	11.267	1	29.883	0.414	6	30.863	29.783	1
202205030000	44684	11.502	0.057	6	11.581	11.436	1	29.308	0.288	6	29.683	28.903	1
202205030100	44684.04167	11.674	0.189	6	11.983	11.496	1	28.764	0.193	6	29.044	28.544	1
202205030200	44684.08333	11.991	0.028	6	12.021	11.94	1	28.459	0.017	6	28.494	28.444	1
202205030300	44684.125	11.919	0.055	6	12.025	11.885	1	28.389	0.101	6	28.484	28.254	1
202205030400	44684.16667	12.159	0.057	6	12.21	12.063	1	28.189	0.034	6	28.244	28.154	1
202205030500	44684.20833	11.995	0.033	6	12.073	11.984	1	28.134	0.035	6	28.184	28.094	1
202205030600	44684.25	11.886	0.118	5	11.905	11.639	1	27.974	0.361	5	28.714	27.934	1
202205030700	44684.29167	11.663	0.018	6	11.669	11.622	1	28.729	0.075	6	28.904	28.704	1
202205030800	44684.33333	11.554	0.075	6	11.584	11.415	1	29.369	0.362	6	30.044	29.124	1
202205030900	44684.375	11.375	0.036	6	11.414	11.321	1	30.399	0.209	6	30.664	30.164	1
202205031000	44684.41667	11.342	0.033	6	11.391	11.297	1	30.669	0.216	6	30.914	30.294	1
202205031100	44684.45833	11.525	0.063	6	11.601	11.42	1	29.99	0.265	6	30.415	29.635	1
202205031200	44684.5	11.772	0.049	6	11.788	11.658	1	28.995	0.128	6	29.255	28.945	1
202205031300	44684.54167	11.933	0.109	6	12.108	11.832	1	29.04	0.205	6	29.355	28.915	1
202205031400	44684.58333	12.092	0.047	6	12.189	12.063	1	29	0.101	6	29.055	28.775	1
202205031500	44684.625	12.24	0.032	6	12.28	12.189	1	28.725	0.088	6	28.815	28.575	1
202205031600	44684.66667	12.407	0.086	6	12.469	12.261	1	28.52	0.1	6	28.705	28.425	1
202205031700	44684.70833	12.385	0.056	6	12.495	12.382	1	28.195	0.405	6	28.505	27.515	1
202205031800	44684.75	12.263	0.071	6	12.361	12.19	1	27.61	0.211	6	27.855	27.365	1
202205031900	44684.79167	11.89	0.134	6	12.193	11.836	1	28.46	0.259	6	28.585	27.875	1
202205032000	44684.83333	11.8	0.026	6	11.847	11.79	1	29.556	0.545	6	29.626	28.526	1
202205032100	44684.875	11.727	0.096	6	11.802	11.606	1	29.741	0.262	6	30.196	29.446	1
202205032200	44684.91667	11.605	0.018	6	11.629	11.581	1	30.076	0.072	6	30.156	30.006	1
202205032300	44684.95833	11.551	0.024	6	11.601	11.536	1	30.146	0.179	6	30.286	29.796	1
202205040000	44685	11.673	0.057	6	11.768	11.62	1	29.566	0.298	6	29.746	28.976	1
202205040100	44685.04167	11.777	0.043	6	11.839	11.71	1	28.881	0.13	6	29.056	28.676	1
202205040200	44685.08333	11.833	0.025	6	11.854	11.784	1	28.706	0.049	6	28.746	28.626	1
202205040300	44685.125	11.903	0.066	6	12.004	11.841	1	28.566	0.072	6	28.636	28.466	1
202205040400	44685.16667	12.115	0.08	6	12.226	12.026	1	28.431	0.038	6	28.506	28.406	1
202205040500	44685.20833	12.248	0.042	6	12.288	12.175	1	28.391	0.097	6	28.456	28.206	1
202205040600	44685.25	12.042	0.073	6	12.14	11.976	1	28.012	0.037	6	28.037	27.937	1
202205040700	44685.29167	11.986	0.014	6	12.011	11.974	1	28.067	0.03	6	28.127	28.047	1
202205040800	44685.33333	11.85	0.097	6	11.904	11.662	1	28.502	0.377	6	29.167	28.257	1
202205040900	44685.375	11.652	0.315	5	12.245	11.584	4.167	29.187	0.314	5	29.587	28.827	4.167
202205041000	44685.41667	11.481	0.077	6	11.619	11.414	1	30.352	0.249	6	30.617	30.017	1
202205041100	44685.45833	11.724	0.241	6	12.118	11.512	1	30.237	0.489	6	30.617	29.307	1
202205041200	44685.5	12.148	0.059	6	12.203	12.06	1	29.217	0.046	6	29.297	29.157	1
202205041300	44685.54167	12.576	0.289	6	12.908	12.199	1	29.132	0.117	6	29.327	29.027	1
202205041400	44685.58333	13.097	0.076	6	13.208	13.028	1	28.741	0.085	6	28.896	28.686	1
202205041500	44685.625	13.083	0.118	6	13.277	12.986	1	28.576	0.048	6	28.636	28.516	1
202205041600	44685.66667	13.087	0.139	6	13.131	12.827	1	28.561	0.046	6	28.646	28.526	1
202205041700	44685.70833	12.88	0.067	6	12.928	12.741	1	28.486	0.035	6	28.496	28.406	1
202205041800	44685.75	12.684	0.014	6	12.697	12.66	1	28.101	0.089	6	28.246	28.016	1
202205041900	44685.79167	12.545	0.172	6	12.65	12.242	1	28.211	0.114	6	28.406	28.126	1
202205042000	44685.83333	12.248	0.072	6	12.317	12.152	1	28.446	0.117	6	28.646	28.376	1
202205042100	44685.875	12.149	0.115	6	12.168	11.871	1	29.326	0.298	6	30.046	29.276	1
202205042200	44685.91667	11.866	0.14	6	11.979	11.611	1	29.766	0.51	6	30.596	29.306	1
202205042300	44685.95833	11.648	0.032	6	11.707	11.635	1	30.466	0.135	6	30.516	30.226	1
202205050000	44686	11.89	0.067	6	11.91	11.733	1	29.346	0.255	6	29.976	29.326	1
202205050100	44686.04167	11.982	0.058	6	12.113	11.951	1	28.96	0.095	6	29.155	28.905	1
202205050200	44686.08333	12.357	0.108	6	12.408	12.159	1	28.74	0.12	6	28.915	28.645	1
202205050300	44686.125	12.366	0.04	6	12.412	12.312	1	28.63	0.021	6	28.635	28.585	1
202205050400	44686.16667	12.367	0.072	6	12.515	12.302	1	28.53	0.036	6	28.565	28.465	1
202205050500	44686.20833	12.633	0.048	6	12.69	12.554	1	28.43	0.023	6	28.465	28.395	1
202205050600	44686.25	12.449	0.024	6	12.492	12.429	1	28.325	0.047	6	28.355	28.235	1
202205050700	44686.29167	12.21	0.141	6	12.367	12.043	1	28.555	0.227	6	28.905	28.365	1
202205050800	44686.33333	11.99	0.078	6	12.108	11.917	1	29.065	0.259	6	29.375	28.735	1
202205050900	44686.375	11.696	0.204	6	11.919	11.485	1	30.275	0.774	6	31.095	29.385	1
202205051000	44686.41667	11.627	0.235	6	11.953	11.4	1	30.65	0.745	6	31.585	29.805	1
202205051100	44686.45833	11.436	0.065	6	11.542	11.357	1	31.6	0.164	6	31.755	31.285	1
202205051200	44686.5	12.018	0.183	6	12.209	11.742	1	30.334	0.362	6	30.974	30.144	1
202205051300	44686.54167	12.306	0.165	6	12.524	12.105	1	29.669	0.402	6	30.194	29.164	1
202205051400	44686.58333	12.946	0.401	6	13.45	12.557	1	29.124	0.073	6	29.184	28.994	1
202205051500	44686.625	13.378	0.108	6	13.512	13.2	1	29.059	0.053	6	29.114	28.984	1
202205051600	44686.66667	13.497	0.259	6	13.972	13.266	1	28.889	0.048	6	28.934	28.824	1
202205051700	44686.70833	13.263	0.112	6	13.357	13.085	1	28.679	0.116	6	28.904	28.614	1
202205051800	44686.75	13.237	0.127	6	13.374	13.072	1	28.589	0.01	6	28.604	28.584	1
202205051900	44686.79167	12.977	0.075	6	13.115	12.912	1	28.574	0.046	6	28.614	28.484	1
202205052000	44686.83333	12.323	0.127	6	12.621	12.281	1	29.149	0.164	6	29.204	28.764	1
202205052100	44686.875	12.183	0.108	6	12.309	12.043	1	29.509	0.235	6	29.754	29.214	1
202205052200	44686.91667	12.016	0.08	6	12.058	11.864	1	30.004	0.334	6	30.634	29.784	1
202205052300	44686.95833	11.788	0.048	6	11.872	11.765	1	30.918	0.209	6	30.993	30.533	1
202205060000	44687	11.864	0.101	6	12.072	11.812	1	30.603	0.352	6	30.843	29.953	1
202205060100	44687.04167	12.132	0.069	6	12.223	12.065	1	29.743	0.216	6	29.953	29.453	1
202205060200	44687.08333	12.472	0.227	6	12.762	12.254	1	29.253	0.146	6	29.403	29.023	1
202205060300	44687.125	12.674	0.055	6	12.757	12.591	1	28.868	0.049	6	28.933	28.803	1
202205060400	44687.16667	12.693	0.024	6	12.722	12.66	1	28.783	0.008	6	28.803	28.783	1
202205060500	44687.20833	12.982	0.18	6	13.177	12.727	1	28.733	0.034	6	28.783	28.693	1
202205060600	44687.25	13.03	0.166	6	13.275	12.847	1	28.588	0.075	6	28.663	28.483	1
202205060700	44687.29167	12.7	0.121	6	12.942	12.645	1	28.583	0.035	6	28.633	28.543	1
202205060800	44687.33333	12.516	0.101	6	12.672	12.366	1	28.863	0.175	6	29.153	28.633	1
202205060900	44687.375	12.268	0.015	6	12.278	12.236	1	29.453	0.023	6	29.493	29.433	1
202205061000	44687.41667	11.927	0.178	6	12.128	11.723	1	30.472	0.638	6	31.232	29.862	1
202205061100	44687.45833	11.814	0.153	6	12.117	11.759	1	31.067	0.403	6	31.292	30.302	1
202205061200	44687.5	12.006	0.178	6	12.271	11.814	1	31.032	0.156	6	31.232	30.862	1
202205061300	44687.54167	12.391	0.215	6	12.804	12.282	1	30.522	0.087	6	30.702	30.492	1
202205061400	44687.58333	12.78	0.131	6	13.035	12.656	1	30.037	0.337	6	30.432	29.672	1
202205061500	44687.625	14.273	0.373	6	14.485	13.449	1	29.407	0.115	6	29.662	29.362	1
202205061600	44687.66667	14.046	0.215	6	14.32	13.732	1	29.347	0.198	6	29.452	28.942	1
202205061700	44687.70833	13.491	0.07	6	13.6	13.414	1	28.872	0.087	6	29.072	28.832	1
202205061800	44687.75	13.466	0.054	6	13.55	13.416	1	28.687	0.107	6	28.932	28.662	1
202205061900	44687.79167	13.22	0.026	6	13.26	13.192	1	28.722	0.037	6	28.792	28.712	1
202205062000	44687.83333	13.152	0.191	6	13.188	12.756	1	28.862	0.176	6	29.222	28.752	1
202205062100	44687.875	12.633	0.029	6	12.681	12.599	1	29.416	0.051	6	29.511	29.361	1
202205062200	44687.91667	12.345	0.14	6	12.605	12.21	1	30.026	0.316	6	30.401	29.491	1
202205062300	44687.95833	12.213	0.091	6	12.317	12.09	1	30.456	0.276	6	30.811	30.171	1
202205070000	44688	12.034	0.091	6	12.222	11.964	1	30.966	0.253	6	31.141	30.441	1
202205070100	44688.04167	12.274	0.134	6	12.376	12.065	1	30.236	0.34	6	30.821	30.041	1
202205070200	44688.08333	12.419	0.084	6	12.602	12.365	1	29.991	0.215	6	30.081	29.491	1
202205070300	44688.125	12.731	0.151	6	13.034	12.655	1	29.441	0.08	6	29.561	29.361	1
202205070400	44688.16667	12.995	0.073	6	13.137	12.926	1	29.221	0.093	6	29.401	29.121	1
202205070500	44688.20833	13.047	0.076	6	13.166	12.961	1	29.106	0.106	6	29.171	28.891	1
202205070600	44688.25	13.155	0.056	6	13.184	13.05	1	28.841	0.114	6	29.051	28.741	1
202205070700	44688.29167	13.047	0.013	6	13.064	13.024	1	28.881	0.038	6	28.961	28.861	1
202205070800	44688.33333	12.642	0.223	6	13.058	12.555	1	29.535	0.357	6	29.77	28.91	1
202205070900	44688.375	12.469	0.032	6	12.514	12.438	1	30.025	0.103	6	30.08	29.84	1
202205071000	44688.41667	12.363	0.061	6	12.379	12.218	1	30.35	0.175	6	30.75	30.25	1
202205071100	44688.45833	12.133	0.062	6	12.189	12.038	1	31.105	0.103	6	31.31	31.01	1
202205071200	44688.5	12.026	0.056	6	12.077	11.941	1	31.525	0.134	6	31.65	31.25	1
202205071300	44688.54167	12.349	0.1	6	12.456	12.176	1	30.91	0.217	6	31.35	30.79	1
202205071400	44688.58333	13.017	0.241	6	13.187	12.575	1	29.815	0.358	6	30.49	29.58	1
202205071500	44688.625	13.218	0.026	6	13.237	13.173	1	29.58	0.03	6	29.64	29.55	1
202205071600	44688.66667	13.276	0.022	6	13.298	13.244	1	29.655	0.076	6	29.75	29.54	1
202205071700	44688.70833	13.47	0.039	6	13.529	13.409	1	29.575	0.049	6	29.62	29.5	1
202205071800	44688.75	13.548	0.092	6	13.669	13.435	1	29.325	0.161	6	29.59	29.2	1
202205071900	44688.79167	13.856	0.099	6	14.006	13.774	1	29.02	0.069	6	29.16	28.98	1
202205072000	44688.83333	13.72	0.045	6	13.763	13.653	1	29.044	0.039	6	29.119	29.029	1
202205072100	44688.875	13.268	0.323	6	13.614	12.9	1	29.264	0.302	6	29.669	28.969	1
202205072200	44688.91667	12.944	0.067	6	13.028	12.846	1	29.554	0.123	6	29.769	29.459	1
202205072300	44688.95833	12.751	0.171	6	12.997	12.606	1	29.924	0.328	6	30.159	29.399	1
202205080000	44689	12.524	0.065	6	12.657	12.487	1	30.349	0.12	6	30.439	30.129	1
202205080100	44689.04167	12.631	0.037	6	12.701	12.599	1	30.094	0.081	6	30.169	29.959	1
202205080200	44689.08333	12.844	0.172	6	13.077	12.684	1	29.714	0.224	6	29.969	29.439	1
202205080300	44689.125	12.949	0.105	6	13.092	12.865	1	29.469	0.085	6	29.619	29.429	1
202205080400	44689.16667	12.985	0.068	6	13.084	12.895	1	29.439	0.058	6	29.479	29.319	1
202205080500	44689.20833	13.296	0.182	6	13.691	13.202	1	29.299	0.059	6	29.379	29.199	1
202205080600	44689.25	13.681	0.253	6	13.926	13.379	1	29.199	0.122	6	29.359	29.059	1
202205080700	44689.29167	14.019	0.161	6	14.259	13.861	1	29.033	0.07	6	29.158	28.958	1
202205080800	44689.33333	13.715	0.058	6	13.823	13.648	1	28.708	0.102	6	28.888	28.578	1
202205080900	44689.375	13.333	0.183	6	13.642	13.142	1	29.058	0.264	6	29.308	28.588	1
202205081000	44689.41667	13.153	0.051	6	13.252	13.096	1	29.353	0.07	6	29.498	29.308	1
202205081100	44689.45833	12.841	0.146	6	12.985	12.641	1	29.833	0.236	6	30.208	29.628	1
202205081200	44689.5	12.573	0.117	6	12.773	12.478	1	30.373	0.108	6	30.538	30.278	1
202205081300	44689.54167	12.736	0.224	6	13.039	12.492	1	30.378	0.198	6	30.588	30.108	1
202205081400	44689.58333	13.378	0.089	6	13.43	13.182	1	29.728	0.08	6	29.908	29.698	1
202205081500	44689.625	13.581	0.062	6	13.624	13.474	1	29.718	0.073	6	29.848	29.618	1
202205081600	44689.66667	13.95	0.192	6	14.206	13.634	1	29.543	0.082	6	29.698	29.458	1
202205081700	44689.70833	14.082	0.061	6	14.211	14.027	1	29.478	0.012	6	29.498	29.468	1
202205081800	44689.75	14.114	0.051	6	14.206	14.068	1	29.387	0.069	6	29.437	29.257	1
202205081900	44689.79167	14.27	0.241	6	14.525	13.986	1	29.227	0.071	6	29.337	29.167	1
202205082000	44689.83333	14.453	0.225	6	14.66	14.138	1	29.132	0.064	6	29.157	28.987	1
202205082100	44689.875	14.002	0.043	6	14.092	13.97	1	28.757	0.081	6	28.917	28.707	1
202205082200	44689.91667	13.87	0.072	6	13.934	13.734	1	28.707	0.088	6	28.917	28.697	1
202205082300	44689.95833	13.516	0.142	6	13.671	13.307	1	29.152	0.159	6	29.287	28.917	1
202205090000	44690	13.31	0.04	6	13.389	13.27	1	29.332	0.052	6	29.377	29.227	1
202205090100	44690.04167	13.102	0.085	6	13.279	13.054	1	29.587	0.098	6	29.647	29.387	1
202205090200	44690.08333	13.268	0.066	6	13.306	13.141	1	29.342	0.081	6	29.517	29.307	1
202205090300	44690.125	13.293	0.023	6	13.34	13.275	1	29.287	0.034	6	29.297	29.207	1
202205090400	44690.16667	13.26	0.042	6	13.315	13.211	1	29.207	0.008	6	29.217	29.197	1
202205090500	44690.20833	13.115	0.103	6	13.194	12.929	1	29.231	0.047	6	29.316	29.186	1
202205090600	44690.25	13.388	0.227	6	13.705	13.067	1	29.166	0.069	6	29.226	29.026	1
202205090700	44690.29167	13.939	0.127	6	14.007	13.709	1	28.961	0.039	6	29.046	28.936	1
202205090800	44690.33333	13.979	0.028	6	14.03	13.962	1	28.901	0.046	6	28.936	28.816	1
202205090900	44690.375	13.99	0.012	6	14.002	13.975	1	28.651	0.078	6	28.796	28.586	1
202205091000	44690.41667	13.351	0.249	6	13.927	13.267	1	29.281	0.239	6	29.346	28.736	1
202205091100	44690.45833	13.391	0.059	6	13.449	13.28	1	29.291	0.081	6	29.486	29.276	1
202205091200	44690.5	12.961	0.22	6	13.403	12.785	1	30.051	0.313	6	30.426	29.546	1
202205091300	44690.54167	12.812	0.067	6	12.934	12.758	1	30.381	0.092	6	30.436	30.186	1
202205091400	44690.58333	12.836	0.195	6	13.178	12.631	1	30.536	0.135	6	30.686	30.286	1
202205091500	44690.625	13.365	0.068	6	13.508	13.317	1	30.016	0.087	6	30.166	29.926	1
202205091600	44690.66667	13.771	0.083	6	13.876	13.641	1	29.835	0.091	6	29.885	29.635	1
202205091700	44690.70833	14.216	0.141	6	14.326	13.947	1	29.35	0.1	6	29.495	29.255	1
202205091800	44690.75	14.704	0.204	6	14.84	14.267	1	29.395	0.063	6	29.525	29.355	1
202205091900	44690.79167	14.737	0.121	6	14.886	14.522	1	29.245	0.04	6	29.275	29.175	1
202205092000	44690.83333	14.353	0.038	6	14.409	14.32	1	29.055	0.088	6	29.225	28.985	1
202205092100	44690.875	14.27	0.067	6	14.363	14.205	1	28.99	0.015	6	29.005	28.965	1
202205092200	44690.91667	14.176	0.022	6	14.196	14.142	1	28.965	0.011	6	28.985	28.955	1
202205092300	44690.95833	14.138	0.004	6	14.143	14.133	1	28.97	0.005	6	28.975	28.965	1
202205100000	44691	13.925	0.142	6	14.113	13.789	1	29.125	0.107	6	29.215	28.975	1
202205100100	44691.04167	13.146	0.38	6	13.83	13.006	1	30.035	0.48	6	30.165	29.175	1
202205100200	44691.08333	13.105	0.066	6	13.201	13.005	1	30.08	0.098	6	30.215	29.925	1
202205100300	44691.125	13.235	0.025	6	13.275	13.214	1	29.879	0.041	6	29.914	29.814	1
202205100400	44691.16667	13.308	0.04	6	13.342	13.232	1	29.729	0.053	6	29.834	29.684	1
202205100500	44691.20833	13.565	0.196	6	13.828	13.357	1	29.504	0.118	6	29.664	29.394	1
202205100600	44691.25	14.099	0.109	6	14.24	13.975	1	29.274	0.05	6	29.354	29.234	1
202205100700	44691.29167	13.936	0.041	6	13.987	13.867	1	29.269	0.032	6	29.294	29.204	1
202205100800	44691.33333	14.141	0.141	6	14.253	13.87	1	29.129	0.09	6	29.314	29.064	1
202205100900	44691.375	14.087	0.058	6	14.21	14.049	1	29.049	0.071	6	29.194	29.004	1
202205101000	44691.41667	14.032	0.045	6	14.109	13.968	1	29.164	0.068	6	29.244	29.034	1
202205101100	44691.45833	13.727	0.213	6	13.989	13.401	1	29.529	0.264	6	29.904	29.214	1
202205101200	44691.5	13.611	0.214	6	13.706	13.113	1	29.769	0.263	6	30.384	29.664	1
202205101300	44691.54167	13.08	0.287	6	13.331	12.645	1	30.499	0.448	6	31.224	30.164	1
202205101400	44691.58333	12.582	0.181	6	12.911	12.535	1	31.333	0.261	6	31.453	30.883	1
202205101500	44691.625	12.592	0.165	6	12.971	12.513	1	31.458	0.299	6	31.563	30.773	1
202205101600	44691.66667	12.586	0.036	6	12.635	12.535	1	31.598	0.066	6	31.643	31.453	1
202205101700	44691.70833	12.964	0.292	6	13.362	12.688	1	31.193	0.294	6	31.483	30.813	1
202205101800	44691.75	13.955	0.356	6	14.291	13.255	1	30.368	0.292	6	30.903	30.033	1
202205101900	44691.79167	14.149	0.169	6	14.332	13.884	1	30.018	0.089	6	30.163	29.943	1
202205102000	44691.83333	13.835	0.102	6	13.917	13.678	1	30.023	0.061	6	30.063	29.913	1
202205102100	44691.875	13.402	0.083	6	13.601	13.379	1	30.053	0.045	6	30.083	29.963	1
202205102200	44691.91667	13.453	0.022	6	13.475	13.416	1	29.758	0.067	6	29.873	29.693	1
202205102300	44691.95833	13.368	0.011	6	13.39	13.361	1	29.848	0.032	6	29.903	29.813	1
202205110000	44692	13.355	0.084	6	13.368	13.152	1	29.793	0.217	6	30.323	29.773	1
202205110100	44692.04167	13.082	0.027	6	13.096	13.036	1	30.452	0.02	6	30.492	30.432	1
202205110200	44692.08333	13.003	0.169	6	13.06	12.613	1	30.512	0.45	6	31.502	30.292	1
202205110300	44692.125	12.542	0.046	6	12.621	12.479	1	31.577	0.171	6	31.702	31.202	1
202205110400	44692.16667	12.602	0.076	6	12.749	12.536	1	31.327	0.204	6	31.492	30.912	1
202205110500	44692.20833	12.605	0.024	6	12.632	12.559	1	31.307	0.054	6	31.402	31.242	1
202205110600	44692.25	12.738	0.053	6	12.792	12.671	1	30.892	0.172	6	31.152	30.762	1
202205110700	44692.29167	13.074	0.157	6	13.197	12.793	1	30.317	0.265	6	30.782	30.122	1
202205110800	44692.33333	13.215	0.042	6	13.221	13.115	1	30.122	0.075	6	30.292	30.092	1
202205110900	44692.375	13.317	0.1	6	13.456	13.2	1	30.172	0.127	6	30.282	29.932	1
202205111000	44692.41667	13.479	0.041	6	13.539	13.433	1	29.852	0.073	6	29.972	29.762	1
202205111100	44692.45833	13.489	0.026	5	13.527	13.459	4.167	29.942	0.048	5	29.962	29.842	4.167
202205111200	44692.5	13.504	0.192	5	13.579	13.108	1	30.001	0.314	5	30.701	29.961	1
202205111300	44692.54167	13.174	0.092	6	13.328	13.086	1	30.756	0.06	6	30.831	30.651	1
202205111400	44692.58333	13.272	0.136	6	13.316	12.956	1	30.716	0.209	6	31.221	30.691	1
202205111500	44692.625	13.009	0.101	6	13.139	12.856	1	31.176	0.146	6	31.391	30.981	1
202205111600	44692.66667	12.962	0.13	6	13.109	12.783	1	31.241	0.196	6	31.481	30.971	1
202205111700	44692.70833	12.8	0.224	6	13.294	12.69	1	31.42	0.266	6	31.6	30.91	1
202205111800	44692.75	13.728	0.198	6	14.016	13.477	1	30.645	0.163	6	30.8	30.42	1
202205111900	44692.79167	13.917	0.187	6	14.103	13.581	1	30.42	0.149	6	30.66	30.23	1
202205112000	44692.83333	13.457	0.189	6	13.664	13.205	1	30.765	0.154	6	30.94	30.55	1
202205112100	44692.875	13.087	0.069	6	13.177	13.016	1	30.965	0.064	6	30.97	30.81	1
202205112200	44692.91667	13.109	0.056	6	13.2	13.044	1	30.845	0.025	6	30.88	30.82	1
202205112300	44692.95833	13.063	0.021	6	13.113	13.056	1	30.649	0.091	6	30.839	30.579	1
202205120000	44693	12.967	0.011	6	12.99	12.964	1	30.814	0.023	6	30.819	30.759	1
202205120100	44693.04167	12.794	0.135	6	12.971	12.642	1	31.089	0.242	6	31.409	30.829	1
202205120200	44693.08333	12.662	0.009	6	12.671	12.649	1	31.354	0.019	6	31.369	31.319	1
202205120300	44693.125	12.659	0.013	6	12.681	12.645	1	31.579	0.157	6	31.669	31.299	1
202205120400	44693.16667	12.593	0.023	6	12.625	12.563	1	31.719	0.023	6	31.739	31.679	1
202205120500	44693.20833	12.584	0.008	6	12.598	12.577	1	31.698	0.026	6	31.708	31.648	1
202205120600	44693.25	12.593	0.009	6	12.606	12.582	1	31.758	0.008	6	31.768	31.748	1
202205120700	44693.29167	12.617	0.02	6	12.657	12.605	1	31.738	0.012	6	31.748	31.718	1
202205120800	44693.33333	12.752	0.045	6	12.803	12.689	1	31.513	0.181	6	31.698	31.268	1
202205120900	44693.375	12.967	0.089	6	13.056	12.804	1	31.093	0.139	6	31.338	31.018	1
202205121000	44693.41667	13.291	0.113	6	13.411	13.102	1	31.037	0.114	6	31.147	30.877	1
202205121100	44693.45833	13.468	0.072	6	13.613	13.419	1	30.662	0.183	6	30.727	30.247	1
202205121200	44693.5	13.524	0.069	6	13.608	13.427	1	30.397	0.179	6	30.657	30.237	1
202205121300	44693.54167	13.562	0.03	6	13.592	13.503	1	30.652	0.095	6	30.847	30.617	1
202205121400	44693.58333	13.416	0.08	6	13.599	13.375	1	31.222	0.172	6	31.317	30.837	1
202205121500	44693.625	13.534	0.021	6	13.555	13.503	1	31.177	0.029	6	31.237	31.147	1
202205121600	44693.66667	13.252	0.064	6	13.371	13.189	1	31.521	0.076	6	31.616	31.396	1
202205121700	44693.70833	13.241	0.053	6	13.348	13.21	1	31.706	0.054	6	31.726	31.586	1
202205121800	44693.75	13.201	0.036	6	13.285	13.19	1	31.696	0.014	6	31.706	31.666	1
202205121900	44693.79167	13.199	0.023	6	13.225	13.164	1	31.666	0.035	6	31.706	31.616	1
202205122000	44693.83333	13.544	0.245	6	13.764	13.257	1	31.381	0.152	6	31.596	31.266	1
202205122100	44693.875	14.129	0.102	6	14.249	13.983	1	31.056	0.051	6	31.156	31.026	1
202205122200	44693.91667	13.976	0.148	6	14.171	13.724	1	31.05	0.132	6	31.105	30.755	1
202205122300	44693.95833	13.705	0.063	6	13.78	13.612	1	30.73	0.101	6	30.855	30.575	1
202205130000	44694	13.765	0.092	6	13.85	13.642	1	30.12	0.321	6	30.705	29.885	1
202205130100	44694.04167	13.707	0.046	6	13.797	13.677	1	30.155	0.063	6	30.195	30.025	1
202205130200	44694.08333	13.462	0.143	6	13.675	13.343	1	30.405	0.242	5	30.695	30.155	1
202205130300	44694.125	13.298	0.018	6	13.33	13.277	1	30.809	0.04	6	30.844	30.734	1
202205130400	44694.16667	13.308	0.005	6	13.315	13.303	1	30.699	0.023	6	30.724	30.674	1
202205130500	44694.20833	13.184	0.068	6	13.303	13.151	1	30.934	0.165	6	31.104	30.694	1
202205130600	44694.25	13.096	0.036	6	13.128	13.041	1	31.244	0.073	6	31.374	31.184	1
202205130700	44694.29167	13.041	0.015	6	13.062	13.022	1	31.469	0.017	6	31.484	31.434	1
202205130800	44694.33333	13.129	0.051	6	13.211	13.069	1	31.469	0.041	6	31.504	31.384	1
202205130900	44694.375	13.363	0.048	6	13.411	13.281	1	31.063	0.094	6	31.273	31.023	1
202205131000	44694.41667	13.506	0.06	6	13.593	13.436	1	31.003	0.029	6	31.043	30.973	1
202205131100	44694.45833	13.647	0.053	6	13.756	13.612	1	31.043	0.023	6	31.053	30.993	1
202205131200	44694.5	13.687	0.048	6	13.711	13.606	1	30.813	0.134	6	30.973	30.633	1
202205131300	44694.54167	13.629	0.048	6	13.717	13.611	1	30.843	0.123	6	30.893	30.623	1
202205131400	44694.58333	13.68	0.034	6	13.715	13.617	1	31.107	0.234	6	31.382	30.882	1
202205131500	44694.625	13.704	0.032	6	13.749	13.674	1	31.312	0.038	6	31.362	31.252	1
202205131600	44694.66667	13.766	0.036	6	13.823	13.724	1	31.317	0.073	6	31.332	31.142	1
202205131700	44694.70833	13.775	0.023	6	13.787	13.736	1	31.317	0.017	6	31.352	31.302	1
202205131800	44694.75	13.532	0.066	6	13.674	13.507	1	31.482	0.07	6	31.522	31.342	1
202205131900	44694.79167	13.501	0.005	6	13.507	13.494	1	31.542	0.01	6	31.552	31.522	1
202205132000	44694.83333	13.603	0.097	6	13.769	13.514	1	31.416	0.084	6	31.521	31.291	1
202205132100	44694.875	14.261	0.138	6	14.286	13.985	1	31.081	0.056	6	31.171	31.051	1
202205132200	44694.91667	14.302	0.053	6	14.39	14.262	1	31.031	0.01	6	31.041	31.011	1
202205132300	44694.95833	14.26	0.108	6	14.353	14.054	1	30.996	0.032	6	31.051	30.961	1
202205140000	44695	13.705	0.081	6	13.882	13.648	1	30.911	0.184	6	31.201	30.721	1
202205140100	44695.04167	13.717	0.048	6	13.767	13.634	1	30.661	0.186	6	30.991	30.481	1
202205140200	44695.08333	13.629	0.02	6	13.65	13.601	1	30.75	0.017	6	30.79	30.75	1
202205140300	44695.125	13.468	0.095	6	13.619	13.413	1	31.115	0.197	6	31.23	30.79	1
202205140400	44695.16667	13.408	0.01	6	13.418	13.391	1	31.25	0.005	6	31.26	31.25	1
202205140500	44695.20833	13.375	0.015	6	13.39	13.348	1	31.245	0.012	6	31.26	31.23	1
202205140600	44695.25	13.309	0.038	6	13.383	13.283	1	31.365	0.051	6	31.38	31.25	1
202205140700	44695.29167	13.324	0.006	6	13.332	13.315	1	31.364	0.013	6	31.369	31.339	1
202205140800	44695.33333	13.348	0.039	6	13.421	13.316	1	31.414	0.008	6	31.419	31.399	1
202205140900	44695.375	13.544	0.1	6	13.654	13.405	1	31.394	0.016	6	31.409	31.369	1
202205141000	44695.41667	13.828	0.123	6	13.979	13.676	1	31.309	0.05	6	31.359	31.229	1
202205141100	44695.45833	14.223	0.108	6	14.286	14.014	1	31.164	0.051	6	31.209	31.089	1
202205141200	44695.5	14.534	0.222	6	14.786	14.179	1	31.089	0.134	6	31.119	30.769	1
202205141300	44695.54167	14.517	0.04	6	14.592	14.485	1	30.423	0.118	6	30.588	30.238	1
202205141400	44695.58333	14.386	0.074	6	14.539	14.345	1	30.278	0.127	6	30.478	30.098	1
202205141500	44695.625	14.253	0.111	6	14.423	14.126	1	30.873	0.237	6	31.028	30.458	1
202205141600	44695.66667	14.17	0.024	6	14.212	14.142	1	31.023	0.015	6	31.038	30.998	1
202205141700	44695.70833	14.191	0.013	6	14.209	14.17	1	31.048	0.005	6	31.058	31.048	1
202205141800	44695.75	14.018	0.051	6	14.09	13.952	1	31.198	0.089	6	31.328	31.068	1
202205141900	44695.79167	13.952	0.045	6	14.004	13.886	1	31.302	0.023	6	31.337	31.277	1
202205142000	44695.83333	13.89	0.007	6	13.905	13.887	1	31.312	0.016	6	31.327	31.287	1
202205142100	44695.875	13.906	0.026	6	13.95	13.877	1	31.282	0.01	6	31.297	31.267	1
202205142200	44695.91667	13.962	0.011	6	13.972	13.942	1	31.267	0.055	6	31.287	31.157	1
202205142300	44695.95833	14.01	0.117	6	14.185	13.907	1	31.117	0.052	6	31.177	31.057	1
202205150000	44696	14.154	0.05	6	14.23	14.109	1	30.546	0.068	6	30.616	30.446	1
202205150100	44696.04167	14.38	0.107	6	14.463	14.202	1	30.341	0.218	6	30.746	30.176	1
202205150200	44696.08333	14.738	0.121	6	14.848	14.518	1	29.741	0.187	6	30.096	29.576	1
202205150300	44696.125	14.669	0.062	6	14.703	14.547	1	29.786	0.091	6	29.956	29.726	1
202205150400	44696.16667	14.303	0.069	6	14.403	14.222	1	30.231	0.115	6	30.396	30.086	1
202205150500	44696.20833	14.207	0.016	6	14.222	14.176	1	30.391	0.028	6	30.436	30.356	1
202205150600	44696.25	14.148	0.019	6	14.165	14.11	1	30.49	0.047	6	30.585	30.455	1
202205150700	44696.29167	13.942	0.073	6	14.076	13.894	1	30.865	0.132	6	30.935	30.605	1
202205150800	44696.33333	13.824	0.028	6	13.877	13.796	1	31.1	0.016	6	31.125	31.075	1
202205150900	44696.375	13.913	0.069	6	14.055	13.875	1	31.035	0.05	6	31.085	30.945	1
202205151000	44696.41667	14.296	0.134	6	14.479	14.122	1	30.795	0.097	6	30.915	30.705	1
202205151100	44696.45833	14.698	0.15	6	14.974	14.563	1	30.634	0.034	6	30.664	30.574	1
202205151200	44696.5	15.249	0.072	6	15.322	15.13	1	30.464	0.039	6	30.514	30.414	1
202205151300	44696.54167	15.57	0.09	6	15.655	15.39	1	30.504	0.217	6	30.514	30.044	1
202205151400	44696.58333	15.551	0.131	6	15.635	15.277	1	29.834	0.217	6	30.274	29.654	1
202205151500	44696.625	15.355	0.043	6	15.373	15.259	1	29.764	0.136	6	30.034	29.744	1
202205151600	44696.66667	15.114	0.077	6	15.171	14.95	1	30.169	0.036	6	30.244	30.144	1
202205151700	44696.70833	14.814	0.049	6	14.933	14.806	1	30.393	0.05	6	30.403	30.273	1
202205151800	44696.75	14.822	0.042	6	14.855	14.753	1	30.428	0.047	6	30.523	30.403	1
202205151900	44696.79167	14.643	0.073	6	14.784	14.57	1	30.913	0.127	6	31.053	30.693	1
202205152000	44696.83333	14.316	0.109	6	14.55	14.243	1	31.118	0.021	6	31.153	31.103	1
202205152100	44696.875	14.372	0.05	6	14.435	14.317	1	30.978	0.051	6	31.023	30.903	1
202205152200	44696.91667	14.715	0.242	6	15.001	14.444	1	30.643	0.191	6	30.903	30.473	1
202205152300	44696.95833	14.927	0.044	6	14.976	14.868	1	30.492	0.009	6	30.502	30.482	1
202205160000	44697	15.271	0.349	6	15.584	14.801	1	30.342	0.153	6	30.542	30.182	1
202205160100	44697.04167	15.987	0.086	6	16.024	15.802	1	29.987	0.061	6	30.102	29.962	1
202205160200	44697.08333	15.924	0.116	6	16.11	15.769	1	29.982	0.117	6	30.132	29.772	1
202205160300	44697.125	16.002	0.04	6	16.089	15.988	1	29.887	0.037	6	29.892	29.802	1
202205160400	44697.16667	15.722	0.237	6	15.967	15.443	1	30.031	0.101	6	30.141	29.911	1
202205160500	44697.20833	15.523	0.023	6	15.573	15.514	1	30.106	0.008	6	30.111	30.091	1
202205160600	44697.25	15.449	0.036	6	15.508	15.423	1	30.111	0.006	6	30.121	30.101	1
202205160700	44697.29167	15.159	0.119	6	15.403	15.087	1	30.291	0.074	6	30.361	30.151	1
202205160800	44697.33333	14.739	0.198	6	15.017	14.569	1	30.661	0.171	6	30.821	30.411	1
202205160900	44697.375	14.429	0.111	6	14.651	14.363	1	30.946	0.066	6	30.981	30.831	1
202205161000	44697.41667	14.903	0.077	6	14.999	14.789	1	30.685	0.039	6	30.75	30.66	1
202205161100	44697.45833	15.42	0.246	6	15.583	15.034	1	30.62	0.055	6	30.67	30.53	1
202205161200	44697.5	16.178	0.257	6	16.361	15.624	1	30.31	0.086	6	30.51	30.27	1
202205161300	44697.54167	16.315	0.121	6	16.444	16.088	1	30.27	0.025	6	30.32	30.25	1
202205161400	44697.58333	16.249	0.076	6	16.395	16.18	1	30.195	0.042	6	30.27	30.15	1
202205161500	44697.625	16.295	0.17	6	16.476	16.136	1	30.035	0.015	6	30.05	30.01	1
202205161600	44697.66667	16.1	0.036	6	16.159	16.05	1	30.094	0.155	6	30.149	29.759	1
202205161700	44697.70833	16	0.072	6	16.098	15.884	1	30.184	0.103	6	30.249	29.959	1
202205161800	44697.75	15.761	0.204	6	15.965	15.484	1	30.269	0.097	6	30.439	30.219	1
202205161900	44697.79167	15.453	0.053	6	15.498	15.356	1	30.519	0.033	6	30.579	30.499	1
202205162000	44697.83333	14.646	0.445	6	15.521	14.391	1	31.059	0.25	6	31.149	30.479	1
202205162100	44697.875	14.615	0.308	6	14.953	14.322	1	31.008	0.162	6	31.148	30.818	1
202205162200	44697.91667	14.427	0.098	6	14.543	14.301	1	31.058	0.061	6	31.158	31.018	1
202205162300	44697.95833	14.714	0.145	6	14.929	14.6	1	30.883	0.08	6	30.978	30.778	1
202205170000	44698	15.418	0.245	6	15.683	15.024	1	30.528	0.117	6	30.738	30.428	1
202205170100	44698.04167	15.866	0.052	6	15.94	15.795	1	30.348	0.03	6	30.368	30.288	1
202205170200	44698.08333	15.634	0.239	6	15.99	15.388	1	30.328	0.055	6	30.378	30.238	1
202205170300	44698.125	15.916	0.334	6	16.284	15.415	1	30.107	0.149	6	30.357	29.967	1
202205170400	44698.16667	15.987	0.078	6	16.015	15.803	1	30.067	0.043	6	30.167	30.057	1
202205170500	44698.20833	15.463	0.155	6	15.71	15.33	1	30.322	0.066	6	30.377	30.197	1
202205170600	44698.25	15.323	0.029	6	15.33	15.257	1	30.367	0.008	6	30.377	30.357	1
202205170700	44698.29167	15.115	0.262	6	15.371	14.855	1	30.537	0.191	6	30.737	30.357	1
202205170800	44698.33333	14.906	0.253	6	15.134	14.442	1	30.726	0.173	6	31.046	30.586	1
202205170900	44698.375	14.553	0.156	6	14.85	14.406	1	31.001	0.092	6	31.076	30.826	1
202205171000	44698.41667	14.653	0.109	6	14.783	14.506	1	31.006	0.048	6	31.076	30.956	1
202205171100	44698.45833	14.887	0.098	6	15.097	14.837	1	30.921	0.023	6	30.966	30.896	1
202205171200	44698.5	15.177	0.162	6	15.54	15.122	1	30.906	0.043	6	30.926	30.816	1
202205171300	44698.54167	16.19	0.251	6	16.542	15.858	1	30.506	0.092	6	30.686	30.456	1
202205171400	44698.58333	16.692	0.254	6	16.859	16.207	1	30.4	0.156	6	30.565	30.125	1
202205171500	44698.625	16.706	0.162	6	16.883	16.415	1	30.165	0.052	6	30.245	30.095	1
202205171600	44698.66667	16.698	0.133	6	16.947	16.673	1	29.975	0.049	6	29.995	29.875	1
202205171700	44698.70833	16.393	0.229	6	16.63	16.041	1	30.1	0.109	6	30.295	30.015	1
202205171800	44698.75	16.017	0.039	6	16.08	15.967	1	30.275	0.019	6	30.305	30.255	1
202205171900	44698.79167	15.58	0.187	6	15.924	15.526	1	30.625	0.196	6	30.685	30.265	1
202205172000	44698.83333	15.462	0.174	6	15.504	15.062	1	30.759	0.126	6	31.044	30.724	1
202205172100	44698.875	14.805	0.143	6	15.005	14.672	1	31.099	0.019	6	31.124	31.074	1
202205172200	44698.91667	14.774	0.114	6	14.933	14.682	1	31.059	0.065	6	31.104	30.964	1
202205172300	44698.95833	15.085	0.083	6	15.14	14.935	1	30.899	0.027	6	30.934	30.874	1
202205180000	44699	15.144	0.044	6	15.243	15.115	1	30.864	0.017	6	30.864	30.824	1
202205180100	44699.04167	16.21	0.487	6	16.511	15.395	1	30.423	0.22	6	30.763	30.263	1
202205180200	44699.08333	16.373	0.082	6	16.493	16.299	1	30.238	0.071	6	30.333	30.133	1
202205180300	44699.125	16.756	0.14	6	16.847	16.459	1	30.013	0.087	6	30.193	29.943	1
202205180400	44699.16667	16.996	0.139	6	17.226	16.859	1	29.873	0.038	6	29.933	29.823	1
202205180500	44699.20833	16.746	0.108	6	16.922	16.661	1	29.963	0.08	6	30.013	29.813	1
202205180600	44699.25	16.113	0.229	6	16.667	16.076	1	30.203	0.074	6	30.213	30.023	1
202205180700	44699.29167	16.347	0.121	6	16.373	16.063	1	30.137	0.029	6	30.202	30.122	1
202205180800	44699.33333	15.723	0.082	6	15.756	15.567	1	30.457	0.052	6	30.552	30.422	1
202205180900	44699.375	15.1	0.313	6	15.548	14.75	1	30.857	0.182	6	31.032	30.572	1
202205181000	44699.41667	14.783	0.09	6	14.964	14.731	1	31.022	0.048	6	31.042	30.922	1
202205181100	44699.45833	14.93	0.651	5	16.225	14.784	4.167	31.022	0.021	5	31.052	31.002	4.167
202205181200	44699.5	15.334	0.077	5	15.475	15.276	4.167	30.862	0.033	5	30.912	30.822	4.167
202205181300	44699.54167	15.614	0.131	6	15.803	15.475	1	30.877	0.05	6	30.932	30.792	1
202205181400	44699.58333	16.453	0.436	6	16.996	15.955	1	30.737	0.12	6	30.822	30.532	1
202205181500	44699.625	17.211	0.516	6	17.898	16.741	1	30.447	0.117	6	30.542	30.292	1
202205181600	44699.66667	17.503	0.286	6	17.641	17.006	1	29.997	0.153	6	30.282	29.952	1
202205181700	44699.70833	17.493	0.087	6	17.666	17.398	1	29.912	0.014	6	29.942	29.902	1
202205181800	44699.75	17.281	0.226	6	17.29	16.724	1	30.022	0.071	6	30.182	29.992	1
202205181900	44699.79167	16.636	0.052	6	16.679	16.531	1	30.167	0.013	6	30.192	30.162	1
202205182000	44699.83333	16.142	0.176	6	16.488	16.052	1	30.497	0.168	6	30.582	30.182	1
202205182100	44699.875	15.927	0.215	6	16.173	15.613	1	30.657	0.149	6	30.862	30.472	1
202205182200	44699.91667	15.512	0.109	6	15.635	15.343	1	30.932	0.072	6	31.032	30.842	1
202205182300	44699.95833	15.488	0.104	6	15.602	15.353	1	30.913	0.089	6	31.023	30.823	1
202205190000	44700	15.701	0.078	6	15.792	15.581	1	30.708	0.057	6	30.813	30.653	1
202205190100	44700.04167	15.79	0.058	6	15.916	15.751	1	30.638	0.047	6	30.663	30.533	1
202205190200	44700.08333	15.925	0.035	6	16.005	15.913	1	30.528	0.027	6	30.533	30.463	1
202205190300	44700.125	16.484	0.196	6	16.854	16.265	1	30.238	0.041	6	30.323	30.213	1
202205190400	44700.16667	17.193	0.236	6	17.695	17.042	1	29.843	0.177	6	30.143	29.683	1
202205190500	44700.20833	17.673	0.159	6	17.89	17.553	1	29.953	0.015	6	29.963	29.923	1
202205190600	44700.25	17.226	0.27	6	17.429	16.649	1	29.963	0.011	6	29.983	29.953	1
202205190700	44700.29167	16.63	0.013	6	16.656	16.617	1	29.973	0	6	29.973	29.973	1
202205190800	44700.33333	16.455	0.271	6	16.603	16.023	1	30.073	0.166	6	30.333	29.973	1
202205190900	44700.375	15.692	0.152	6	15.932	15.504	1	30.553	0.09	6	30.653	30.403	1
202205191000	44700.41667	15.228	0.137	6	15.453	15.057	1	30.814	0.074	6	30.904	30.694	1
202205191100	44700.45833	15.037	0.159	6	15.342	14.961	1	30.919	0.093	6	30.954	30.734	1
202205191200	44700.5	15.384	0.038	6	15.428	15.311	1	30.679	0.023	6	30.734	30.674	1
202205191300	44700.54167	15.438	0.06	6	15.548	15.404	1	30.604	0.038	6	30.644	30.544	1
202205191400	44700.58333	16.444	0.346	6	16.854	15.793	1	30.109	0.164	6	30.414	29.904	1
202205191500	44700.625	16.802	0.168	6	16.952	16.501	1	30.009	0.072	6	30.094	29.894	1
202205191600	44700.66667	17.089	0.231	6	17.36	16.775	1	29.804	0.153	6	29.954	29.554	1
202205191700	44700.70833	17.767	0.266	6	17.834	17.162	1	29.794	0.047	6	29.894	29.764	1
202205191800	44700.75	17.668	0.139	6	17.738	17.373	1	29.829	0.03	6	29.894	29.814	1
202205191900	44700.79167	16.817	0.282	6	17.342	16.757	1	30.009	0.06	6	30.024	29.894	1
202205192000	44700.83333	16.661	0.032	6	16.733	16.65	1	29.999	0.008	6	30.014	29.994	1
202205192100	44700.875	16.205	0.091	6	16.318	16.055	1	30.299	0.064	6	30.424	30.254	1
202205192200	44700.91667	15.577	0.163	6	15.786	15.325	1	30.695	0.094	6	30.835	30.575	1
202205192300	44700.95833	15.141	0.049	6	15.193	15.071	1	30.885	0.029	6	30.915	30.835	1
202205200000	44701	15.136	0.094	6	15.313	15.069	1	30.84	0.062	6	30.905	30.755	1
202205200100	44701.04167	15.402	0.038	6	15.44	15.339	1	30.685	0.021	6	30.715	30.655	1
202205200200	44701.08333	15.385	0.053	6	15.472	15.331	1	30.655	0.045	6	30.715	30.585	1
202205200300	44701.125	15.692	0.096	6	15.816	15.524	1	30.38	0.092	6	30.535	30.255	1
202205200400	44701.16667	16.168	0.178	6	16.358	15.898	1	30.055	0.085	6	30.195	29.985	1
202205200500	44701.20833	16.621	0.264	6	16.863	16.165	1	29.99	0.078	6	30.125	29.935	1
202205200600	44701.25	17.01	0.128	6	17.251	16.854	1	29.885	0.029	6	29.925	29.835	1
202205200700	44701.29167	16.737	0.084	6	16.767	16.543	1	29.975	0.035	6	30.055	29.955	1
202205200800	44701.33333	16.522	0.023	6	16.558	16.494	1	30.055	0.009	6	30.065	30.045	1
202205200900	44701.375	16.217	0.26	6	16.581	15.985	1	30.215	0.125	6	30.335	30.055	1
202205201000	44701.41667	15.683	0.412	6	16.131	15.162	1	30.501	0.218	6	30.786	30.276	1
202205201100	44701.45833	15.119	0.086	6	15.277	15.06	1	30.821	0.051	6	30.856	30.726	1
202205201200	44701.5	15.391	0.138	6	15.465	15.137	1	30.696	0.075	6	30.816	30.646	1
202205201300	44701.54167	15.585	0.053	6	15.62	15.477	1	30.591	0.031	6	30.636	30.546	1
202205201400	44701.58333	15.779	0.315	6	16.422	15.625	1	30.456	0.165	6	30.566	30.136	1
202205201500	44701.625	16.535	0.067	6	16.559	16.401	1	29.981	0.045	6	30.056	29.956	1
202205201600	44701.66667	16.759	0.11	6	16.842	16.518	1	29.941	0.048	6	29.946	29.826	1
202205201700	44701.70833	16.846	0.148	6	17.011	16.594	1	29.811	0.036	6	29.856	29.766	1
202205201800	44701.75	17.568	0.119	6	17.709	17.36	1	29.766	0.038	6	29.826	29.726	1
202205201900	44701.79167	17.443	0.112	6	17.526	17.229	1	29.786	0.024	6	29.826	29.766	1
202205202000	44701.83333	16.812	0.221	6	17.1	16.607	1	29.926	0.039	6	29.956	29.866	1
202205202100	44701.875	16.52	0.041	6	16.59	16.475	1	29.936	0.004	6	29.946	29.936	1
202205202200	44701.91667	16.085	0.162	6	16.47	16.034	1	30.162	0.092	6	30.177	29.937	1
202205202300	44701.95833	15.988	0.025	6	16.02	15.955	1	30.162	0.005	6	30.167	30.157	1
202205210000	44702	15.695	0.253	6	15.934	15.303	1	30.322	0.137	6	30.507	30.177	1
202205210100	44702.04167	15.076	0.109	6	15.33	15.042	1	30.617	0.061	6	30.637	30.477	1
202205210200	44702.08333	15.119	0.032	6	15.136	15.049	1	30.552	0.016	6	30.587	30.547	1
202205210300	44702.125	15.457	0.166	6	15.483	15.059	1	29.902	0.264	6	30.527	29.837	1
202205210400	44702.16667	15.447	0.052	6	15.511	15.358	1	29.747	0.119	6	29.897	29.597	1
202205210500	44702.20833	15.642	0.266	6	16.13	15.552	1	29.967	0.041	6	29.977	29.867	1
202205210600	44702.25	16.364	0.065	6	16.4	16.261	1	29.917	0.023	6	29.957	29.897	1
202205210700	44702.29167	16.148	0.183	6	16.246	15.801	1	30.017	0.089	6	30.187	29.967	1
202205210800	44702.33333	15.638	0.05	6	15.695	15.557	1	30.282	0.014	6	30.307	30.267	1
202205210900	44702.375	15.658	0.264	6	15.719	15.034	1	30.312	0.123	6	30.597	30.267	1
202205211000	44702.41667	14.706	0.102	6	14.837	14.611	1	30.773	0.06	6	30.858	30.718	1
202205211100	44702.45833	14.615	0.035	6	14.651	14.557	1	30.848	0.012	6	30.868	30.838	1
202205211200	44702.5	14.579	0.031	6	14.619	14.529	1	30.878	0.215	6	30.908	30.358	1
202205211300	44702.54167	14.621	0.032	6	14.691	14.612	1	30.888	0.009	6	30.898	30.878	1
202205211400	44702.58333	14.955	0.13	6	15.107	14.762	1	30.823	0.029	6	30.878	30.798	1
202205211500	44702.625	15.206	0.047	6	15.265	15.149	1	30.818	0.01	6	30.828	30.798	1
202205211600	44702.66667	15.921	0.423	6	16.286	15.265	1	30.433	0.204	6	30.818	30.298	1
202205211700	44702.70833	16.668	0.3	6	16.811	16.155	1	30.198	0.092	6	30.368	30.168	1
202205211800	44702.75	16.634	0.131	6	16.879	16.607	1	30.148	0.109	6	30.198	29.968	1
202205211900	44702.79167	17.103	0.23	6	17.335	16.741	1	29.853	0.118	6	30.038	29.728	1
202205212000	44702.83333	17.09	0.039	6	17.107	17	1	29.843	0.019	6	29.888	29.838	1
202205212100	44702.875	16.599	0.309	6	16.946	16.303	1	30.023	0.116	6	30.118	29.878	1
202205212200	44702.91667	16.313	0.027	6	16.345	16.266	1	30.104	0.023	6	30.119	30.059	1
202205212300	44702.95833	15.753	0.331	6	16.247	15.469	1	30.349	0.203	6	30.539	30.049	1
202205220000	44703	15.619	0.048	6	15.655	15.518	1	30.439	0.029	6	30.499	30.419	1
202205220100	44703.04167	15.639	0.114	6	15.898	15.579	1	30.409	0.08	6	30.459	30.229	1
202205220200	44703.08333	15.91	0.053	6	16.001	15.861	1	30.224	0.038	6	30.259	30.159	1
202205220300	44703.125	15.977	0.018	6	15.997	15.951	1	30.139	0.016	6	30.179	30.139	1
202205220400	44703.16667	16.048	0.071	6	16.1	15.923	1	29.989	0.085	6	30.139	29.929	1
202205220500	44703.20833	16.222	0.086	6	16.326	16.109	1	29.939	0.008	6	29.949	29.929	1
202205220600	44703.25	16.518	0.084	6	16.576	16.385	1	29.889	0.029	6	29.929	29.849	1
202205220700	44703.29167	16.977	0.138	6	17.05	16.671	1	29.769	0.045	6	29.859	29.729	1
202205220800	44703.33333	16.902	0.055	6	16.974	16.854	1	29.804	0.023	6	29.829	29.779	1
202205220900	44703.375	16.755	0.032	6	16.803	16.72	1	29.874	0.023	6	29.909	29.849	1
202205221000	44703.41667	16.74	0.13	6	16.758	16.425	1	29.91	0.046	6	30.02	29.9	1
202205221100	44703.45833	15.966	0.061	6	16.037	15.868	1	30.255	0.039	6	30.32	30.21	1
202205221200	44703.5	15.234	0.272	6	15.75	15.084	1	30.645	0.151	6	30.73	30.36	1
202205221300	44703.54167	15.149	0.102	6	15.351	15.114	1	30.715	0.056	6	30.73	30.61	1
202205221400	44703.58333	15.359	0.153	6	15.556	15.16	1	30.63	0.056	6	30.7	30.56	1
202205221500	44703.625	15.707	0.168	6	16.002	15.55	1	30.49	0.058	6	30.54	30.37	1
202205221600	44703.66667	16.361	0.397	6	17.028	15.997	1	30.335	0.078	6	30.41	30.23	1
202205221700	44703.70833	16.922	0.085	6	17.06	16.854	1	30.235	0.044	6	30.25	30.14	1
202205221800	44703.75	17.34	0.2	6	17.462	16.909	1	30.065	0.161	6	30.16	29.77	1
202205221900	44703.79167	17.542	0.078	6	17.621	17.383	1	29.715	0.069	6	29.85	29.64	1
202205222000	44703.83333	17.687	0.22	6	17.754	17.17	1	29.57	0.157	6	29.94	29.53	1
202205222100	44703.875	17.618	0.023	6	17.642	17.586	1	29.58	0.008	6	29.6	29.58	1
202205222200	44703.91667	17.501	0.049	6	17.536	17.395	1	29.641	0.029	6	29.701	29.621	1
202205222300	44703.95833	17.294	0.214	6	17.424	16.951	1	29.711	0.063	6	29.801	29.651	1
202205230000	44704	16.789	0.08	6	16.976	16.751	1	29.871	0.031	6	29.891	29.801	1
202205230100	44704.04167	16.676	0.082	6	16.751	16.52	1	29.916	0.041	6	29.991	29.881	1
202205230200	44704.08333	16.235	0.114	6	16.408	16.134	1	30.141	0.056	6	30.191	30.061	1
202205230300	44704.125	16.489	0.188	6	16.681	16.184	1	29.991	0.105	6	30.161	29.881	1
202205230400	44704.16667	16.721	0.011	6	16.729	16.706	1	29.851	0.013	6	29.871	29.831	1
202205230500	44704.20833	16.711	0.036	6	16.746	16.652	1	29.826	0.012	6	29.841	29.811	1
202205230600	44704.25	16.834	0.25	6	17.157	16.537	1	29.821	0.104	6	29.871	29.621	1
202205230700	44704.29167	17.089	0.045	6	17.16	17.023	1	29.656	0.033	6	29.711	29.611	1
202205230800	44704.33333	17.376	0.078	6	17.389	17.189	1	29.516	0.039	6	29.611	29.511	1
202205230900	44704.375	17.352	0.036	6	17.378	17.289	1	29.556	0.022	6	29.581	29.521	1
202205231000	44704.41667	16.961	0.136	6	17.211	16.911	1	29.777	0.066	6	29.782	29.652	1
202205231100	44704.45833	16.654	0.457	6	17.067	16.059	1	29.957	0.249	6	30.302	29.762	1
202205231200	44704.5	16.133	0.097	6	16.177	15.909	1	30.267	0.057	6	30.392	30.232	1
202205231300	44704.54167	15.634	0.212	6	15.761	15.219	1	30.577	0.12	6	30.762	30.482	1
202205231400	44704.58333	14.944	0.154	6	15.159	14.795	1	30.827	0.063	6	30.882	30.732	1
202205231500	44704.625	15.09	0.125	6	15.159	14.867	1	30.742	0.059	6	30.852	30.712	1
202205231600	44704.66667	15.247	0.026	6	15.264	15.195	1	30.672	0.012	6	30.692	30.662	1
202205231700	44704.70833	15.338	0.357	6	16.057	15.203	1	30.592	0.199	6	30.672	30.222	1
202205231800	44704.75	16.013	0.059	6	16.076	15.917	1	30.222	0.022	6	30.232	30.182	1
202205231900	44704.79167	16.059	0.222	6	16.532	15.998	1	30.182	0.125	6	30.222	29.922	1
202205232000	44704.83333	16.621	0.134	6	16.913	16.552	1	29.847	0.08	6	29.882	29.672	1
202205232100	44704.875	17.048	0.216	6	17.2	16.684	1	29.598	0.113	6	29.803	29.523	1
202205232200	44704.91667	16.953	0.057	6	17.081	16.931	1	29.648	0.024	6	29.653	29.593	1
202205232300	44704.95833	16.765	0.093	6	16.899	16.637	1	29.713	0.045	6	29.793	29.663	1
202205240000	44705	16.663	0.088	6	16.69	16.463	1	29.758	0.037	6	29.843	29.753	1
202205240100	44705.04167	16.442	0.055	6	16.535	16.383	1	29.823	0.027	6	29.853	29.783	1
202205240200	44705.08333	16.218	0.092	6	16.312	16.068	1	29.963	0.052	6	30.033	29.893	1
202205240300	44705.125	15.88	0.084	6	16.005	15.76	1	30.193	0.069	6	30.283	30.083	1
202205240400	44705.16667	15.685	0.052	6	15.791	15.662	1	30.343	0.041	6	30.353	30.253	1
202205240500	44705.20833	15.799	0.014	6	15.817	15.78	1	30.243	0.035	6	30.263	30.163	1
202205240600	44705.25	15.799	0.029	6	15.849	15.762	1	30.023	0.163	6	30.163	29.823	1
202205240700	44705.29167	15.967	0.094	6	16.053	15.809	1	29.843	0.057	6	29.893	29.763	1
202205240800	44705.33333	16.156	0.226	6	16.442	15.93	1	29.833	0.097	6	30.003	29.763	1
202205240900	44705.375	16.545	0.072	6	16.64	16.445	1	29.744	0.031	6	29.764	29.694	1
202205241000	44705.41667	16.533	0.091	6	16.561	16.32	1	29.784	0.05	6	29.904	29.774	1
202205241100	44705.45833	16.008	0.021	6	16.048	15.995	1	30.124	0.041	6	30.174	30.064	1
202205241200	44705.5	16.098	0.129	6	16.142	15.795	1	30.119	0.093	6	30.314	30.054	1
202205241300	44705.54167	15.465	0.096	6	15.51	15.284	1	30.554	0.072	6	30.684	30.514	1
202205241400	44705.58333	15.346	0.135	6	15.447	15.074	1	30.664	0.084	6	30.814	30.584	1
202205241500	44705.625	14.974	0.154	6	15.138	14.768	1	30.874	0.078	6	30.984	30.794	1
202205241600	44705.66667	14.746	0.039	6	14.769	14.663	1	30.969	0.016	6	30.994	30.954	1
202205241700	44705.70833	14.885	0.069	6	15.016	14.837	1	30.899	0.022	6	30.934	30.874	1
202205241800	44705.75	15.308	0.177	6	15.438	15.018	1	30.684	0.114	6	30.864	30.594	1
202205241900	44705.79167	15.944	0.184	6	16.122	15.7	1	30.314	0.103	6	30.464	30.234	1
202205242000	44705.83333	16.05	0.132	6	16.153	15.846	1	30.239	0.058	6	30.334	30.204	1
202205242100	44705.875	16.35	0.14	6	16.513	16.174	1	30.06	0.059	6	30.165	30.005	1
202205242200	44705.91667	16.332	0.106	6	16.477	16.208	1	29.93	0.072	6	30.005	29.835	1
202205242300	44705.95833	16.434	0.139	6	16.634	16.301	1	29.87	0.084	6	29.935	29.735	1
202205250000	44706	16.253	0.066	6	16.305	16.124	1	29.93	0.029	6	29.995	29.915	1
202205250100	44706.04167	15.978	0.015	6	15.994	15.954	1	30.035	0.01	6	30.045	30.015	1
202205250200	44706.08333	15.817	0.03	6	15.881	15.798	1	30.11	0.032	6	30.175	30.085	1
202205250300	44706.125	15.541	0.157	6	15.762	15.314	1	30.38	0.115	6	30.535	30.205	1
202205250400	44706.16667	15.463	0.093	6	15.568	15.312	1	30.405	0.086	6	30.515	30.295	1
202205250500	44706.20833	15.259	0.05	6	15.374	15.244	1	30.55	0.035	6	30.575	30.475	1
202205250600	44706.25	15.53	0.044	6	15.56	15.44	1	30.365	0.034	6	30.445	30.355	1
202205250700	44706.29167	15.614	0.142	6	15.905	15.525	1	30.22	0.111	6	30.335	30.035	1
202205250800	44706.33333	15.902	0.111	6	16.057	15.812	1	29.97	0.052	6	30.065	29.925	1
202205250900	44706.375	16.017	0.164	6	16.299	15.877	1	29.951	0.097	6	30.026	29.786	1
202205251000	44706.41667	16.473	0.188	6	16.516	16.06	1	29.671	0.126	6	29.956	29.646	1
202205251100	44706.45833	16.464	0.259	6	16.527	15.975	1	29.716	0.077	6	29.876	29.656	1
202205251200	44706.5	16.297	0.121	6	16.464	16.154	1	29.881	0.113	6	30.026	29.746	1
202205251300	44706.54167	16.189	0.029	6	16.219	16.154	1	30.011	0.031	6	30.046	29.966	1
202205251400	44706.58333	16.112	0.068	6	16.168	15.995	1	30.116	0.05	6	30.186	30.046	1
202205251500	44706.625	16.001	0.078	6	16.088	15.891	1	30.211	0.07	6	30.286	30.126	1
202205251600	44706.66667	15.913	0.106	6	15.987	15.7	1	30.256	0.081	6	30.416	30.196	1
202205251700	44706.70833	15.834	0.007	6	15.847	15.828	1	30.331	0.016	6	30.356	30.316	1
202205251800	44706.75	15.767	0.031	6	15.831	15.744	1	30.371	0.038	6	30.416	30.306	1
202205251900	44706.79167	15.96	0.069	6	16.056	15.841	1	30.191	0.04	6	30.276	30.156	1
202205252000	44706.83333	15.935	0.029	6	15.98	15.914	1	30.111	0.054	6	30.176	30.056	1
202205252100	44706.875	15.829	0.16	6	15.914	15.518	1	30.141	0.088	6	30.286	30.076	1
202205252200	44706.91667	15.63	0.112	6	15.781	15.496	1	30.256	0.034	6	30.316	30.226	1
202205252300	44706.95833	15.686	0.058	6	15.709	15.571	1	30.226	0.036	6	30.276	30.196	1
202205260000	44707	15.609	0.054	6	15.7	15.578	1	30.266	0.033	6	30.286	30.206	1
202205260100	44707.04167	15.447	0.1	6	15.57	15.303	1	30.371	0.081	6	30.486	30.276	1
202205260200	44707.08333	15.253	0.015	6	15.272	15.237	1	30.501	0.008	6	30.506	30.486	1
202205260300	44707.125	15.196	0.052	6	15.235	15.093	1	30.506	0.06	6	30.646	30.486	1
202205260400	44707.16667	15.01	0.037	6	15.051	14.947	1	30.686	0.012	6	30.696	30.666	1
202205260500	44707.20833	14.883	0.023	6	14.91	14.845	1	30.741	0.015	6	30.766	30.726	1
202205260600	44707.25	14.885	0.025	6	14.922	14.855	1	30.746	0.015	6	30.756	30.716	1
202205260700	44707.29167	14.848	0.026	6	14.888	14.812	1	30.776	0.005	6	30.776	30.766	1
202205260800	44707.33333	15.057	0.114	6	15.223	14.935	1	30.721	0.046	6	30.766	30.646	1
202205260900	44707.375	15.22	0.084	6	15.325	15.105	1	30.576	0.059	6	30.596	30.466	1
202205261000	44707.41667	15.466	0.02	6	15.492	15.439	1	30.546	0.048	6	30.556	30.436	1
202205261100	44707.45833	15.697	0.101	6	15.839	15.573	1	30.386	0.105	6	30.486	30.236	1
202205261200	44707.5	15.921	0.052	6	15.949	15.818	1	30.166	0.053	6	30.246	30.126	1
202205261300	44707.54167	15.722	0.087	6	15.81	15.61	1	30.401	0.108	6	30.546	30.296	1
202205261400	44707.58333	15.582	0.063	6	15.627	15.477	1	30.612	0.043	6	30.657	30.547	1
202205261500	44707.625	15.591	0.089	6	15.677	15.411	1	30.617	0.059	6	30.697	30.517	1
202205261600	44707.66667	15.565	0.141	6	15.758	15.409	1	30.637	0.082	6	30.697	30.517	1
202205261700	44707.70833	15.592	0.08	6	15.781	15.567	1	30.622	0.042	6	30.637	30.527	1
202205261800	44707.75	15.428	0.157	6	15.685	15.232	1	30.667	0.07	6	30.757	30.557	1
202205261900	44707.79167	15.244	0.024	6	15.282	15.214	1	30.742	0.008	6	30.747	30.727	1
202205262000	44707.83333	15.834	0.218	6	15.992	15.391	1	30.527	0.067	6	30.677	30.497	1
202205262100	44707.875	15.858	0.073	6	15.96	15.772	1	30.497	0.027	6	30.547	30.487	1
202205262200	44707.91667	15.832	0.019	6	15.858	15.8	1	30.452	0.024	6	30.497	30.437	1
202205262300	44707.95833	15.671	0.157	6	15.73	15.382	1	30.507	0.029	6	30.547	30.477	1
202205270000	44708	15.446	0.046	6	15.535	15.401	1	30.452	0.094	6	30.557	30.317	1
202205270100	44708.04167	15.327	0.108	6	15.557	15.31	1	30.492	0.079	6	30.497	30.317	1
202205270200	44708.08333	15.15	0.078	6	15.299	15.126	1	30.597	0.054	6	30.637	30.497	1
202205270300	44708.125	15.096	0.028	6	15.104	15.033	1	30.647	0.006	6	30.657	30.637	1
202205270400	44708.16667	15.014	0.011	6	15.022	14.992	1	30.662	0.005	6	30.667	30.657	1
202205270500	44708.20833	14.936	0.045	6	14.979	14.847	1	30.682	0.026	6	30.737	30.667	1
202205270600	44708.25	14.878	0.019	6	14.89	14.839	1	30.722	0.012	6	30.747	30.717	1
202205270700	44708.29167	14.816	0.025	6	14.871	14.802	1	30.747	0.032	6	30.747	30.667	1
202205270800	44708.33333	14.846	0.031	6	14.885	14.807	1	30.737	0.008	6	30.747	30.727	1
202205270900	44708.375	14.955	0.053	6	15.028	14.9	1	30.732	0.008	6	30.747	30.727	1
202205271000	44708.41667	15.108	0.056	6	15.189	15.05	1	30.737	0.03	6	30.747	30.667	1
202205271100	44708.45833	15.279	0.038	6	15.304	15.206	1	30.617	0.008	6	30.627	30.607	1
202205271200	44708.5	15.402	0.074	6	15.493	15.308	1	30.457	0.106	6	30.617	30.357	1
202205271300	44708.54167	15.417	0.142	6	15.599	15.294	1	30.427	0.129	6	30.537	30.267	1
202205271400	44708.58333	15.12	0.094	6	15.294	15.071	1	30.722	0.074	6	30.747	30.577	1
202205271500	44708.625	15.166	0.03	6	15.235	15.15	1	30.722	0.021	6	30.747	30.687	1
202205271600	44708.66667	14.754	0.138	6	15.055	14.686	1	31.027	0.111	6	31.097	30.797	1
202205271700	44708.70833	14.546	0.053	6	14.674	14.538	1	31.247	0.05	6	31.257	31.127	1
202205271800	44708.75	14.599	0.05	6	14.68	14.566	1	31.197	0.047	6	31.227	31.117	1
202205271900	44708.79167	14.598	0.032	6	14.667	14.586	1	31.147	0.027	6	31.167	31.097	1
202205272000	44708.83333	14.554	0.015	6	14.576	14.537	1	31.157	0.005	6	31.157	31.147	1
202205272100	44708.875	14.519	0.018	6	14.529	14.488	1	31.137	0.01	6	31.157	31.127	1
202205272200	44708.91667	14.493	0.134	6	14.8	14.449	1	31.117	0.081	6	31.127	30.927	1
202205272300	44708.95833	14.934	0.058	6	15.002	14.852	1	30.808	0.031	6	30.858	30.768	1
202205280000	44709	14.969	0.074	6	15.078	14.908	1	30.668	0.144	6	30.778	30.478	1
202205280100	44709.04167	15.377	0.193	6	15.636	15.12	1	30.088	0.253	6	30.418	29.748	1
202205280200	44709.08333	15.444	0.071	6	15.583	15.366	1	30.023	0.089	6	30.088	29.828	1
202205280300	44709.125	14.804	0.25	6	15.333	14.748	1	30.648	0.231	6	30.708	30.138	1
202205280400	44709.16667	14.794	0.025	6	14.818	14.754	1	30.638	0.005	6	30.648	30.638	1
202205280500	44709.20833	14.531	0.13	6	14.753	14.445	1	30.933	0.14	6	31.008	30.648	1
202205280600	44709.25	14.492	0.041	6	14.579	14.483	1	30.958	0.038	6	30.968	30.878	1
202205280700	44709.29167	14.545	0.024	6	14.558	14.498	1	30.928	0.01	6	30.948	30.918	1
202205280800	44709.33333	14.604	0.036	6	14.662	14.569	1	30.888	0.016	6	30.918	30.868	1
202205280900	44709.375	14.75	0.045	6	14.799	14.684	1	30.873	0.005	6	30.878	30.868	1
202205281000	44709.41667	14.942	0.062	6	15.007	14.844	1	30.888	0.015	6	30.898	30.858	1
202205281100	44709.45833	15.129	0.058	6	15.189	15.038	1	30.878	0.071	6	30.888	30.708	1
202205281200	44709.5	15.334	0.069	6	15.407	15.221	1	30.418	0.184	6	30.788	30.338	1
202205281300	44709.54167	15.549	0.074	6	15.66	15.449	1	29.988	0.327	6	30.368	29.578	1
202205281400	44709.58333	15.709	0.033	6	15.73	15.639	1	29.263	0.138	6	29.348	29.008	1
202205281500	44709.625	15.683	0.114	6	15.725	15.415	1	29.498	0.366	6	30.318	29.298	1
202205281600	44709.66667	15.468	0.075	6	15.517	15.307	1	30.258	0.109	6	30.498	30.188	1
202205281700	44709.70833	15	0.085	6	15.115	14.899	1	30.808	0.093	6	30.928	30.678	1
202205281800	44709.75	14.874	0.004	6	14.881	14.87	1	30.938	0.008	6	30.948	30.928	1
202205281900	44709.79167	14.869	0.012	6	14.894	14.861	1	30.918	0.016	6	30.948	30.898	1
202205282000	44709.83333	14.826	0.006	6	14.84	14.822	1	30.948	0.015	6	30.958	30.918	1
202205282100	44709.875	14.851	0.018	6	14.875	14.823	1	30.863	0.025	6	30.888	30.818	1
202205282200	44709.91667	14.911	0.074	6	15.03	14.836	1	30.588	0.097	6	30.738	30.468	1
202205282300	44709.95833	14.865	0.028	6	14.913	14.852	1	30.483	0.109	6	30.628	30.298	1
202205290000	44710	15.049	0.031	6	15.086	14.996	1	30.153	0.062	6	30.258	30.068	1
202205290100	44710.04167	14.996	0.127	6	15.185	14.879	1	29.978	0.439	6	30.188	29.148	1
202205290200	44710.08333	15.214	0.018	6	15.233	15.194	1	28.998	0.093	6	29.088	28.858	1
202205290300	44710.125	15.233	0.01	6	15.251	15.224	1	29.108	0.051	6	29.198	29.058	1
202205290400	44710.16667	15.099	0.084	6	15.254	15.073	1	29.883	0.287	6	29.928	29.258	1
202205290500	44710.20833	15.091	0.073	6	15.152	14.952	1	29.993	0.234	6	30.328	29.818	1
202205290600	44710.25	14.881	0.076	6	14.918	14.726	1	30.398	0.115	6	30.648	30.358	1
202205290700	44710.29167	14.783	0.034	6	14.796	14.704	1	30.534	0.052	6	30.649	30.509	1
202205290800	44710.33333	14.814	0.022	6	14.84	14.786	1	30.484	0.028	6	30.529	30.459	1
202205290900	44710.375	14.888	0.033	6	14.934	14.851	1	30.424	0.048	6	30.449	30.329	1
202205291000	44710.41667	14.951	0.011	6	14.963	14.932	1	30.374	0.044	6	30.439	30.309	1
202205291100	44710.45833	14.961	0.024	6	14.992	14.934	1	30.354	0.029	6	30.409	30.339	1
202205291200	44710.5	15.018	0.057	6	15.038	14.891	1	30.184	0.223	6	30.279	29.749	1
202205291300	44710.54167	15.098	0.022	6	15.139	15.082	1	29.259	0.184	6	29.649	29.139	1
202205291400	44710.58333	14.977	0.086	6	15.066	14.861	1	29.059	0.365	6	29.829	28.829	1
202205291500	44710.625	14.963	0.049	6	14.995	14.856	1	28.949	0.068	6	29.009	28.819	1
202205291600	44710.66667	15.156	0.091	6	15.231	15.013	1	29.239	0.232	6	29.569	29.089	1
202205291700	44710.70833	15.241	0.109	6	15.267	14.981	1	29.549	0.273	6	30.209	29.519	1
202205291800	44710.75	14.985	0.028	6	15.017	14.935	1	30.134	0.075	6	30.269	30.049	1
202205291900	44710.79167	14.841	0.024	6	14.889	14.825	1	30.429	0.04	6	30.449	30.339	1
202205292000	44710.83333	14.819	0.01	6	14.824	14.802	1	30.469	0.04	6	30.499	30.399	1
202205292100	44710.875	14.832	0.015	6	14.866	14.826	1	30.299	0.067	6	30.389	30.209	1
202205292200	44710.91667	14.829	0.023	6	14.849	14.785	1	30.209	0.04	6	30.239	30.139	1
202205292300	44710.95833	14.807	0.061	6	14.872	14.719	1	29.894	0.185	6	30.199	29.779	1
202205300000	44711	14.855	0.057	6	14.908	14.786	1	29.644	0.045	6	29.699	29.579	1
202205300100	44711.04167	14.479	0.111	6	14.652	14.399	1	29.339	0.055	6	29.439	29.289	1
202205300200	44711.08333	14.602	0.067	6	14.643	14.468	1	29.139	0.099	6	29.269	29.009	1
202205300300	44711.125	14.591	0.076	6	14.639	14.477	1	29.099	0.039	6	29.119	29.029	1
202205300400	44711.16667	14.61	0.034	6	14.686	14.59	1	29.124	0.088	6	29.329	29.099	1
202205300500	44711.20833	14.771	0.028	6	14.823	14.746	1	29.314	0.019	6	29.339	29.289	1
202205300600	44711.25	14.83	0.013	6	14.836	14.801	1	29.309	0.008	6	29.319	29.299	1
202205300700	44711.29167	14.767	0.044	6	14.818	14.712	1	29.854	0.207	6	30.009	29.479	1
202205300800	44711.33333	14.706	0.021	6	14.734	14.682	1	30.014	0.078	6	30.119	29.929	1
202205300900	44711.375	14.807	0.066	6	14.889	14.705	1	29.914	0.107	6	30.129	29.859	1
202205301000	44711.41667	14.995	0.064	6	15.068	14.892	1	29.879	0.01	6	29.889	29.859	1
202205301100	44711.45833	15.161	0.043	6	15.208	15.095	1	29.794	0.13	6	29.869	29.579	1
202205301200	44711.5	15.367	0.127	6	15.544	15.249	1	29.544	0.041	6	29.599	29.479	1
202205301300	44711.54167	15.598	0.11	6	15.645	15.403	1	29.489	0.109	6	29.709	29.429	1
202205301400	44711.58333	15.406	0.268	6	15.573	14.897	1	29.334	0.11	6	29.409	29.159	1
202205301500	44711.625	14.747	0.041	6	14.801	14.69	1	29.119	0.015	6	29.149	29.109	1
202205301600	44711.66667	14.856	0.052	6	14.93	14.775	1	29.14	0.005	6	29.14	29.13	1
202205301700	44711.70833	15.08	0.09	6	15.164	14.963	1	29.18	0.021	6	29.2	29.14	1
202205301800	44711.75	15.196	0.005	6	15.203	15.188	1	29.125	0.005	6	29.13	29.12	1
202205301900	44711.79167	15.191	0.014	6	15.209	15.175	1	29.18	0.172	6	29.59	29.15	1
202205302000	44711.83333	15.207	0.009	6	15.213	15.192	1	29.98	0.119	6	30.06	29.78	1
202205302100	44711.875	15.03	0.056	6	15.125	14.967	1	30.125	0.15	6	30.2	29.78	1
202205302200	44711.91667	15.105	0.029	6	15.123	15.043	1	29.655	0.029	6	29.69	29.61	1
202205302300	44711.95833	15.039	0.019	6	15.08	15.026	1	29.485	0.085	6	29.62	29.38	1
202205310000	44712	14.974	0.05	6	15.011	14.882	1	29.295	0.027	6	29.36	29.29	1
202205310100	44712.04167	14.916	0.079	6	14.988	14.816	1	29.285	0.066	6	29.41	29.26	1
202205310200	44712.08333	14.749	0.081	6	14.839	14.605	1	29.21	0.043	6	29.26	29.16	1
202205310300	44712.125	14.477	0.045	6	14.564	14.448	1	29.1	0.024	6	29.14	29.08	1
202205310400	44712.16667	14.526	0.022	6	14.559	14.501	1	29.09	0.017	6	29.09	29.05	1
202205310500	44712.20833	14.659	0.05	6	14.693	14.56	1	29.1	0.021	6	29.12	29.06	1
202205310600	44712.25	14.732	0.013	6	14.756	14.721	1	28.985	0.019	6	29.02	28.97	1
202205310700	44712.29167	14.818	0.03	6	14.837	14.774	1	28.985	0.013	6	28.99	28.96	1
202205310800	44712.33333	14.77	0.011	6	14.786	14.759	1	29.605	0.256	6	29.98	29.26	1
202205310900	44712.375	14.792	0.021	6	14.832	14.769	1	30.135	0.107	6	30.26	29.96	1
202205311000	44712.41667	14.944	0.104	6	15.065	14.789	1	29.95	0.279	6	30.32	29.66	1
202205311100	44712.45833	15.151	0.273	6	15.794	15.063	1	29.46	0.076	6	29.58	29.37	1
202205311200	44712.5	15.354	0.26	6	15.971	15.27	1	29.425	0.044	6	29.46	29.35	1
202205311300	44712.54167	15.376	0.13	6	15.627	15.313	1	29.345	0.052	6	29.4	29.29	1
202205311400	44712.58333	15.59	0.049	6	15.648	15.519	1	29.25	0.05	6	29.32	29.19	1
202205311500	44712.625	15.198	0.137	6	15.43	15.07	1	29.045	0.098	6	29.19	28.97	1
202205311600	44712.66667	15.049	0.035	6	15.085	15.011	1	28.92	0.039	6	28.95	28.87	1
202205311700	44712.70833	15.1	0.008	6	15.11	15.09	1	28.995	0.015	6	29.02	28.98	1
202205311800	44712.75	15.124	0.011	6	15.128	15.099	1	28.92	0.042	6	29	28.91	1
202205311900	44712.79167	15.126	0.009	6	15.132	15.107	1	28.92	0.066	6	29.08	28.91	1
202205312000	44712.83333	15.054	0.088	6	15.145	14.949	1	29.58	0.389	6	30.15	29.21	1
202205312100	44712.875	14.928	0.064	6	15.035	14.875	1	29.89	0.292	6	30.21	29.5	1
202205312200	44712.91667	14.809	0.074	6	14.944	14.748	1	29.939	0.308	6	30.419	29.589	1
202205312300	44712.95833	14.907	0.014	6	14.923	14.888	1	29.569	0.01	6	29.579	29.549	1
202206010000	44713	14.84	0.052	6	14.946	14.822	1	29.344	0.107	6	29.479	29.199	1
202206010100	44713.04167	14.948	0.01	6	14.959	14.934	1	29.119	0.017	6	29.139	29.099	1
202206010200	44713.08333	14.883	0.038	6	14.931	14.84	1	29.099	0.061	6	29.159	29.009	1
202206010300	44713.125	14.824	0.01	6	14.841	14.814	1	28.844	0.086	6	28.909	28.679	1
202206010400	44713.16667	14.841	0.02	6	14.855	14.806	1	28.769	0.063	6	28.779	28.639	1
202206010500	44713.20833	14.843	0.013	6	14.855	14.82	1	28.874	0.05	6	28.929	28.779	1
202206010600	44713.25	14.876	0.019	6	14.912	14.863	1	28.894	0.015	6	28.909	28.869	1
202206010700	44713.29167	14.929	0.046	6	14.949	14.823	1	28.864	0.248	6	29.479	28.849	1
202206010800	44713.33333	14.761	0.024	6	14.778	14.723	1	29.804	0.112	6	29.959	29.689	1
202206010900	44713.375	14.716	0.02	6	14.748	14.692	1	30.294	0.124	6	30.439	30.139	1
202206011000	44713.41667	14.664	0.031	6	14.715	14.636	1	30.649	0.069	6	30.799	30.609	1
202206011100	44713.45833	14.844	0.062	6	14.948	14.767	1	30.559	0.033	6	30.619	30.529	1
202206011200	44713.5	15.171	0.161	6	15.444	15.063	1	30.294	0.336	6	30.509	29.779	1
202206011300	44713.54167	15.899	0.222	6	16.162	15.555	1	29.384	0.16	6	29.729	29.289	1
202206011400	44713.58333	15.798	0.122	6	16.026	15.693	1	29.429	0.043	6	29.439	29.329	1
202206011500	44713.625	15.713	0.32	6	16.416	15.59	1	29.273	0.156	6	29.458	29.108	1
202206011600	44713.66667	15.42	0.092	6	15.559	15.335	1	28.788	0.183	6	29.138	28.668	1
202206011700	44713.70833	15.317	0.022	6	15.348	15.297	1	28.763	0.058	6	28.868	28.738	1
202206011800	44713.75	15.343	0.011	6	15.355	15.325	1	28.928	0.061	6	29.018	28.878	1
202206011900	44713.79167	15.357	0.01	6	15.38	15.351	1	29.078	0.013	6	29.098	29.058	1
202206012000	44713.83333	15.329	0.008	6	15.34	15.318	1	29.473	0.21	6	29.588	29.038	1
202206012100	44713.875	15.102	0.138	6	15.338	15.028	1	30.323	0.2	6	30.458	29.978	1
202206012200	44713.91667	14.964	0.065	6	15.094	14.932	1	30.473	0.121	6	30.538	30.208	1
202206012300	44713.95833	15.058	0.061	6	15.112	14.97	1	30.113	0.119	6	30.278	29.968	1
202206020000	44714	15.1	0.01	6	15.108	15.081	1	29.848	0.155	6	29.928	29.588	1
202206020100	44714.04167	15.087	0.025	6	15.104	15.033	1	29.283	0.211	6	29.608	29.088	1
202206020200	44714.08333	15.095	0.021	6	15.102	15.045	1	29.053	0.034	6	29.068	28.978	1
202206020300	44714.125	15.009	0.046	6	15.093	14.966	1	29.028	0.088	6	29.078	28.858	1
202206020400	44714.16667	15.12	0.029	6	15.171	15.087	1	28.728	0.128	6	28.808	28.488	1
202206020500	44714.20833	15.128	0.011	6	15.13	15.105	1	28.658	0.044	6	28.758	28.638	1
202206020600	44714.25	15.084	0.011	6	15.106	15.077	1	28.878	0.044	6	28.918	28.798	1
202206020700	44714.29167	15.104	0.056	6	15.117	14.975	1	28.842	0.299	6	29.537	28.817	1
202206020800	44714.33333	14.968	0.056	6	15.008	14.89	1	29.662	0.248	6	29.977	29.427	1
202206020900	44714.375	14.878	0.046	6	14.894	14.775	1	30.047	0.168	6	30.427	29.997	1
202206021000	44714.41667	14.85	0.054	6	14.92	14.777	1	30.612	0.107	6	30.857	30.577	1
202206021100	44714.45833	15.026	0.08	6	15.117	14.896	1	30.427	0.106	6	30.627	30.347	1
202206021200	44714.5	15.254	0.21	6	15.594	15.059	1	30.167	0.063	6	30.277	30.097	1
202206021300	44714.54167	15.953	0.22	6	16.156	15.553	1	29.422	0.342	6	30.047	29.257	1
202206021400	44714.58333	16.262	0.09	6	16.333	16.12	1	29.287	0.036	6	29.337	29.237	1
202206021500	44714.625	16.356	0.105	6	16.417	16.127	1	29.062	0.182	6	29.237	28.807	1
202206021600	44714.66667	15.987	0.065	6	16.024	15.851	1	28.732	0.044	6	28.827	28.717	1
202206021700	44714.70833	15.836	0.06	6	15.882	15.747	1	28.622	0.084	6	28.787	28.537	1
202206021800	44714.75	15.952	0.072	6	16.009	15.843	1	28.322	0.054	6	28.407	28.247	1
202206021900	44714.79167	15.847	0.042	6	15.893	15.784	1	28.552	0.016	6	28.587	28.547	1
202206022000	44714.83333	15.708	0.061	6	15.758	15.625	1	28.857	0.511	6	29.637	28.547	1
202206022100	44714.875	15.61	0.012	6	15.614	15.583	1	29.612	0.135	6	29.827	29.457	1
202206022200	44714.91667	15.448	0.077	6	15.566	15.381	1	30.037	0.069	6	30.067	29.887	1
202206022300	44714.95833	15.484	0.06	6	15.528	15.39	1	29.522	0.285	6	29.967	29.327	1
202206030000	44715	15.529	0.032	6	15.539	15.455	1	29.101	0.127	6	29.296	28.966	1
202206030100	44715.04167	15.488	0.015	6	15.499	15.463	1	28.756	0.08	6	28.896	28.656	1
202206030200	44715.08333	15.446	0.045	6	15.503	15.383	1	28.676	0.017	6	28.696	28.646	1
202206030300	44715.125	15.315	0.024	6	15.362	15.295	1	28.706	0.017	6	28.726	28.676	1
202206030400	44715.16667	15.447	0.134	6	15.684	15.359	1	28.661	0.045	6	28.716	28.596	1
202206030500	44715.20833	15.749	0.044	6	15.774	15.672	1	28.581	0.113	6	28.616	28.316	1
202206030600	44715.25	15.657	0.013	6	15.668	15.64	1	28.171	0.047	6	28.246	28.116	1
202206030700	44715.29167	15.635	0.016	6	15.663	15.62	1	28.321	0.047	6	28.346	28.216	1
202206030800	44715.33333	15.554	0.169	6	15.716	15.366	1	28.661	0.447	6	29.166	28.276	1
202206030900	44715.375	15.393	0.096	6	15.557	15.28	1	29.186	0.257	6	29.696	29.066	1
202206031000	44715.41667	15.159	0.055	6	15.267	15.126	1	30.256	0.213	6	30.416	29.876	1
202206031100	44715.45833	15.196	0.106	6	15.346	15.089	1	30.386	0.198	6	30.636	30.166	1
202206031200	44715.5	15.548	0.121	6	15.758	15.418	1	29.661	0.286	6	29.986	29.176	1
202206031300	44715.54167	15.952	0.084	6	16.055	15.817	1	29.046	0.077	6	29.186	28.956	1
202206031400	44715.58333	16.259	0.093	6	16.356	16.093	1	29.226	0.031	6	29.266	29.186	1
202206031500	44715.625	16.405	0.017	6	16.425	16.381	1	28.916	0.081	6	29.026	28.806	1
202206031600	44715.66667	16.526	0.088	6	16.637	16.416	1	28.825	0.082	6	28.965	28.745	1
202206031700	44715.70833	16.558	0.1	6	16.638	16.376	1	28.84	0.187	6	29.045	28.585	1
202206031800	44715.75	16.499	0.078	6	16.607	16.413	1	28.59	0.015	6	28.615	28.575	1
202206031900	44715.79167	16.321	0.037	6	16.376	16.269	1	28.515	0.075	6	28.595	28.395	1
202206032000	44715.83333	16.264	0.098	6	16.306	16.063	1	28.455	0.071	6	28.495	28.325	1
202206032100	44715.875	15.965	0.089	6	16.038	15.816	1	28.38	0.22	6	28.845	28.305	1
202206032200	44715.91667	15.807	0.067	6	15.843	15.687	1	29.125	0.275	6	29.415	28.735	1
202206032300	44715.95833	15.673	0.041	6	15.76	15.652	1	29.58	0.107	6	29.615	29.335	1
202206040000	44716	15.769	0.061	6	15.814	15.665	1	28.93	0.282	6	29.445	28.735	1
202206040100	44716.04167	15.847	0.021	6	15.879	15.829	1	28.58	0.058	6	28.665	28.525	1
202206040200	44716.08333	15.791	0.054	6	15.881	15.725	1	28.56	0.02	6	28.585	28.525	1
202206040300	44716.125	15.608	0.056	6	15.682	15.526	1	28.62	0.025	6	28.645	28.575	1
202206040400	44716.16667	15.563	0.109	6	15.778	15.497	1	28.705	0.037	6	28.735	28.635	1
202206040500	44716.20833	16.097	0.176	6	16.252	15.86	1	28.645	0.041	6	28.735	28.635	1
202206040600	44716.25	16.123	0.112	6	16.324	16.063	1	27.995	0.433	6	28.655	27.655	1
202206040700	44716.29167	16	0.019	6	16.041	15.99	1	27.54	0.129	6	27.805	27.495	1
202206040800	44716.33333	15.99	0.011	6	16.004	15.976	1	28.015	0.072	6	28.075	27.875	1
202206040900	44716.375	15.713	0.107	6	15.949	15.658	1	28.929	0.303	6	29.024	28.224	1
202206041000	44716.41667	15.488	0.048	6	15.557	15.415	1	29.659	0.158	6	29.864	29.464	1
202206041100	44716.45833	15.438	0.077	6	15.48	15.287	1	30.049	0.271	6	30.454	29.814	1
202206041200	44716.5	15.846	0.182	6	15.933	15.494	1	29.304	0.411	6	30.094	29.104	1
202206041300	44716.54167	16.063	0.115	6	16.198	15.916	1	28.929	0.091	6	29.104	28.864	1
202206041400	44716.58333	16.337	0.074	6	16.441	16.236	1	29.074	0.1	6	29.204	28.924	1
202206041500	44716.625	16.481	0.011	6	16.501	16.47	1	28.724	0.064	6	28.844	28.654	1
202206041600	44716.66667	16.58	0.029	6	16.637	16.559	1	28.724	0.06	6	28.844	28.684	1
202206041700	44716.70833	16.696	0.024	6	16.733	16.678	1	28.594	0.15	6	28.814	28.464	1
202206041800	44716.75	16.871	0.123	6	16.92	16.588	1	28.669	0.09	6	28.884	28.644	1
202206041900	44716.79167	16.683	0.084	6	16.864	16.641	1	27.829	0.431	6	28.684	27.654	1
202206042000	44716.83333	16.548	0.062	6	16.634	16.46	1	27.664	0.096	6	27.874	27.604	1
202206042100	44716.875	16.345	0.052	6	16.413	16.263	1	28.054	0.031	6	28.104	28.014	1
202206042200	44716.91667	16.083	0.078	6	16.22	16.013	1	28.454	0.155	6	28.584	28.164	1
202206042300	44716.95833	16.06	0.032	6	16.097	16.01	1	28.644	0.111	6	28.784	28.524	1
202206050000	44717	16.045	0.03	6	16.064	15.991	1	28.564	0.147	6	28.814	28.444	1
202206050100	44717.04167	16.088	0.018	6	16.128	16.08	1	28.343	0.042	6	28.393	28.283	1
202206050200	44717.08333	16.173	0.018	6	16.194	16.148	1	28.218	0.033	6	28.273	28.193	1
202206050300	44717.125	16.175	0.046	6	16.232	16.131	1	28.203	0.006	6	28.213	28.193	1
202206050400	44717.16667	16.048	0.072	6	16.1	15.946	1	28.213	0.008	6	28.213	28.193	1
202206050500	44717.20833	15.997	0.131	6	16.222	15.916	1	28.243	0.07	6	28.393	28.203	1
202206050600	44717.25	16.358	0.091	6	16.481	16.212	1	28.398	0.061	6	28.483	28.343	1
202206050700	44717.29167	16.274	0.057	6	16.371	16.206	1	27.873	0.231	6	28.363	27.703	1
202206050800	44717.33333	16.219	0.011	6	16.239	16.207	1	27.798	0.029	6	27.843	27.773	1
202206050900	44717.375	16.206	0.006	6	16.213	16.2	1	27.838	0.029	6	27.893	27.823	1
202206051000	44717.41667	15.815	0.055	6	15.892	15.723	1	28.888	0.145	6	29.163	28.723	1
202206051100	44717.45833	15.353	0.125	6	15.63	15.28	1	30.093	0.319	6	30.213	29.373	1
202206051200	44717.5	15.137	0.093	6	15.275	15.041	1	30.823	0.251	6	31.053	30.383	1
202206051300	44717.54167	15.672	0.171	6	15.833	15.348	1	29.518	0.441	6	30.343	29.093	1
202206051400	44717.58333	16.019	0.049	6	16.036	15.903	1	28.663	0.132	6	28.943	28.563	1
202206051500	44717.625	16.024	0.019	6	16.044	15.997	1	28.793	0.098	6	28.933	28.663	1
202206051600	44717.66667	16.056	0.045	6	16.155	16.038	1	28.783	0.013	6	28.803	28.763	1
202206051700	44717.70833	16.214	0.016	6	16.229	16.188	1	28.618	0.057	6	28.693	28.533	1
202206051800	44717.75	16.337	0.085	6	16.381	16.163	1	28.377	0.155	6	28.692	28.282	1
202206051900	44717.79167	16.386	0.026	6	16.425	16.357	1	28.242	0.014	6	28.272	28.232	1
202206052000	44717.83333	16.294	0.017	6	16.328	16.284	1	28.272	0.019	6	28.302	28.252	1
202206052100	44717.875	16.09	0.112	6	16.254	15.998	1	28.527	0.216	6	28.722	28.222	1
202206052200	44717.91667	15.867	0.161	6	16.14	15.729	1	28.742	0.397	6	29.302	28.442	1
202206052300	44717.95833	15.522	0.099	6	15.701	15.438	1	29.907	0.293	6	30.152	29.412	1
202206060000	44718	15.423	0.063	6	15.484	15.338	1	30.127	0.151	6	30.382	30.002	1
202206060100	44718.04167	15.681	0.112	6	15.761	15.492	1	29.357	0.303	6	29.902	29.172	1
202206060200	44718.08333	15.75	0.039	6	15.836	15.726	1	29.177	0.121	6	29.192	28.882	1
202206060300	44718.125	15.913	0.055	6	15.943	15.799	1	28.637	0.357	6	28.682	27.812	1
202206060400	44718.16667	15.991	0.015	6	16.001	15.96	1	27.817	0.157	6	27.942	27.602	1
202206060500	44718.20833	15.987	0.027	6	16.02	15.949	1	28.087	0.107	6	28.242	27.972	1
202206060600	44718.25	16.127	0.009	6	16.145	16.12	1	28.292	0.024	6	28.312	28.252	1
202206060700	44718.29167	16.071	0.03	6	16.099	16.013	1	28.337	0.012	6	28.362	28.332	1
202206060800	44718.33333	15.932	0.098	6	15.999	15.776	1	28.452	0.249	6	28.942	28.382	1
202206060900	44718.375	15.755	0.046	6	15.806	15.678	1	28.932	0.161	6	29.222	28.762	1
202206061000	44718.41667	15.612	0.172	6	15.738	15.345	1	29.351	0.493	6	30.161	29.011	1
202206061100	44718.45833	15.306	0.051	6	15.364	15.256	1	30.326	0.172	6	30.561	30.171	1
202206061200	44718.5	15.209	0.086	6	15.308	15.061	1	30.676	0.275	6	31.141	30.351	1
202206061300	44718.54167	14.903	0.015	6	14.921	14.88	1	31.631	0.037	6	31.691	31.591	1
202206061400	44718.58333	14.947	0.019	6	14.966	14.914	1	31.556	0.066	6	31.611	31.441	1
202206061500	44718.625	15.058	0.138	6	15.304	14.972	1	31.036	0.722	6	31.451	29.671	1
202206061600	44718.66667	15.369	0.035	6	15.384	15.288	1	29.406	0.207	6	29.821	29.201	1
202206061700	44718.70833	15.334	0.04	6	15.408	15.31	1	29.431	0.295	6	29.491	28.721	1
202206061800	44718.75	15.569	0.11	6	15.627	15.365	1	29.231	0.117	6	29.451	29.131	1
202206061900	44718.79167	15.691	0.044	6	15.751	15.634	1	29.011	0.101	6	29.141	28.861	1
202206062000	44718.83333	15.585	0.056	6	15.636	15.501	1	29.146	0.09	6	29.311	29.121	1
202206062100	44718.875	15.392	0.049	6	15.474	15.342	1	29.461	0.153	6	29.741	29.321	1
202206062200	44718.91667	15.261	0.03	6	15.318	15.239	1	29.901	0.052	6	29.951	29.801	1
202206062300	44718.95833	15.13	0.047	6	15.228	15.121	1	30.121	0.147	6	30.301	29.891	1
202206070000	44719	15.118	0.014	6	15.128	15.089	1	29.971	0.043	6	30.051	29.951	1
202206070100	44719.04167	14.988	0.043	6	15.065	14.953	1	30.296	0.134	6	30.391	30.011	1
202206070200	44719.08333	14.864	0.041	6	14.932	14.817	1	30.726	0.138	6	30.901	30.481	1
202206070300	44719.125	14.638	0.249	6	14.782	14.167	1	30.53	0.557	6	30.71	29.39	1
202206070400	44719.16667	14.199	0.026	6	14.229	14.161	1	29.49	0.073	6	29.54	29.36	1
202206070500	44719.20833	14.387	0.047	6	14.417	14.316	1	29.55	0.026	6	29.59	29.52	1
202206070600	44719.25	14.903	0.469	6	15.279	14.315	1	29.53	0.202	6	29.72	29.31	1
202206070700	44719.29167	15.403	0.118	6	15.484	15.174	1	29.18	0.15	6	29.45	29.07	1
202206070800	44719.33333	15.37	0.047	6	15.472	15.356	1	29.425	0.101	6	29.46	29.22	1
202206070900	44719.375	15.224	0.049	6	15.265	15.126	1	29.935	0.273	6	30.35	29.63	1
202206071000	44719.41667	15.003	0.132	6	15.094	14.732	1	30.645	0.332	6	31.34	30.42	1
202206071100	44719.45833	14.619	0.017	6	14.641	14.591	1	31.61	0.109	6	31.79	31.52	1
202206071200	44719.5	14.662	0.195	6	15.101	14.619	1	31.765	0.047	6	31.85	31.73	1
202206071300	44719.54167	14.772	0.043	6	14.797	14.695	1	31.68	0.059	6	31.8	31.66	1
202206071400	44719.58333	14.866	0.041	6	14.912	14.82	1	31.665	0.019	6	31.71	31.66	1
202206071500	44719.625	14.906	0.077	6	15.022	14.828	1	31.655	0.037	6	31.69	31.59	1
202206071600	44719.66667	15.144	0.287	6	15.802	15.042	1	31.33	0.502	6	31.61	30.24	1
202206071700	44719.70833	15.802	0.1	6	16.025	15.738	1	30.321	0.102	6	30.351	30.081	1
202206071800	44719.75	15.983	0.027	6	16.006	15.933	1	29.951	0.087	6	30.131	29.901	1
202206071900	44719.79167	15.912	0.032	6	15.944	15.873	1	29.271	0.356	6	29.781	28.921	1
202206072000	44719.83333	15.922	0.007	6	15.929	15.908	1	28.836	0.028	6	28.891	28.811	1
202206072100	44719.875	15.803	0.049	6	15.899	15.771	1	29.121	0.082	6	29.141	28.931	1
202206072200	44719.91667	15.654	0.062	6	15.733	15.543	1	29.096	0.261	6	29.731	29.071	1
202206072300	44719.95833	15.39	0.045	6	15.48	15.359	1	30.147	0.107	6	30.212	29.922	1
202206080000	44720	15.304	0.125	6	15.456	15.168	1	30.347	0.399	6	30.732	29.792	1
202206080100	44720.04167	15.163	0.021	6	15.2	15.147	1	30.752	0.071	6	30.832	30.642	1
202206080200	44720.08333	15.123	0.015	6	15.134	15.091	1	30.812	0.09	6	30.872	30.642	1
202206080300	44720.125	15.194	0.032	6	15.241	15.156	1	30.482	0.112	6	30.572	30.292	1
202206080400	44720.16667	15.291	0.144	6	15.58	15.237	1	30.137	0.416	6	30.312	29.332	1
202206080500	44720.20833	15.638	0.021	6	15.646	15.591	1	29.193	0.045	6	29.303	29.193	1
202206080600	44720.25	15.646	0.023	6	15.652	15.592	1	29.173	0.031	6	29.243	29.163	1
202206080700	44720.29167	15.71	0.074	6	15.788	15.597	1	29.223	0.065	6	29.293	29.133	1
202206080800	44720.33333	15.855	0.062	6	15.911	15.743	1	28.973	0.118	6	29.213	28.883	1
202206080900	44720.375	15.841	0.023	6	15.854	15.794	1	29.073	0.053	6	29.183	29.053	1
202206081000	44720.41667	15.538	0.157	6	15.847	15.497	1	29.803	0.344	6	29.943	29.153	1
202206081100	44720.45833	15.324	0.017	6	15.355	15.308	1	30.253	0.032	6	30.293	30.223	1
202206081200	44720.5	15.301	0.034	6	15.359	15.253	1	30.534	0.213	6	30.824	30.234	1
202206081300	44720.54167	15.204	0.024	6	15.224	15.168	1	30.994	0.068	6	31.084	30.934	1
202206081400	44720.58333	15.194	0.074	6	15.31	15.116	1	30.969	0.132	6	31.084	30.724	1
202206081500	44720.625	15.061	0.018	6	15.079	15.035	1	31.244	0.03	6	31.264	31.184	1
202206081600	44720.66667	15.241	0.068	6	15.305	15.142	1	30.874	0.094	6	31.044	30.804	1
202206081700	44720.70833	15.57	0.149	6	15.771	15.386	1	30.484	0.17	6	30.674	30.284	1
202206081800	44720.75	15.789	0.053	6	15.899	15.74	1	29.82	0.129	6	30.015	29.645	1
202206081900	44720.79167	16	0.131	6	16.098	15.744	1	29.595	0.138	6	29.835	29.455	1
202206082000	44720.83333	15.731	0.042	6	15.754	15.645	1	29.545	0.085	6	29.715	29.505	1
202206082100	44720.875	15.755	0.042	6	15.786	15.678	1	29.185	0.11	6	29.345	29.075	1
202206082200	44720.91667	15.617	0.005	6	15.626	15.613	1	29.5	0.023	6	29.515	29.465	1
202206082300	44720.95833	15.549	0.066	6	15.609	15.418	1	29.595	0.191	6	30.015	29.505	1
202206090000	44721	15.313	0.03	6	15.352	15.272	1	30.326	0.08	6	30.446	30.216	1
202206090100	44721.04167	15.249	0.036	6	15.263	15.166	1	30.511	0.118	6	30.786	30.476	1
202206090200	44721.08333	15.095	0.035	6	15.161	15.068	1	30.976	0.09	6	31.066	30.826	1
202206090300	44721.125	15.071	0.026	6	15.093	15.03	1	30.986	0.065	6	31.116	30.956	1
202206090400	44721.16667	15.054	0.012	6	15.073	15.04	1	31.021	0.054	6	31.106	30.966	1
202206090500	44721.20833	15.091	0.022	6	15.115	15.06	1	30.871	0.054	6	30.956	30.806	1
202206090600	44721.25	15.216	0.049	6	15.239	15.127	1	30.451	0.139	6	30.676	30.336	1
202206090700	44721.29167	15.264	0.059	6	15.311	15.16	1	30.187	0.183	6	30.567	30.067	1
202206090800	44721.33333	15.503	0.107	6	15.632	15.346	1	29.867	0.195	6	30.137	29.627	1
202206090900	44721.375	15.687	0.031	6	15.721	15.644	1	29.562	0.11	6	29.627	29.367	1
202206091000	44721.41667	15.654	0.015	6	15.659	15.622	1	29.617	0.091	6	29.767	29.497	1
202206091100	44721.45833	15.636	0.065	6	15.696	15.534	1	30.157	0.15	6	30.307	29.907	1
202206091200	44721.5	15.691	0.056	6	15.767	15.649	1	30.262	0.005	6	30.267	30.257	1
202206091300	44721.54167	15.464	0.045	6	15.537	15.415	1	30.803	0.099	6	30.928	30.648	1
202206091400	44721.58333	15.379	0.023	6	15.431	15.366	1	31.093	0.136	6	31.228	30.908	1
202206091500	44721.625	15.455	0.029	6	15.499	15.42	1	31.118	0.03	6	31.158	31.068	1
202206091600	44721.66667	15.569	0.051	6	15.612	15.468	1	31.113	0.019	6	31.138	31.088	1
202206091700	44721.70833	15.682	0.076	6	15.823	15.621	1	31.098	0.049	6	31.128	30.998	1
202206091800	44721.75	16.184	0.226	6	16.483	15.922	1	30.678	0.138	6	30.948	30.608	1
202206091900	44721.79167	16.824	0.209	6	16.987	16.454	1	30.234	0.183	6	30.599	30.139	1
202206092000	44721.83333	16.558	0.118	6	16.785	16.498	1	30.094	0.048	6	30.159	30.029	1
202206092100	44721.875	16.126	0.184	6	16.545	16.063	1	29.604	0.255	6	30.019	29.339	1
202206092200	44721.91667	16.104	0.01	6	16.126	16.099	1	29.044	0.073	6	29.159	28.939	1
202206092300	44721.95833	16.054	0.04	6	16.11	16.014	1	29.234	0.155	6	29.279	28.899	1
202206100000	44722	15.987	0.009	6	16.005	15.979	1	29.324	0.025	6	29.339	29.269	1
202206100100	44722.04167	15.738	0.097	6	15.964	15.707	1	29.794	0.193	6	29.839	29.329	1
202206100200	44722.08333	15.704	0.004	6	15.71	15.698	1	29.87	0.041	6	29.96	29.85	1
202206100300	44722.125	15.631	0.049	6	15.679	15.567	1	30.2	0.202	6	30.46	29.96	1
202206100400	44722.16667	15.581	0.013	6	15.584	15.551	1	30.295	0.059	6	30.39	30.23	1
202206100500	44722.20833	15.505	0.006	6	15.519	15.501	1	30.505	0.017	6	30.52	30.47	1
202206100600	44722.25	15.558	0.024	6	15.577	15.516	1	30.425	0.103	6	30.5	30.21	1
202206100700	44722.29167	15.628	0.053	6	15.712	15.572	1	30.065	0.204	6	30.25	29.71	1
202206100800	44722.33333	15.805	0.046	6	15.849	15.731	1	29.701	0.042	6	29.771	29.661	1
202206100900	44722.375	15.86	0.036	6	15.932	15.825	1	29.656	0.107	6	29.771	29.451	1
202206101000	44722.41667	16.007	0.063	6	16.056	15.896	1	29.296	0.168	6	29.631	29.181	1
202206101100	44722.45833	16.032	0.027	6	16.084	16.009	1	29.236	0.033	6	29.261	29.181	1
202206101200	44722.5	16.11	0.023	6	16.144	16.087	1	29.331	0.059	6	29.431	29.281	1
202206101300	44722.54167	16.095	0.014	6	16.115	16.082	1	29.686	0.174	6	29.891	29.481	1
202206101400	44722.58333	16.158	0.047	6	16.231	16.1	1	29.822	0.116	6	29.972	29.652	1
202206101500	44722.625	15.799	0.136	6	16.075	15.745	1	30.427	0.218	6	30.592	30.052	1
202206101600	44722.66667	15.717	0.055	6	15.785	15.629	1	30.752	0.062	6	30.842	30.682	1
202206101700	44722.70833	15.637	0.029	6	15.679	15.602	1	30.877	0.04	6	30.892	30.792	1
202206101800	44722.75	15.639	0.087	6	15.816	15.615	1	30.782	0.202	6	30.872	30.342	1
202206101900	44722.79167	16.061	0.181	6	16.377	15.927	1	30.547	0.125	6	30.652	30.342	1
202206102000	44722.83333	16.613	0.198	6	16.716	16.244	1	30.127	0.13	6	30.372	30.052	1
202206102100	44722.875	16.739	0.123	6	16.788	16.456	1	29.948	0.054	6	30.013	29.853	1
202206102200	44722.91667	16.288	0.025	6	16.329	16.256	1	29.663	0.164	6	29.783	29.393	1
202206102300	44722.95833	16.218	0.052	6	16.306	16.174	1	29.293	0.212	6	29.413	28.953	1
202206110000	44723	16.216	0.054	6	16.283	16.155	1	29.243	0.096	6	29.303	29.063	1
202206110100	44723.04167	16.133	0.09	6	16.16	15.944	1	29.348	0.135	6	29.593	29.293	1
202206110200	44723.08333	15.872	0.052	6	15.954	15.819	1	29.658	0.185	6	29.883	29.383	1
202206110300	44723.125	15.954	0.036	6	15.975	15.884	1	29.539	0.065	6	29.654	29.494	1
202206110400	44723.16667	15.949	0.037	6	15.967	15.871	1	29.564	0.135	6	29.864	29.504	1
202206110500	44723.20833	15.684	0.038	6	15.732	15.616	1	30.554	0.194	6	30.814	30.364	1
202206110600	44723.25	15.626	0.033	6	15.701	15.613	1	30.649	0.161	6	30.724	30.294	1
202206110700	44723.29167	15.659	0.037	6	15.734	15.632	1	30.709	0.04	6	30.744	30.624	1
202206110800	44723.33333	15.859	0.046	6	15.904	15.785	1	30.309	0.148	6	30.554	30.214	1
202206110900	44723.375	16.089	0.136	6	16.294	15.934	1	30.105	0.112	6	30.215	29.905	1
202206111000	44723.41667	16.356	0.031	6	16.39	16.309	1	30.005	0.076	6	30.095	29.905	1
202206111100	44723.45833	16.415	0.048	6	16.492	16.361	1	30.03	0.149	6	30.075	29.705	1
202206111200	44723.5	16.34	0.044	6	16.408	16.28	1	29.575	0.112	6	29.755	29.495	1
202206111300	44723.54167	16.435	0.047	6	16.475	16.348	1	29.815	0.12	6	30.095	29.765	1
202206111400	44723.58333	16.452	0.029	6	16.488	16.409	1	30.245	0.042	6	30.275	30.175	1
202206111500	44723.625	16.517	0.039	6	16.594	16.487	1	30.305	0.029	6	30.325	30.255	1
202206111600	44723.66667	16.494	0.14	6	16.597	16.255	1	30.416	0.117	6	30.626	30.326	1
202206111700	44723.70833	16.29	0.045	6	16.349	16.233	1	30.771	0.064	6	30.806	30.646	1
202206111800	44723.75	16.104	0.028	6	16.162	16.1	1	30.846	0.012	6	30.856	30.826	1
202206111900	44723.79167	16.077	0.079	6	16.269	16.064	1	30.841	0.064	6	30.866	30.696	1
202206112000	44723.83333	16.647	0.277	6	17.045	16.393	1	30.496	0.136	6	30.656	30.346	1
202206112100	44723.875	17.374	0.135	6	17.399	17.059	1	30.071	0.106	6	30.306	30.026	1
202206112200	44723.91667	17.235	0.069	6	17.356	17.169	1	30.032	0.024	6	30.057	29.987	1
202206112300	44723.95833	17.104	0.198	6	17.17	16.651	1	30.022	0.093	6	30.037	29.797	1
202206120000	44724	16.523	0.032	6	16.57	16.483	1	29.157	0.222	6	29.477	28.937	1
202206120100	44724.04167	16.449	0.055	6	16.553	16.428	1	29.357	0.133	6	29.387	29.047	1
202206120200	44724.08333	16.331	0.113	6	16.411	16.175	1	29.597	0.216	6	29.887	29.407	1
202206120300	44724.125	16.125	0.008	6	16.144	16.125	1	30.042	0.039	6	30.087	29.977	1
202206120400	44724.16667	16.113	0.032	6	16.122	16.036	1	30.088	0.082	6	30.288	30.078	1
202206120500	44724.20833	15.983	0.022	6	16.008	15.953	1	30.418	0.117	6	30.648	30.358	1
202206120600	44724.25	15.952	0.023	6	15.957	15.904	1	30.678	0.087	6	30.748	30.498	1
202206120700	44724.29167	15.911	0.016	6	15.938	15.897	1	30.738	0.011	6	30.748	30.718	1
202206120800	44724.33333	15.984	0.057	6	16.109	15.956	1	30.688	0.015	6	30.718	30.678	1
202206120900	44724.375	16.245	0.077	6	16.397	16.169	1	30.433	0.147	6	30.688	30.328	1
202206121000	44724.41667	16.715	0.147	6	16.818	16.463	1	30.118	0.135	6	30.328	29.988	1
202206121100	44724.45833	16.879	0.051	6	16.958	16.827	1	30.094	0.216	6	30.159	29.689	1
202206121200	44724.5	16.977	0.067	6	17.076	16.923	1	29.524	0.23	6	29.979	29.359	1
202206121300	44724.54167	16.812	0.045	6	16.865	16.742	1	29.254	0.093	6	29.369	29.139	1
202206121400	44724.58333	16.818	0.033	6	16.827	16.741	1	29.589	0.225	6	30.059	29.449	1
202206121500	44724.625	16.731	0.029	6	16.779	16.698	1	30.179	0.029	6	30.209	30.129	1
202206121600	44724.66667	16.757	0.086	6	16.76	16.587	1	30.264	0.167	6	30.599	30.189	1
202206121700	44724.70833	16.617	0.013	6	16.637	16.608	1	30.635	0.048	6	30.71	30.59	1
202206121800	44724.75	16.598	0.008	6	16.6	16.582	1	30.725	0.031	6	30.76	30.67	1
202206121900	44724.79167	16.577	0.008	6	16.587	16.568	1	30.785	0.025	6	30.81	30.75	1
202206122000	44724.83333	16.536	0.019	6	16.561	16.508	1	30.77	0.03	6	30.8	30.71	1
202206122100	44724.875	16.698	0.17	6	16.922	16.496	1	30.575	0.131	6	30.71	30.39	1
202206122200	44724.91667	17.098	0.063	6	17.125	16.956	1	30.23	0.049	6	30.33	30.19	1
202206122300	44724.95833	17.089	0.065	6	17.18	17.012	1	30.026	0.135	6	30.231	29.891	1
202206130000	44725	17.108	0.13	6	17.18	16.837	1	29.841	0.082	6	29.881	29.661	1
202206130100	44725.04167	16.884	0.042	6	16.93	16.826	1	28.701	0.239	6	29.141	28.561	1
202206130200	44725.08333	16.809	0.029	6	16.872	16.794	1	28.901	0.049	6	28.921	28.791	1
202206130300	44725.125	16.593	0.146	6	16.785	16.439	1	29.491	0.383	6	29.841	28.941	1
202206130400	44725.16667	16.41	0.011	6	16.431	16.4	1	29.816	0.025	6	29.861	29.791	1
202206130500	44725.20833	16.324	0.087	6	16.406	16.231	1	30.116	0.339	6	30.461	29.801	1
202206130600	44725.25	16.224	0.03	6	16.254	16.193	1	30.507	0.083	6	30.572	30.382	1
202206130700	44725.29167	16.173	0.015	6	16.195	16.156	1	30.612	0.044	6	30.662	30.542	1
202206130800	44725.33333	16.197	0.015	6	16.217	16.177	1	30.592	0.029	6	30.632	30.542	1
202206130900	44725.375	16.282	0.044	6	16.344	16.231	1	30.592	0.023	6	30.602	30.542	1
202206131000	44725.41667	16.479	0.088	6	16.555	16.34	1	30.577	0.034	6	30.582	30.502	1
202206131100	44725.45833	16.736	0.065	6	16.782	16.622	1	30.442	0.071	6	30.572	30.382	1
202206131200	44725.5	16.856	0.095	6	17.031	16.783	1	30.283	0.189	6	30.403	29.913	1
202206131300	44725.54167	16.96	0.043	6	16.992	16.873	1	29.803	0.28	6	29.873	29.133	1
202206131400	44725.58333	16.959	0.043	6	16.992	16.89	1	28.943	0.091	6	29.063	28.843	1
202206131500	44725.625	16.914	0.05	6	16.936	16.8	1	29.353	0.289	6	29.843	29.063	1
202206131600	44725.66667	16.849	0.027	6	16.884	16.812	1	29.908	0.064	6	30.043	29.863	1
202206131700	44725.70833	16.686	0.073	6	16.841	16.676	1	30.483	0.278	6	30.543	29.953	1
202206131800	44725.75	16.625	0.044	6	16.687	16.549	1	30.674	0.115	6	30.894	30.544	1
202206131900	44725.79167	16.572	0.008	6	16.583	16.564	1	30.819	0.04	6	30.864	30.744	1
202206132000	44725.83333	16.561	0.012	6	16.574	16.541	1	30.719	0.043	6	30.764	30.654	1
202206132100	44725.875	16.524	0.005	6	16.534	16.521	1	30.664	0.068	6	30.774	30.584	1
202206132200	44725.91667	16.423	0.045	6	16.504	16.384	1	30.594	0.082	6	30.664	30.424	1
202206132300	44725.95833	16.723	0.088	6	16.826	16.602	1	30.009	0.149	6	30.194	29.814	1
202206140000	44726	16.706	0.029	6	16.733	16.658	1	29.649	0.125	6	29.914	29.544	1
202206140100	44726.04167	16.586	0.077	6	16.725	16.518	1	29.42	0.258	6	29.575	28.955	1
202206140200	44726.08333	17.002	0.075	6	17.062	16.854	1	28.185	0.204	6	28.625	28.095	1
202206140300	44726.125	16.963	0.015	6	16.976	16.937	1	28.32	0.021	6	28.365	28.305	1
202206140400	44726.16667	16.692	0.101	6	16.887	16.617	1	29	0.251	6	29.165	28.495	1
202206140500	44726.20833	16.608	0.029	6	16.625	16.544	1	29.17	0.125	6	29.465	29.135	1
202206140600	44726.25	16.424	0.061	6	16.572	16.414	1	29.82	0.298	6	29.885	29.125	1
202206140700	44726.29167	16.363	0.057	6	16.436	16.297	1	30.106	0.209	6	30.336	29.836	1
202206140800	44726.33333	16.285	0.014	6	16.303	16.269	1	30.356	0.042	6	30.396	30.286	1
202206140900	44726.375	16.327	0.042	4	16.387	16.297	4.333	30.301	0.093	4	30.356	30.166	4.333
202206141000	44726.41667	16.499	0.062	6	16.583	16.433	1	30.001	0.1	6	30.166	29.906	1
202206141100	44726.45833	16.823	0.172	6	17.077	16.63	1	29.736	0.308	6	29.956	29.226	1
202206141200	44726.5	17.153	0.138	6	17.403	17.026	1	29.276	0.128	6	29.386	29.046	1
202206141300	44726.54167	17.593	0.088	6	17.689	17.432	1	29.106	0.129	6	29.226	28.866	1
202206141400	44726.58333	17.489	0.08	6	17.638	17.412	1	28.696	0.141	6	28.826	28.426	1
202206141500	44726.625	17.415	0.045	6	17.519	17.407	1	28.241	0.05	6	28.256	28.136	1
202206141600	44726.66667	17.348	0.084	6	17.443	17.26	1	28.651	0.269	6	28.966	28.316	1
202206141700	44726.70833	17.272	0.029	6	17.315	17.239	1	29.001	0.015	6	29.016	28.976	1
202206141800	44726.75	17.129	0.085	6	17.285	17.092	1	29.641	0.378	6	29.816	28.976	1
202206141900	44726.79167	17.02	0.047	6	17.115	16.974	1	30.086	0.192	6	30.306	29.716	1
202206142000	44726.83333	16.85	0.096	6	16.971	16.742	1	30.436	0.079	6	30.496	30.266	1
202206142100	44726.875	16.738	0.025	6	16.776	16.716	1	30.341	0.135	6	30.506	30.196	1
202206142200	44726.91667	16.789	0.012	6	16.808	16.774	1	30.151	0.105	6	30.166	29.896	1
202206142300	44726.95833	16.919	0.043	6	16.938	16.838	1	29.401	0.016	6	29.426	29.376	1
202206150000	44727	17.221	0.114	6	17.231	16.941	1	29.066	0.132	6	29.316	28.956	1
202206150100	44727.04167	17.324	0.065	6	17.398	17.226	1	28.766	0.062	6	28.886	28.716	1
202206150200	44727.08333	17.18	0.079	6	17.352	17.158	1	28.561	0.236	6	28.806	28.226	1
202206150300	44727.125	17.357	0.063	6	17.484	17.344	1	28.226	0.077	6	28.246	28.086	1
202206150400	44727.16667	17.286	0.064	6	17.339	17.168	1	28.291	0.104	6	28.476	28.216	1
202206150500	44727.20833	16.959	0.041	6	17.058	16.952	1	28.821	0.125	6	28.836	28.536	1
202206150600	44727.25	16.966	0.05	6	16.979	16.847	1	28.826	0.167	6	29.226	28.786	1
202206150700	44727.29167	16.859	0.074	6	16.976	16.779	1	29.196	0.205	6	29.586	29.016	1
202206150800	44727.33333	16.699	0.071	6	16.814	16.62	1	29.851	0.157	6	30.086	29.616	1
202206150900	44727.375	16.606	0.052	6	16.706	16.583	1	30.206	0.157	6	30.286	29.866	1
202206151000	44727.41667	16.811	0.1	6	16.986	16.724	1	29.985	0.152	6	30.085	29.685	1
202206151100	44727.45833	17.217	0.15	6	17.388	17.026	1	29.365	0.165	6	29.695	29.245	1
202206151200	44727.5	17.594	0.231	6	18.06	17.449	1	29.305	0.092	6	29.395	29.135	1
202206151300	44727.54167	18.14	0.066	6	18.251	18.066	1	29.055	0.117	6	29.135	28.845	1
202206151400	44727.58333	18.286	0.169	6	18.557	18.122	1	28.84	0.047	6	28.865	28.735	1
202206151500	44727.625	18.28	0.148	6	18.624	18.234	1	28.54	0.198	6	28.815	28.295	1
202206151600	44727.66667	18.136	0.058	6	18.264	18.123	1	28.245	0.031	6	28.265	28.185	1
202206151700	44727.70833	17.957	0.107	6	18.115	17.853	1	28.45	0.081	6	28.585	28.385	1
202206151800	44727.75	17.818	0.011	6	17.831	17.8	1	28.63	0.008	6	28.645	28.625	1
202206151900	44727.79167	17.622	0.084	6	17.79	17.606	1	29.28	0.373	6	29.405	28.615	1
202206152000	44727.83333	17.507	0.135	6	17.583	17.294	1	29.81	0.243	6	30.105	29.585	1
202206152100	44727.875	17.084	0.17	6	17.253	16.769	1	30.185	0.185	6	30.585	30.085	1
202206152200	44727.91667	16.96	0.146	6	17.191	16.787	1	30.225	0.23	6	30.495	29.825	1
202206152300	44727.95833	17.276	0.034	6	17.306	17.214	1	29.6	0.151	6	29.795	29.395	1
202206160000	44728	17.355	0.038	6	17.433	17.326	1	29.215	0.11	6	29.305	28.995	1
202206160100	44728.04167	17.707	0.134	6	17.812	17.475	1	28.82	0.175	6	29.175	28.685	1
202206160200	44728.08333	17.801	0.018	6	17.826	17.777	1	28.64	0.052	6	28.715	28.585	1
202206160300	44728.125	17.922	0.09	6	18.017	17.776	1	28.505	0.068	6	28.625	28.465	1
202206160400	44728.16667	18.072	0.083	6	18.194	18.017	1	28.405	0.028	6	28.435	28.355	1
202206160500	44728.20833	17.856	0.059	6	17.995	17.837	1	28.495	0.036	6	28.515	28.415	1
202206160600	44728.25	17.606	0.074	6	17.777	17.59	1	28.62	0.026	6	28.635	28.565	1
202206160700	44728.29167	17.369	0.261	6	17.608	17.088	1	29.08	0.571	6	29.645	28.405	1
202206160800	44728.33333	17.217	0.052	6	17.268	17.126	1	29.505	0.108	6	29.685	29.385	1
202206160900	44728.375	16.993	0.179	6	17.264	16.793	1	30.1	0.35	6	30.565	29.785	1
202206161000	44728.41667	16.847	0.135	6	17.056	16.688	1	30.63	0.2	6	30.785	30.285	1
202206161100	44728.45833	17.411	0.11	6	17.546	17.275	1	29.905	0.137	6	30.065	29.745	1
202206161200	44728.5	17.832	0.173	6	18.033	17.587	1	29.695	0.101	6	29.885	29.595	1
202206161300	44728.54167	18.655	0.28	6	19.073	18.437	1	29.01	0.084	6	29.185	28.975	1
202206161400	44728.58333	19.148	0.236	6	19.568	18.919	1	29.045	0.084	6	29.125	28.915	1
202206161500	44728.625	19.688	0.222	6	19.874	19.248	1	28.81	0.039	6	28.855	28.755	1
202206161600	44728.66667	18.965	0.256	6	19.563	18.88	1	28.575	0.104	6	28.745	28.505	1
202206161700	44728.70833	18.796	0.061	6	18.926	18.748	1	28.445	0.049	6	28.545	28.405	1
202206161800	44728.75	18.577	0.151	6	18.76	18.422	1	28.515	0.008	6	28.525	28.505	1
202206161900	44728.79167	18.275	0.069	6	18.438	18.271	1	28.52	0.018	6	28.555	28.505	1
202206162000	44728.83333	17.993	0.214	6	18.309	17.813	1	29.12	0.485	6	29.615	28.495	1
202206162100	44728.875	17.776	0.113	6	17.862	17.558	1	29.585	0.219	6	29.945	29.435	1
202206162200	44728.91667	17.59	0.144	6	17.786	17.403	1	29.815	0.261	6	30.125	29.395	1
202206162300	44728.95833	17.524	0.149	6	17.676	17.321	1	29.745	0.349	6	30.165	29.305	1
202206170000	44729	17.818	0.084	6	17.894	17.698	1	29.085	0.17	6	29.325	28.935	1
202206170100	44729.04167	17.956	0.129	6	18.192	17.858	1	28.915	0.044	6	28.985	28.855	1
202206170200	44729.08333	18.623	0.05	6	18.641	18.506	1	28.705	0.06	6	28.815	28.655	1
202206170300	44729.125	18.504	0.06	6	18.577	18.425	1	28.655	0.008	6	28.675	28.655	1
202206170400	44729.16667	18.538	0.189	6	18.847	18.402	1	28.6	0.033	6	28.655	28.565	1
202206170500	44729.20833	18.764	0.114	6	18.977	18.716	1	28.495	0.027	6	28.545	28.475	1
202206170600	44729.25	18.647	0.069	6	18.741	18.523	1	28.48	0.089	6	28.555	28.345	1
202206170700	44729.29167	18.54	0.065	6	18.57	18.394	1	28.57	0.058	6	28.655	28.525	1
202206170800	44729.33333	18.069	0.271	6	18.359	17.766	1	28.715	0.316	6	29.125	28.445	1
202206170900	44729.375	17.576	0.379	6	18.002	17.221	1	29.675	0.676	6	30.295	28.885	1
202206171000	44729.41667	17.742	0.365	6	18.094	17.24	1	29.625	0.498	6	30.355	29.145	1
202206171100	44729.45833	17.242	0.132	6	17.441	17.06	1	30.535	0.162	6	30.735	30.295	1
202206171200	44729.5	17.853	0.275	6	18.107	17.448	1	30.04	0.268	6	30.415	29.785	1
202206171300	44729.54167	18.331	0.213	6	18.644	18.047	1	29.49	0.09	6	29.565	29.305	1
202206171400	44729.58333	19.81	0.25	6	20.057	19.41	1	29.035	0.09	6	29.175	28.945	1
202206171500	44729.625	19.777	0.213	6	20.095	19.56	1	28.915	0.077	6	28.975	28.785	1
202206171600	44729.66667	19.705	0.253	6	19.967	19.254	1	28.895	0.064	6	28.965	28.815	1
202206171700	44729.70833	19.694	0.157	6	19.737	19.331	1	28.49	0.169	6	28.865	28.405	1
202206171800	44729.75	19.581	0.039	6	19.593	19.489	1	28.405	0.033	6	28.485	28.395	1
202206171900	44729.79167	19.453	0.046	6	19.471	19.348	1	28.515	0.005	6	28.515	28.505	1
202206172000	44729.83333	19.328	0.069	6	19.363	19.192	1	28.545	0.031	6	28.595	28.515	1
202206172100	44729.875	18.96	0.487	6	19.148	18.076	1	28.575	0.435	6	29.395	28.465	1
202206172200	44729.91667	18.096	0.195	6	18.427	17.943	1	29.35	0.294	6	29.545	28.925	1
202206172300	44729.95833	18.096	0.198	6	18.196	17.72	1	29.379	0.327	6	29.924	29.084	1
202206180000	44730	17.523	0.085	6	17.587	17.393	1	30.209	0.142	6	30.424	30.084	1
202206180100	44730.04167	17.768	0.135	6	17.941	17.611	1	29.699	0.255	6	29.984	29.384	1
202206180200	44730.08333	17.952	0.036	6	18.001	17.912	1	29.299	0.1	6	29.414	29.174	1
202206180300	44730.125	18.137	0.082	6	18.234	18.01	1	29.059	0.116	6	29.244	28.904	1
202206180400	44730.16667	18.436	0.024	6	18.487	18.415	1	28.854	0.06	6	28.904	28.744	1
202206180500	44730.20833	18.715	0.154	6	18.824	18.445	1	28.559	0.13	6	28.834	28.504	1
202206180600	44730.25	18.628	0.061	6	18.723	18.549	1	28.489	0.092	6	28.654	28.444	1
202206180700	44730.29167	18.411	0.197	6	18.541	18.009	1	28.769	0.209	6	29.234	28.664	1
202206180800	44730.33333	17.952	0.175	6	18.124	17.712	1	29.384	0.295	6	29.774	29.114	1
202206180900	44730.375	17.353	0.202	6	17.743	17.297	1	30.494	0.395	6	30.584	29.744	1
202206181000	44730.41667	17.165	0.159	6	17.372	17.013	1	30.914	0.334	6	31.264	30.524	1
202206181100	44730.45833	16.978	0.038	6	17.023	16.924	1	31.329	0.071	6	31.394	31.194	1
202206181200	44730.5	17.26	0.034	6	17.294	17.192	1	31.089	0.029	6	31.154	31.074	1
202206181300	44730.54167	17.601	0.402	6	18.083	17.271	1	30.609	0.517	6	31.014	29.974	1
202206181400	44730.58333	18.178	0.151	6	18.433	18.01	1	29.949	0.149	6	30.264	29.834	1
202206181500	44730.625	18.378	0.053	6	18.48	18.361	1	29.574	0.19	6	29.934	29.394	1
202206181600	44730.66667	18.724	0.323	6	19.165	18.386	1	29.089	0.315	6	29.534	28.764	1
202206181700	44730.70833	19.012	0.078	6	19.139	18.938	1	28.959	0.118	6	29.134	28.824	1
202206181800	44730.75	19.744	0.298	6	19.888	19.2	1	28.524	0.272	6	29.104	28.444	1
202206181900	44730.79167	19.64	0.056	6	19.671	19.52	1	28.484	0.034	6	28.544	28.464	1
202206182000	44730.83333	19.396	0.04	6	19.48	19.366	1	28.604	0.024	6	28.624	28.554	1
202206182100	44730.875	18.929	0.082	6	19.078	18.82	1	28.744	0.04	6	28.834	28.724	1
202206182200	44730.91667	18.44	0.177	6	18.781	18.316	1	29.144	0.179	6	29.314	28.824	1
202206182300	44730.95833	18.285	0.049	6	18.358	18.21	1	29.359	0.09	6	29.494	29.254	1
202206190000	44731	18.096	0.033	6	18.139	18.059	1	29.624	0.143	6	29.764	29.354	1
202206190100	44731.04167	18.273	0.041	6	18.308	18.189	1	29.324	0.069	6	29.464	29.264	1
202206190200	44731.08333	18.493	0.062	6	18.509	18.354	1	29.014	0.082	6	29.184	28.944	1
202206190300	44731.125	18.385	0.058	6	18.472	18.326	1	29.064	0.052	6	29.114	28.974	1
202206190400	44731.16667	18.326	0.043	6	18.391	18.273	1	28.924	0.093	6	29.014	28.794	1
202206190500	44731.20833	18.674	0.156	6	18.924	18.523	1	28.694	0.046	6	28.764	28.634	1
202206190600	44731.25	19.31	0.204	6	19.49	19.003	1	28.624	0.058	6	28.654	28.494	1
202206190700	44731.29167	19.382	0.06	6	19.513	19.351	1	28.429	0.102	6	28.564	28.294	1
202206190800	44731.33333	19.082	0.13	6	19.271	18.971	1	28.484	0.033	6	28.514	28.434	1
202206190900	44731.375	18.705	0.297	6	18.981	18.401	1	28.744	0.347	6	29.124	28.414	1
202206191000	44731.41667	18.19	0.369	4	18.353	17.558	1	29.304	0.43	4	30.104	29.184	1
202206191100	44731.45833	17.538	0.121	6	17.725	17.387	1	30.159	0.158	6	30.354	29.924	1
202206191200	44731.5	17.297	0.05	6	17.392	17.247	1	30.659	0.144	6	30.724	30.334	1
202206191300	44731.54167	17.55	0.092	6	17.566	17.329	1	30.334	0.163	6	30.674	30.214	1
202206191400	44731.58333	17.899	0.114	6	17.946	17.659	1	29.844	0.137	6	30.114	29.784	1
202206191500	44731.625	18.444	0.413	6	18.901	17.978	1	29.579	0.298	6	29.784	29.004	1
202206191600	44731.66667	18.876	0.118	6	19.016	18.718	1	28.989	0.052	6	29.094	28.974	1
202206191700	44731.70833	19.023	0.164	6	19.279	18.901	1	29.034	0.088	6	29.134	28.904	1
202206191800	44731.75	19.151	0.13	6	19.191	18.857	1	28.799	0.14	6	29.104	28.774	1
202206191900	44731.79167	19.537	0.202	6	19.643	19.111	1	28.634	0.124	6	28.914	28.584	1
202206192000	44731.83333	19.473	0.025	6	19.495	19.422	1	28.564	0.017	6	28.584	28.544	1
202206192100	44731.875	19.106	0.142	6	19.386	19.065	1	28.414	0.064	6	28.554	28.384	1
202206192200	44731.91667	18.931	0.027	6	18.972	18.897	1	28.384	0.015	6	28.404	28.364	1
202206192300	44731.95833	18.476	0.22	6	18.951	18.392	1	28.969	0.242	6	29.084	28.454	1
202206200000	44732	18.406	0.077	6	18.438	18.23	1	29.079	0.128	6	29.344	29.004	1
202206200100	44732.04167	18.267	0.074	6	18.399	18.206	1	29.229	0.114	6	29.354	29.064	1
202206200200	44732.08333	18.452	0.028	6	18.478	18.395	1	28.914	0.044	6	29.004	28.874	1
202206200300	44732.125	18.422	0.025	6	18.465	18.387	1	28.879	0.019	6	28.894	28.844	1
202206200400	44732.16667	18.298	0.066	6	18.4	18.196	1	28.799	0.08	6	28.934	28.724	1
202206200500	44732.20833	18.495	0.108	6	18.556	18.308	1	28.714	0.026	6	28.724	28.664	1
202206200600	44732.25	18.606	0.143	6	18.812	18.461	1	28.689	0.094	6	28.844	28.584	1
202206200700	44732.29167	19.167	0.137	6	19.196	18.835	1	28.469	0.054	6	28.594	28.454	1
202206200800	44732.33333	19.111	0.04	6	19.182	19.082	1	28.449	0.016	6	28.484	28.444	1
202206200900	44732.375	18.832	0.081	6	18.983	18.773	1	28.469	0.041	6	28.554	28.444	1
202206201000	44732.41667	18.057	0.375	6	18.795	17.974	1	29.394	0.478	6	29.534	28.454	1
202206201100	44732.45833	17.698	0.023	6	17.721	17.666	1	29.994	0.032	6	30.014	29.934	1
202206201200	44732.5	17.308	0.151	6	17.505	17.13	1	30.618	0.303	6	31.033	30.293	1
202206201300	44732.54167	17.204	0.048	6	17.244	17.115	1	30.963	0.057	6	31.063	30.903	1
202206201400	44732.58333	17.461	0.103	6	17.595	17.314	1	30.568	0.161	6	30.823	30.393	1
202206201500	44732.625	17.858	0.14	6	17.99	17.615	1	30.108	0.125	6	30.363	30.013	1
202206201600	44732.66667	18.641	0.367	6	18.811	17.953	1	29.433	0.47	6	30.213	29.073	1
202206201700	44732.70833	18.771	0.076	6	18.832	18.631	1	29.253	0.062	6	29.283	29.123	1
202206201800	44732.75	19.06	0.089	6	19.176	18.959	1	29.063	0.12	6	29.213	28.933	1
202206201900	44732.79167	19.09	0.069	6	19.148	18.992	1	28.883	0.096	6	29.013	28.783	1
202206202000	44732.83333	19.29	0.108	6	19.314	19.033	1	28.748	0.103	6	28.983	28.703	1
202206202100	44732.875	19.277	0.06	6	19.299	19.149	1	28.703	0.146	6	28.713	28.373	1
202206202200	44732.91667	18.988	0.058	6	19.099	18.962	1	28.203	0.048	6	28.313	28.193	1
202206202300	44732.95833	18.955	0.029	6	18.993	18.904	1	28.248	0.061	6	28.383	28.213	1
202206210000	44733	18.753	0.151	6	18.921	18.544	1	28.598	0.261	6	28.883	28.243	1
202206210100	44733.04167	18.67	0.092	6	18.747	18.52	1	28.673	0.132	6	28.903	28.543	1
202206210200	44733.08333	18.513	0.067	6	18.629	18.445	1	28.848	0.11	6	28.963	28.683	1
202206210300	44733.125	18.679	0.026	6	18.725	18.666	1	28.583	0.028	6	28.623	28.563	1
202206210400	44733.16667	18.584	0.116	6	18.682	18.423	1	28.553	0.012	6	28.563	28.533	1
202206210500	44733.20833	18.526	0.049	6	18.579	18.436	1	28.573	0.044	6	28.603	28.483	1
202206210600	44733.25	18.725	0.103	6	18.859	18.603	1	28.508	0.034	6	28.573	28.483	1
202206210700	44733.29167	18.94	0.098	6	19.107	18.843	1	28.483	0.057	6	28.563	28.393	1
202206210800	44733.33333	19.123	0.018	6	19.155	19.108	1	28.433	0.115	6	28.483	28.183	1
202206210900	44733.375	19.111	0.017	6	19.138	19.091	1	28.008	0.063	6	28.133	27.963	1
202206211000	44733.41667	19.184	0.032	6	19.215	19.134	1	28.183	0.034	6	28.213	28.113	1
202206211100	44733.45833	19.29	0.546	5	20.098	18.647	4.167	28.403	0.298	5	28.883	28.143	4.167
202206211200	44733.5	18.337	0.902	6	20.398	18.01	1	29.483	0.623	6	30.013	28.403	1
202206211300	44733.54167	17.604	0.273	6	18.058	17.405	1	30.648	0.434	6	30.983	29.983	1
202206211400	44733.58333	17.382	0.075	6	17.442	17.261	1	31.053	0.157	6	31.283	30.903	1
202206211500	44733.625	17.72	0.181	6	18.036	17.491	1	30.577	0.25	6	30.962	30.232	1
202206211600	44733.66667	18.809	0.274	6	18.943	18.231	1	29.187	0.339	6	29.902	29.012	1
202206211700	44733.70833	19.149	0.361	6	19.621	18.795	1	29.112	0.138	6	29.302	28.962	1
202206211800	44733.75	19.197	0.238	6	19.668	19.133	1	29.022	0.153	6	29.282	28.852	1
202206211900	44733.79167	19.63	0.127	6	19.667	19.4	1	28.827	0.083	6	28.922	28.702	1
202206212000	44733.83333	19.361	0.08	6	19.453	19.259	1	28.667	0.143	6	28.862	28.502	1
202206212100	44733.875	19.479	0.031	6	19.502	19.416	1	28.466	0.025	6	28.501	28.441	1
202206212200	44733.91667	19.332	0.03	6	19.388	19.309	1	28.446	0.024	6	28.481	28.411	1
202206212300	44733.95833	19.229	0.014	6	19.252	19.213	1	28.416	0.008	6	28.421	28.401	1
202206220000	44734	19.061	0.179	6	19.203	18.773	1	28.491	0.215	6	28.881	28.411	1
202206220100	44734.04167	18.629	0.106	6	18.712	18.416	1	29.051	0.208	6	29.501	28.931	1
202206220200	44734.08333	18.455	0.056	6	18.546	18.39	1	29.356	0.089	6	29.491	29.231	1
202206220300	44734.125	18.396	0.076	6	18.559	18.363	1	29.385	0.15	6	29.5	29.11	1
202206220400	44734.16667	18.634	0.033	6	18.666	18.576	1	28.97	0.038	6	29.04	28.93	1
202206220500	44734.20833	18.791	0.037	6	18.838	18.74	1	28.68	0.049	6	28.75	28.62	1
202206220600	44734.25	18.721	0.029	6	18.76	18.681	1	28.765	0.027	6	28.79	28.73	1
202206220700	44734.29167	18.856	0.164	6	19.178	18.825	1	28.725	0.109	6	28.75	28.52	1
202206220800	44734.33333	19.236	0.045	6	19.312	19.183	1	28.53	0.039	6	28.59	28.5	1
202206220900	44734.375	19.363	0.035	6	19.38	19.288	1	28.454	0.048	6	28.549	28.409	1
202206221000	44734.41667	19.49	0.038	6	19.537	19.436	1	28.284	0.056	6	28.319	28.159	1
202206221100	44734.45833	19.028	0.207	6	19.401	18.932	1	28.704	0.173	6	28.779	28.399	1
202206221200	44734.5	18.828	0.148	6	18.904	18.508	1	29.254	0.298	6	29.669	28.859	1
202206221300	44734.54167	18.056	0.463	6	18.948	17.783	1	30.354	0.641	6	30.839	29.229	1
202206221400	44734.58333	17.718	0.23	6	18.099	17.579	1	30.974	0.351	6	31.199	30.419	1
202206221500	44734.625	17.466	0.139	6	17.697	17.339	1	31.443	0.163	6	31.598	31.198	1
202206221600	44734.66667	18.687	0.279	6	18.739	18.015	1	29.938	0.361	6	30.798	29.848	1
202206221700	44734.70833	19.128	0.179	6	19.156	18.704	1	29.268	0.232	6	29.818	29.228	1
202206221800	44734.75	19.284	0.207	6	19.579	19.096	1	29.368	0.027	6	29.378	29.308	1
202206221900	44734.79167	19.346	0.075	6	19.434	19.232	1	29.298	0.08	6	29.348	29.128	1
202206222000	44734.83333	19.359	0.062	6	19.466	19.292	1	29.112	0.065	6	29.147	28.977	1
202206222100	44734.875	19.646	0.052	6	19.686	19.542	1	28.892	0.136	6	29.057	28.677	1
202206222200	44734.91667	19.82	0.05	6	19.863	19.742	1	28.592	0.018	6	28.617	28.567	1
202206222300	44734.95833	19.723	0.036	6	19.746	19.651	1	27.957	0.243	6	28.417	27.787	1
202206230000	44735	19.657	0.111	6	19.722	19.425	1	28.022	0.233	6	28.457	27.807	1
202206230100	44735.04167	19.34	0.081	6	19.445	19.26	1	28.407	0.046	6	28.427	28.307	1
202206230200	44735.08333	18.673	0.297	6	19.249	18.592	1	29.526	0.539	6	29.686	28.456	1
202206230300	44735.125	18.567	0.067	6	18.699	18.513	1	29.686	0.107	6	29.736	29.466	1
202206230400	44735.16667	18.733	0.059	6	18.84	18.689	1	29.266	0.098	6	29.346	29.086	1
202206230500	44735.20833	18.904	0.017	6	18.915	18.873	1	28.976	0.033	6	29.036	28.936	1
202206230600	44735.25	19.018	0.027	6	19.046	18.977	1	28.846	0.027	6	28.886	28.806	1
202206230700	44735.29167	19.195	0.046	6	19.226	19.098	1	28.676	0.043	6	28.766	28.646	1
202206230800	44735.33333	19.395	0.13	6	19.544	19.241	1	28.64	0.151	6	28.785	28.415	1
202206230900	44735.375	19.6	0.061	6	19.713	19.541	1	28.395	0.066	6	28.515	28.345	1
202206231000	44735.41667	19.741	0.047	6	19.764	19.655	1	28.34	0.094	6	28.405	28.165	1
202206231100	44735.45833	19.828	0.062	6	19.905	19.756	1	28.055	0.114	6	28.205	27.885	1
202206231200	44735.5	19.12	0.233	6	19.607	18.971	1	28.995	0.324	6	29.125	28.275	1
202206231300	44735.54167	19.138	0.108	6	19.207	18.915	1	29.05	0.144	6	29.345	28.965	1
202206231400	44735.58333	18.1	0.369	6	18.71	17.923	1	30.864	0.69	6	31.174	29.664	1
202206231500	44735.625	18.128	0.379	6	18.63	17.708	1	30.869	0.593	6	31.624	30.214	1
202206231600	44735.66667	17.581	0.076	6	17.706	17.517	1	31.804	0.118	6	31.924	31.634	1
202206231700	44735.70833	18.671	0.47	6	18.98	17.761	1	30.574	0.557	6	31.614	30.174	1
202206231800	44735.75	19.219	0.133	6	19.317	18.958	1	29.699	0.199	6	29.974	29.444	1
202206231900	44735.79167	19.601	0.031	6	19.609	19.528	1	29.049	0.037	6	29.134	29.034	1
202206232000	44735.83333	20.19	0.391	6	20.513	19.587	1	28.973	0.073	6	29.013	28.833	1
202206232100	44735.875	20.531	0.238	6	20.86	20.254	1	28.838	0.082	6	28.913	28.703	1
202206232200	44735.91667	19.961	0.321	6	20.702	19.91	1	28.693	0.076	6	28.773	28.593	1
202206232300	44735.95833	20.023	0.083	6	20.107	19.875	1	28.508	0.044	6	28.553	28.463	1
202206240000	44736	19.826	0.026	6	19.847	19.788	1	28.533	0.027	6	28.583	28.513	1
202206240100	44736.04167	19.476	0.209	6	19.793	19.305	1	28.967	0.285	6	29.152	28.482	1
202206240200	44736.08333	19.503	0.022	6	19.53	19.468	1	28.872	0.038	6	28.932	28.812	1
202206240300	44736.125	18.49	0.405	6	19.42	18.314	1	30.517	0.662	6	30.822	29.012	1
202206240400	44736.16667	18.53	0.077	6	18.59	18.366	1	30.392	0.168	6	30.752	30.272	1
202206240500	44736.20833	18.446	0.122	6	18.669	18.357	1	30.517	0.22	6	30.692	30.122	1
202206240600	44736.25	18.76	0.029	6	18.81	18.72	1	29.977	0.047	6	30.032	29.902	1
202206240700	44736.29167	19.265	0.218	6	19.452	18.869	1	29.116	0.348	6	29.791	28.871	1
202206240800	44736.33333	19.525	0.024	6	19.547	19.484	1	28.841	0.02	6	28.881	28.821	1
202206240900	44736.375	19.713	0.075	6	19.842	19.617	1	28.871	0.098	6	28.921	28.691	1
202206241000	44736.41667	19.722	0.06	6	19.814	19.634	1	28.836	0.064	6	28.931	28.751	1
202206241100	44736.45833	19.821	0.026	6	19.869	19.792	1	28.661	0.059	6	28.711	28.551	1
202206241200	44736.5	19.825	0.021	6	19.867	19.808	1	28.461	0.098	6	28.491	28.231	1
202206241300	44736.54167	19.323	0.279	6	19.833	19.212	1	29.285	0.412	6	29.43	28.53	1
202206241400	44736.58333	19.289	0.093	6	19.448	19.224	1	29.45	0.055	6	29.5	29.36	1
202206241500	44736.625	18.53	0.1	6	18.578	18.352	1	30.55	0.168	6	30.9	30.53	1
202206241600	44736.66667	18.808	0.452	6	19.067	18.028	1	30.36	0.653	6	31.51	29.98	1
202206241700	44736.70833	18.021	0.086	6	18.136	17.92	1	31.525	0.147	6	31.72	31.33	1
202206241800	44736.75	18.15	0.098	6	18.337	18.102	1	31.38	0.168	6	31.47	31.05	1
202206241900	44736.79167	18.564	0.242	6	18.949	18.351	1	30.564	0.394	6	31.029	29.979	1
202206242000	44736.83333	19.248	0.09	6	19.263	19.032	1	29.529	0.119	6	29.809	29.499	1
202206242100	44736.875	19.721	0.162	6	19.878	19.415	1	29.204	0.114	6	29.409	29.109	1
202206242200	44736.91667	19.719	0.061	6	19.845	19.682	1	29.064	0.091	6	29.099	28.869	1
202206242300	44736.95833	19.714	0.026	6	19.741	19.674	1	28.804	0.042	6	28.829	28.729	1
202206250000	44737	19.866	0.076	6	19.966	19.761	1	28.609	0.069	6	28.679	28.509	1
202206250100	44737.04167	19.714	0.025	6	19.74	19.673	1	28.583	0.043	6	28.638	28.528	1
202206250200	44737.08333	19.404	0.162	6	19.659	19.313	1	29.178	0.381	6	29.348	28.528	1
202206250300	44737.125	19.194	0.118	6	19.425	19.128	1	29.368	0.145	6	29.488	29.118	1
202206250400	44737.16667	19.066	0.222	6	19.123	18.616	1	29.528	0.527	6	30.598	29.468	1
202206250500	44737.20833	18.797	0.227	6	19.088	18.578	1	30.178	0.512	6	30.658	29.478	1
202206250600	44737.25	18.892	0.111	6	18.937	18.636	1	29.982	0.23	6	30.497	29.877	1
202206250700	44737.29167	18.865	0.042	6	18.906	18.803	1	30.092	0.057	6	30.197	30.077	1
202206250800	44737.33333	18.982	0.047	6	19.04	18.928	1	30.017	0.06	6	30.067	29.927	1
202206250900	44737.375	19.118	0.054	6	19.2	19.066	1	29.877	0.148	6	29.907	29.547	1
202206251000	44737.41667	19.59	0.113	6	19.639	19.353	1	29.117	0.063	6	29.247	29.087	1
202206251100	44737.45833	19.67	0.122	6	19.904	19.566	1	29.152	0.128	6	29.217	28.887	1
202206251200	44737.5	19.828	0.022	6	19.85	19.795	1	28.851	0.06	6	28.926	28.796	1
202206251300	44737.54167	19.81	0.052	6	19.908	19.788	1	28.831	0.038	6	28.866	28.766	1
202206251400	44737.58333	19.226	0.407	6	19.913	19.053	1	29.596	0.533	6	29.926	28.766	1
202206251500	44737.625	19.032	0.1	6	19.068	18.799	1	30.026	0.177	6	30.446	29.976	1
202206251600	44737.66667	18.666	0.142	6	18.83	18.402	1	30.631	0.219	6	31.046	30.386	1
202206251700	44737.70833	18.335	0.068	6	18.445	18.28	1	31.221	0.124	6	31.366	31.046	1
202206251800	44737.75	18.254	0.128	6	18.406	18.079	1	31.4	0.248	6	31.685	31.055	1
202206251900	44737.79167	18.549	0.059	6	18.632	18.471	1	30.95	0.093	6	31.035	30.815	1
202206252000	44737.83333	18.94	0.222	6	19.264	18.739	1	30.175	0.365	6	30.535	29.665	1
202206252100	44737.875	19.283	0.024	6	19.302	19.239	1	29.605	0.025	6	29.615	29.545	1
202206252200	44737.91667	19.248	0.073	6	19.368	19.178	1	29.55	0.078	6	29.575	29.395	1
202206252300	44737.95833	19.446	0.094	6	19.485	19.232	1	29.205	0.123	6	29.485	29.165	1
202206260000	44738	19.739	0.218	6	20.143	19.53	1	28.964	0.188	6	29.154	28.634	1
202206260100	44738.04167	20.11	0.109	6	20.304	20.057	1	28.659	0.093	6	28.694	28.484	1
202206260200	44738.08333	19.89	0.105	6	20.042	19.805	1	28.594	0.071	6	28.694	28.544	1
202206260300	44738.125	19.248	0.094	6	19.448	19.183	1	29.619	0.178	6	29.764	29.264	1
202206260400	44738.16667	19.116	0.273	6	19.472	18.867	1	29.884	0.525	6	30.344	29.214	1
202206260500	44738.20833	18.888	0.077	6	18.979	18.751	1	30.219	0.193	6	30.564	30.034	1
202206260600	44738.25	18.737	0.084	6	18.873	18.631	1	30.533	0.172	6	30.713	30.263	1
202206260700	44738.29167	18.721	0.083	6	18.781	18.579	1	30.578	0.173	6	30.863	30.423	1
202206260800	44738.33333	18.728	0.114	6	18.834	18.562	1	30.713	0.168	6	30.923	30.533	1
202206260900	44738.375	18.976	0.242	6	19.48	18.885	1	30.393	0.404	6	30.473	29.483	1
202206261000	44738.41667	19.632	0.147	6	19.744	19.399	1	29.548	0.175	6	29.823	29.363	1
202206261100	44738.45833	19.966	0.039	6	19.978	19.874	1	29.292	0.094	6	29.362	29.122	1
202206261200	44738.5	19.926	0.047	6	20.009	19.879	1	29.217	0.08	6	29.352	29.152	1
202206261300	44738.54167	20.117	0.062	6	20.191	20.006	1	28.817	0.126	6	29.082	28.742	1
202206261400	44738.58333	20.153	0.067	6	20.225	20.057	1	28.807	0.085	6	28.862	28.652	1
202206261500	44738.625	19.5	0.412	6	20.263	19.353	1	29.522	0.461	6	29.722	28.682	1
202206261600	44738.66667	19.23	0.054	6	19.302	19.137	1	29.932	0.081	6	30.072	29.822	1
202206261700	44738.70833	18.985	0.201	6	19.155	18.709	1	30.336	0.372	6	30.931	30.061	1
202206261800	44738.75	18.706	0.088	6	18.856	18.634	1	30.946	0.161	6	31.101	30.691	1
202206261900	44738.79167	18.437	0.143	6	18.757	18.346	1	31.406	0.257	6	31.551	30.821	1
202206262000	44738.83333	18.773	0.177	6	18.899	18.49	1	30.741	0.362	6	31.341	30.501	1
202206262100	44738.875	19.337	0.265	6	19.583	18.929	1	29.746	0.386	6	30.381	29.401	1
202206262200	44738.91667	19.606	0.011	6	19.617	19.59	1	29.346	0.029	6	29.371	29.301	1
202206262300	44738.95833	19.919	0.169	6	20.002	19.572	1	29.16	0.08	6	29.28	29.1	1
202206270000	44739	19.935	0.059	6	19.999	19.856	1	29.115	0.072	6	29.13	28.94	1
202206270100	44739.04167	20.2	0.116	6	20.368	20.062	1	28.71	0.108	6	28.85	28.57	1
202206270200	44739.08333	20.189	0.046	6	20.299	20.179	1	28.71	0.033	6	28.72	28.64	1
202206270300	44739.125	19.977	0.087	6	20.077	19.889	1	28.77	0.025	6	28.82	28.76	1
202206270400	44739.16667	19.455	0.078	6	19.628	19.421	1	29.52	0.139	6	29.55	29.2	1
202206270500	44739.20833	19.35	0.079	6	19.471	19.306	1	29.724	0.142	6	29.809	29.509	1
202206270600	44739.25	19.001	0.101	6	19.151	18.849	1	30.399	0.184	6	30.639	30.089	1
202206270700	44739.29167	18.837	0.061	6	18.939	18.764	1	30.679	0.144	6	30.829	30.429	1
202206270800	44739.33333	18.686	0.095	6	18.838	18.564	1	30.964	0.183	6	31.179	30.669	1
202206270900	44739.375	19.128	0.041	6	19.197	19.078	1	30.149	0.068	6	30.289	30.099	1
202206271000	44739.41667	19.508	0.128	6	19.626	19.286	1	29.614	0.19	6	29.939	29.459	1
202206271100	44739.45833	19.727	0.058	6	19.778	19.606	1	29.313	0.091	6	29.508	29.248	1
202206271200	44739.5	19.758	0.034	6	19.804	19.714	1	29.303	0.045	6	29.368	29.248	1
202206271300	44739.54167	19.986	0.065	6	20.072	19.89	1	29.068	0.076	6	29.188	28.988	1
202206271400	44739.58333	20.195	0.091	6	20.377	20.138	1	28.743	0.104	6	28.908	28.618	1
202206271500	44739.625	20.115	0.049	6	20.134	20.015	1	28.753	0.044	6	28.838	28.728	1
202206271600	44739.66667	19.748	0.224	6	19.951	19.425	1	29.122	0.309	6	29.597	28.897	1
202206271700	44739.70833	19.428	0.176	6	19.514	19.124	1	29.592	0.312	6	30.127	29.427	1
202206271800	44739.75	19.099	0.094	6	19.25	18.969	1	30.257	0.202	6	30.537	29.917	1
202206271900	44739.79167	18.89	0.116	6	18.952	18.657	1	30.487	0.327	6	31.017	30.267	1
202206272000	44739.83333	18.724	0.147	6	18.879	18.491	1	30.712	0.275	6	31.167	30.397	1
202206272100	44739.875	18.561	0.021	6	18.583	18.525	1	30.882	0.094	6	30.977	30.737	1
202206272200	44739.91667	18.587	0.086	6	18.783	18.551	1	30.496	0.203	6	30.596	30.096	1
202206272300	44739.95833	18.74	0.136	6	18.987	18.639	1	29.756	0.246	6	29.956	29.286	1
202206280000	44740	19.024	0.051	6	19.097	18.978	1	29.361	0.04	6	29.376	29.266	1
202206280100	44740.04167	19.208	0.062	6	19.29	19.113	1	29.311	0.063	6	29.356	29.196	1
202206280200	44740.08333	19.573	0.12	6	19.718	19.408	1	28.886	0.143	6	29.056	28.716	1
202206280300	44740.125	19.428	0.045	6	19.468	19.345	1	28.966	0.051	6	29.046	28.916	1
202206280400	44740.16667	19.192	0.103	6	19.277	19.014	1	29.375	0.333	6	29.935	29.105	1
202206280500	44740.20833	18.977	0.058	6	18.994	18.842	1	30.035	0.126	6	30.325	29.985	1
202206280600	44740.25	18.795	0.197	6	18.869	18.348	1	30.435	0.346	6	31.215	30.295	1
202206280700	44740.29167	18.471	0.08	6	18.643	18.415	1	31	0.136	6	31.075	30.705	1
202206280800	44740.33333	18.244	0.032	6	18.263	18.175	1	31.445	0.074	6	31.565	31.385	1
202206280900	44740.375	18.393	0.063	6	18.43	18.268	1	31.37	0.046	6	31.475	31.355	1
202206281000	44740.41667	18.748	0.143	6	18.869	18.488	1	31.154	0.089	6	31.334	31.104	1
202206281100	44740.45833	19.301	0.36	6	19.8	18.832	1	30.384	0.656	6	31.114	29.474	1
202206281200	44740.5	19.992	0.163	6	20.053	19.655	1	29.554	0.09	6	29.704	29.474	1
202206281300	44740.54167	20.215	0.13	6	20.428	20.078	1	29.359	0.117	6	29.534	29.194	1
202206281400	44740.58333	20.156	0.054	6	20.224	20.104	1	29.064	0.093	6	29.134	28.884	1
202206281500	44740.625	20.187	0.061	6	20.278	20.139	1	28.839	0.063	6	28.914	28.734	1
202206281600	44740.66667	20.162	0.071	6	20.207	20.014	1	28.938	0.066	6	29.073	28.883	1
202206281700	44740.70833	19.516	0.303	6	20.038	19.302	1	29.608	0.302	6	29.873	29.073	1
202206281800	44740.75	19.169	0.246	6	19.543	18.918	1	30.053	0.307	6	30.403	29.643	1
202206281900	44740.79167	18.885	0.092	6	19.071	18.828	1	30.533	0.189	6	30.823	30.423	1
202206282000	44740.83333	18.781	0.071	6	18.873	18.665	1	30.878	0.147	6	31.053	30.643	1
202206282100	44740.875	18.727	0.23	6	19.084	18.532	1	30.867	0.454	6	31.282	30.162	1
202206282200	44740.91667	19.146	0.084	6	19.321	19.09	1	29.982	0.178	6	30.132	29.652	1
202206282300	44740.95833	19.551	0.027	6	19.576	19.502	1	29.287	0.062	6	29.382	29.212	1
202206290000	44741	19.481	0.043	6	19.542	19.433	1	29.182	0.021	6	29.192	29.132	1
202206290100	44741.04167	19.417	0.059	6	19.501	19.346	1	29.072	0.044	6	29.162	29.042	1
202206290200	44741.08333	19.715	0.183	6	19.975	19.479	1	28.822	0.14	6	29.022	28.632	1
202206290300	44741.125	20.003	0.067	6	20.142	19.979	1	28.666	0.068	6	28.721	28.541	1
202206290400	44741.16667	19.858	0.086	6	19.975	19.782	1	28.781	0.088	6	28.861	28.681	1
202206290500	44741.20833	19.58	0.116	6	19.764	19.417	1	29.021	0.16	6	29.361	28.931	1
202206290600	44741.25	19.443	0.097	6	19.473	19.217	1	29.291	0.197	6	29.751	29.211	1
202206290700	44741.29167	18.775	0.17	6	19.058	18.681	1	30.626	0.4	6	30.901	30.011	1
202206290800	44741.33333	18.749	0.127	6	18.888	18.557	1	30.796	0.26	6	31.221	30.541	1
202206290900	44741.375	18.911	0.253	5	19.196	18.64	4.167	30.6	0.32	5	31.21	30.47	4.167
202206291000	44741.41667	19.238	0.222	6	19.289	18.729	1	30.385	0.307	6	31.08	30.35	1
202206291100	44741.45833	19.453	0.23	6	19.768	19.244	1	30.296	0.348	6	30.451	29.681	1
202206291200	44741.5	19.924	0.104	6	20.131	19.85	1	29.691	0.152	6	29.801	29.411	1
202206291300	44741.54167	20.212	0.057	5	20.333	20.197	1	29.421	0.141	5	29.611	29.221	1
202206291400	44741.58333	20.656	0.065	6	20.692	20.52	1	29.116	0.098	6	29.221	28.961	1
202206291500	44741.625	20.592	0.048	6	20.632	20.511	1	28.701	0.15	6	28.941	28.561	1
202206291600	44741.66667	20.426	0.025	6	20.478	20.413	1	28.711	0.069	6	28.861	28.691	1
202206291700	44741.70833	20.042	0.352	6	20.39	19.608	1	29.166	0.368	6	29.621	28.841	1
202206291800	44741.75	19.383	0.119	6	19.571	19.254	1	29.966	0.164	6	30.151	29.721	1
202206291900	44741.79167	19.263	0.06	6	19.277	19.123	1	30.161	0.17	6	30.571	30.131	1
202206292000	44741.83333	19.09	0.095	6	19.127	18.9	1	30.746	0.188	6	31.061	30.581	1
202206292100	44741.875	18.789	0.132	6	18.991	18.654	1	31.141	0.239	6	31.401	30.771	1
202206292200	44741.91667	19.017	0.144	6	19.092	18.741	1	30.671	0.267	6	31.211	30.541	1
202206292300	44741.95833	19.428	0.237	6	19.601	19.07	1	29.886	0.427	6	30.601	29.591	1
202206300000	44742	19.765	0.302	6	20.168	19.473	1	29.577	0.199	6	29.762	29.222	1
202206300100	44742.04167	20.009	0.095	6	20.099	19.874	1	29.262	0.031	6	29.312	29.232	1
202206300200	44742.08333	20.072	0.157	6	20.283	19.9	1	28.947	0.247	6	29.302	28.702	1
202206300300	44742.125	20.349	0.02	6	20.379	20.324	1	28.612	0.024	6	28.652	28.582	1
202206300400	44742.16667	20.183	0.04	6	20.267	20.146	1	28.772	0.032	6	28.822	28.722	1
202206300500	44742.20833	20.043	0.108	6	20.079	19.787	1	28.977	0.091	6	29.152	28.882	1
202206300600	44742.25	19.726	0.052	6	19.797	19.634	1	29.287	0.083	6	29.412	29.152	1
202206300700	44742.29167	19.373	0.108	6	19.412	19.145	1	29.992	0.209	6	30.442	29.952	1
202206300800	44742.33333	18.996	0.09	6	19.149	18.903	1	30.837	0.22	6	31.052	30.452	1
202206300900	44742.375	18.726	0.085	6	18.845	18.62	1	31.392	0.139	6	31.552	31.182	1
202206301000	44742.41667	18.805	0.073	6	18.872	18.707	1	31.407	0.039	6	31.472	31.362	1
202206301100	44742.45833	18.974	0.106	6	19.192	18.923	1	31.307	0.015	6	31.332	31.292	1
202206301200	44742.5	19.712	0.414	6	20.469	19.375	1	30.812	0.334	6	31.172	30.152	1
202206301300	44742.54167	20.674	0.208	6	20.753	20.286	1	29.912	0.069	6	30.032	29.832	1
202206301400	44742.58333	20.799	0.165	6	20.99	20.618	1	29.773	0.13	6	30.023	29.653	1
202206301500	44742.625	20.645	0.133	6	20.753	20.424	1	29.443	0.099	6	29.613	29.343	1
202206301600	44742.66667	20.699	0.082	6	20.833	20.597	1	28.883	0.094	6	29.003	28.723	1
202206301700	44742.70833	20.552	0.05	6	20.589	20.459	1	28.953	0.08	6	29.113	28.893	1
202206301800	44742.75	20.11	0.117	6	20.333	20.074	1	29.288	0.085	6	29.303	29.123	1
202206301900	44742.79167	19.97	0.047	6	20.051	19.925	1	29.323	0.048	6	29.413	29.273	1
202206302000	44742.83333	19.569	0.131	6	19.885	19.538	1	30.403	0.394	6	30.513	29.463	1
202206302100	44742.875	19.213	0.064	6	19.355	19.181	1	30.818	0.128	6	30.863	30.523	1
202206302200	44742.91667	19.079	0.051	6	19.19	19.046	1	30.943	0.121	6	30.993	30.703	1
202206302300	44742.95833	19.312	0.043	6	19.353	19.235	1	30.473	0.092	6	30.593	30.343	1
202207010000	44743	19.331	0.061	6	19.438	19.307	1	30.028	0.202	6	30.323	29.833	1
202207010100	44743.04167	19.575	0.092	6	19.666	19.42	1	29.338	0.162	6	29.683	29.273	1
202207010200	44743.08333	19.625	0.06	6	19.74	19.575	1	29.238	0.04	6	29.313	29.203	1
202207010300	44743.125	20.009	0.103	6	20.056	19.775	1	28.959	0.097	6	29.144	28.884	1
202207010400	44743.16667	20.252	0.099	6	20.406	20.186	1	28.729	0.09	6	28.804	28.594	1
202207010500	44743.20833	20.07	0.104	6	20.175	19.936	1	28.884	0.095	6	28.984	28.784	1
202207010600	44743.25	19.774	0.056	6	19.895	19.73	1	29.154	0.071	6	29.194	28.994	1
202207010700	44743.29167	19.626	0.151	6	19.749	19.437	1	29.384	0.309	6	29.774	29.144	1
202207010800	44743.33333	19.205	0.182	6	19.373	18.932	1	30.209	0.304	6	30.644	29.904	1
202207010900	44743.375	18.834	0.149	6	18.943	18.585	1	30.904	0.395	6	31.564	30.644	1
202207011000	44743.41667	18.882	0.184	6	19.045	18.567	1	31.164	0.261	6	31.604	30.934	1
202207011100	44743.45833	18.847	0.05	6	18.932	18.808	1	31.319	0.042	6	31.384	31.284	1
202207011200	44743.5	19.296	0.241	6	19.715	19.024	1	30.629	0.367	6	31.144	30.154	1
202207011300	44743.54167	20.003	0.235	6	20.134	19.514	1	29.744	0.281	6	30.304	29.574	1
202207011400	44743.58333	20.085	0.051	6	20.138	20.008	1	29.699	0.037	6	29.764	29.654	1
202207011500	44743.625	20.201	0.089	6	20.345	20.07	1	29.499	0.083	6	29.644	29.454	1
202207011600	44743.66667	20.212	0.116	6	20.309	20.027	1	29.169	0.245	6	29.564	28.974	1
202207011700	44743.70833	20.202	0.052	6	20.295	20.144	1	29.07	0.055	6	29.165	28.995	1
202207011800	44743.75	20.02	0.046	6	20.115	19.981	1	29.29	0.029	6	29.305	29.225	1
202207011900	44743.79167	19.92	0.044	6	19.98	19.858	1	29.39	0.049	6	29.445	29.305	1
202207012000	44743.83333	19.673	0.127	6	19.826	19.529	1	29.725	0.173	6	29.905	29.505	1
202207012100	44743.875	19.355	0.093	6	19.564	19.305	1	30.16	0.238	6	30.465	29.785	1
202207012200	44743.91667	19.228	0.055	6	19.303	19.161	1	30.195	0.075	6	30.315	30.125	1
202207012300	44743.95833	18.87	0.055	6	18.992	18.843	1	30.91	0.125	6	31.065	30.705	1
202207020000	44744	18.88	0.037	6	18.924	18.813	1	30.85	0.195	6	30.925	30.465	1
202207020100	44744.04167	18.994	0.084	6	19.02	18.797	1	29.63	0.382	6	30.465	29.435	1
202207020200	44744.08333	19.003	0.089	6	19.213	18.973	1	29.49	0.089	6	29.565	29.355	1
202207020300	44744.125	19.276	0.079	6	19.295	19.087	1	29.49	0.024	6	29.525	29.455	1
202207020400	44744.16667	19.566	0.148	6	19.787	19.456	1	29.17	0.139	6	29.255	28.955	1
202207020500	44744.20833	19.742	0.064	6	19.859	19.671	1	29.04	0.064	6	29.055	28.885	1
202207020600	44744.25	19.543	0.035	6	19.592	19.5	1	29.211	0.059	6	29.316	29.156	1
202207020700	44744.29167	19.418	0.042	6	19.491	19.379	1	29.431	0.12	6	29.606	29.306	1
202207020800	44744.33333	19.378	0.053	6	19.401	19.279	1	29.616	0.13	6	29.876	29.566	1
202207020900	44744.375	18.957	0.056	6	18.996	18.848	1	30.526	0.117	6	30.706	30.376	1
202207021000	44744.41667	18.969	0.112	6	19.083	18.798	1	30.751	0.184	6	31.116	30.596	1
202207021100	44744.45833	18.833	0.125	6	19.08	18.732	1	31.231	0.188	6	31.346	30.836	1
202207021200	44744.5	18.833	0.081	6	19.012	18.796	1	31.301	0.081	6	31.336	31.116	1
202207021300	44744.54167	19.225	0.199	6	19.649	19.115	1	31.016	0.279	6	31.056	30.336	1
202207021400	44744.58333	19.941	0.122	6	20.073	19.726	1	29.981	0.136	6	30.276	29.916	1
202207021500	44744.625	20.247	0.058	6	20.345	20.185	1	29.846	0.037	6	29.876	29.776	1
202207021600	44744.66667	20.243	0.046	6	20.321	20.188	1	29.451	0.199	6	29.746	29.296	1
202207021700	44744.70833	20.3	0.083	6	20.407	20.197	1	28.981	0.217	6	29.426	28.846	1
202207021800	44744.75	20.216	0.027	6	20.227	20.162	1	29.001	0.037	6	29.076	28.986	1
202207021900	44744.79167	20.011	0.118	6	20.135	19.866	1	29.251	0.194	6	29.506	29.076	1
202207022000	44744.83333	19.672	0.071	6	19.843	19.659	1	29.787	0.102	6	29.807	29.537	1
202207022100	44744.875	19.464	0.151	6	19.702	19.334	1	30.342	0.351	6	30.527	29.737	1
202207022200	44744.91667	19.295	0.083	6	19.399	19.185	1	30.617	0.285	6	30.867	30.077	1
202207022300	44744.95833	19.123	0.094	6	19.234	19.02	1	30.842	0.176	6	31.037	30.617	1
202207030000	44745	19.259	0.074	6	19.288	19.101	1	30.272	0.187	6	30.677	30.217	1
202207030100	44745.04167	19.333	0.041	6	19.398	19.286	1	30.147	0.138	6	30.247	29.877	1
202207030200	44745.08333	19.362	0.054	6	19.395	19.266	1	29.662	0.142	6	29.807	29.507	1
202207030300	44745.125	19.512	0.082	6	19.668	19.448	1	29.412	0.09	6	29.447	29.237	1
202207030400	44745.16667	19.692	0.1	6	19.762	19.52	1	29.172	0.127	6	29.367	29.067	1
202207030500	44745.20833	19.978	0.088	6	20.055	19.815	1	28.872	0.141	6	29.107	28.737	1
202207030600	44745.25	19.874	0.099	6	19.95	19.733	1	29.037	0.149	6	29.257	28.937	1
202207030700	44745.29167	19.617	0.094	6	19.762	19.524	1	29.467	0.212	6	29.737	29.227	1
202207030800	44745.33333	19.399	0.198	6	19.581	19.143	1	30.012	0.382	6	30.487	29.667	1
202207030900	44745.375	19.112	0.088	6	19.271	19.033	1	30.603	0.168	6	30.798	30.338	1
202207031000	44745.41667	18.936	0.135	6	19.038	18.725	1	30.968	0.243	6	31.358	30.798	1
202207031100	44745.45833	18.814	0.041	6	18.848	18.747	1	31.378	0.017	6	31.398	31.348	1
202207031200	44745.5	18.901	0.041	6	18.958	18.856	1	31.363	0.111	6	31.388	31.098	1
202207031300	44745.54167	19.148	0.128	6	19.337	18.989	1	31.233	0.071	6	31.298	31.088	1
202207031400	44745.58333	19.926	0.428	6	20.337	19.279	1	30.278	0.443	6	31.088	29.978	1
202207031500	44745.625	20.192	0.064	6	20.271	20.096	1	30.038	0.064	6	30.148	30.008	1
202207031600	44745.66667	20.5	0.112	6	20.698	20.382	1	29.863	0.107	6	29.968	29.688	1
202207031700	44745.70833	20.378	0.096	6	20.561	20.335	1	29.318	0.289	6	29.728	29.038	1
202207031800	44745.75	20.281	0.076	6	20.355	20.179	1	29.063	0.103	6	29.188	28.948	1
202207031900	44745.79167	20.157	0.056	6	20.176	20.03	1	29.248	0.066	6	29.378	29.218	1
202207032000	44745.83333	19.724	0.056	6	19.858	19.716	1	29.848	0.058	6	29.888	29.728	1
202207032100	44745.875	19.697	0.046	6	19.714	19.593	1	29.873	0.122	6	30.158	29.838	1
202207032200	44745.91667	19.416	0.084	6	19.567	19.332	1	30.693	0.263	6	31.038	30.238	1
202207032300	44745.95833	19.285	0.094	6	19.382	19.144	1	30.884	0.19	6	31.099	30.649	1
202207040000	44746	19.2	0.059	6	19.283	19.147	1	30.819	0.167	6	30.949	30.579	1
202207040100	44746.04167	19.288	0.015	6	19.323	19.283	1	30.654	0.077	6	30.699	30.499	1
202207040200	44746.08333	19.471	0.079	6	19.588	19.397	1	29.929	0.158	6	30.149	29.759	1
202207040300	44746.125	19.33	0.059	6	19.366	19.231	1	29.694	0.045	6	29.719	29.599	1
202207040400	44746.16667	19.374	0.039	6	19.412	19.31	1	29.519	0.021	6	29.559	29.499	1
202207040500	44746.20833	19.793	0.106	6	19.885	19.615	1	29.169	0.214	6	29.439	28.969	1
202207040600	44746.25	19.917	0.032	6	19.979	19.905	1	28.999	0.113	6	29.049	28.789	1
202207040700	44746.29167	19.788	0.134	6	19.936	19.629	1	29.274	0.254	6	29.589	29.009	1
202207040800	44746.33333	19.64	0.016	6	19.663	19.626	1	29.639	0.014	6	29.649	29.609	1
202207040900	44746.375	19.295	0.171	6	19.662	19.158	1	30.394	0.331	6	30.609	29.659	1
202207041000	44746.41667	19.26	0.08	6	19.324	19.129	1	30.544	0.147	6	30.779	30.419	1
202207041100	44746.45833	19.045	0.05	6	19.129	18.998	1	31.029	0.146	6	31.139	30.799	1
202207041200	44746.5	19.016	0.014	6	19.035	18.997	1	31.275	0.046	6	31.3	31.18	1
202207041300	44746.54167	19.114	0.075	6	19.225	19.006	1	31.1	0.05	6	31.2	31.07	1
202207041400	44746.58333	19.455	0.178	6	19.85	19.343	1	30.925	0.234	6	31.07	30.45	1
202207041500	44746.625	20.39	0.255	6	20.501	19.842	1	30.085	0.198	6	30.49	30	1
202207041600	44746.66667	20.312	0.073	6	20.362	20.16	1	30.035	0.166	6	30.08	29.64	1
202207041700	44746.70833	20.387	0.128	6	20.495	20.141	1	29.825	0.166	6	29.97	29.56	1
202207041800	44746.75	20.287	0.034	6	20.343	20.248	1	29.15	0.234	6	29.68	29.02	1
202207041900	44746.79167	20.194	0.055	6	20.315	20.16	1	29.205	0.064	6	29.21	29.05	1
202207042000	44746.83333	19.89	0.1	6	20.097	19.807	1	29.6	0.146	6	29.78	29.36	1
202207042100	44746.875	19.769	0.01	6	19.785	19.76	1	29.81	0.016	6	29.83	29.79	1
202207042200	44746.91667	19.672	0.09	6	19.753	19.541	1	30.075	0.319	6	30.52	29.78	1
202207042300	44746.95833	19.487	0.067	6	19.514	19.339	1	30.7	0.134	6	30.93	30.59	1
202207050000	44747	19.248	0.045	6	19.326	19.209	1	30.985	0.059	6	31.06	30.89	1
202207050100	44747.04167	19.403	0.068	6	19.42	19.251	1	30.625	0.151	6	30.99	30.6	1
202207050200	44747.08333	19.424	0.105	6	19.613	19.374	1	30.571	0.328	6	30.601	29.901	1
202207050300	44747.125	19.45	0.06	6	19.573	19.405	1	29.951	0.143	6	30.151	29.711	1
202207050400	44747.16667	19.371	0.152	6	19.502	19.126	1	29.616	0.042	6	29.711	29.591	1
202207050500	44747.20833	19.479	0.228	6	19.876	19.301	1	29.556	0.187	6	29.631	29.141	1
202207050600	44747.25	19.926	0.118	6	19.979	19.722	1	29.016	0.199	6	29.371	28.941	1
202207050700	44747.29167	19.944	0.047	6	19.967	19.839	1	29.106	0.095	6	29.301	29.021	1
202207050800	44747.33333	19.713	0.09	6	19.845	19.641	1	29.631	0.194	6	29.731	29.301	1
202207050900	44747.375	19.52	0.207	6	19.704	19.257	1	30.056	0.417	6	30.591	29.701	1
202207051000	44747.41667	19.218	0.096	6	19.298	19.093	1	30.746	0.212	6	31.031	30.551	1
202207051100	44747.45833	19.134	0.048	6	19.172	19.031	1	30.951	0.059	6	31.091	30.941	1
202207051200	44747.5	19.02	0.049	6	19.122	18.979	1	31.196	0.046	6	31.231	31.101	1
202207051300	44747.54167	19.068	0.034	6	19.107	19.032	1	31.191	0.012	6	31.211	31.181	1
202207051400	44747.58333	19.196	0.075	6	19.293	19.101	1	31.041	0.05	6	31.101	30.951	1
202207051500	44747.625	19.38	0.09	6	19.511	19.283	1	30.932	0.099	6	31.092	30.802	1
202207051600	44747.66667	19.831	0.12	6	20.022	19.743	1	30.482	0.166	6	30.652	30.222	1
202207051700	44747.70833	19.922	0.058	6	20.037	19.882	1	30.087	0.1	6	30.252	30.002	1
202207051800	44747.75	19.962	0.037	6	20.046	19.953	1	29.882	0.233	6	30.112	29.502	1
202207051900	44747.79167	20.108	0.058	6	20.169	20.002	1	29.047	0.178	6	29.422	28.932	1
202207052000	44747.83333	20.014	0.032	6	20.03	19.945	1	29.192	0.404	6	29.352	28.252	1
202207052100	44747.875	19.64	0.119	6	19.93	19.626	1	29.832	0.185	6	29.852	29.382	1
202207052200	44747.91667	19.59	0.059	6	19.613	19.459	1	29.882	0.163	6	30.262	29.832	1
202207052300	44747.95833	19.374	0.032	6	19.409	19.321	1	30.472	0.099	6	30.602	30.342	1
202207060000	44748	19.323	0.019	6	19.341	19.297	1	30.587	0.037	6	30.632	30.522	1
202207060100	44748.04167	19.31	0.05	6	19.407	19.282	1	30.577	0.199	6	30.652	30.202	1
202207060200	44748.08333	19.42	0.012	6	19.442	19.407	1	30.207	0.018	6	30.222	30.172	1
202207060300	44748.125	19.602	0.038	6	19.629	19.527	1	29.537	0.099	6	29.772	29.512	1
202207060400	44748.16667	19.479	0.028	6	19.515	19.442	1	29.518	0.06	6	29.613	29.473	1
202207060500	44748.20833	19.314	0.029	6	19.368	19.288	1	29.563	0.023	6	29.593	29.523	1
202207060600	44748.25	19.58	0.177	6	19.805	19.337	1	29.313	0.267	6	29.613	28.903	1
202207060700	44748.29167	19.858	0.101	6	19.928	19.678	1	28.793	0.15	6	29.073	28.703	1
202207060800	44748.33333	19.891	0.022	6	19.906	19.848	1	28.943	0.008	6	28.963	28.943	1
202207060900	44748.375	19.759	0.224	4	19.916	19.405	4.333	29.203	0.198	4	29.423	28.953	4.333
202207061000	44748.41667	19.743	0.176	6	19.779	19.339	1	29.428	0.371	6	30.243	29.383	1
202207061100	44748.45833	19.562	0.071	6	19.654	19.488	1	29.988	0.112	6	30.133	29.813	1
202207061200	44748.5	19.335	0.126	6	19.531	19.212	1	30.508	0.225	6	30.743	30.193	1
202207061300	44748.54167	19.248	0.082	6	19.336	19.153	1	30.674	0.126	6	30.794	30.504	1
202207061400	44748.58333	19.127	0.014	6	19.156	19.114	1	30.804	0.027	6	30.824	30.754	1
202207061500	44748.625	19.144	0.042	6	19.242	19.132	1	30.689	0.097	6	30.734	30.474	1
202207061600	44748.66667	19.558	0.044	6	19.583	19.463	1	29.899	0.097	6	30.074	29.804	1
202207061700	44748.70833	19.55	0.056	6	19.625	19.494	1	29.729	0.065	6	29.844	29.664	1
202207061800	44748.75	19.532	0.027	6	19.583	19.507	1	29.659	0.056	6	29.734	29.584	1
202207061900	44748.79167	19.632	0.066	6	19.743	19.551	1	29.465	0.156	6	29.675	29.235	1
202207062000	44748.83333	19.792	0.022	6	19.816	19.767	1	29.145	0.056	6	29.215	29.095	1
202207062100	44748.875	19.746	0.022	6	19.771	19.712	1	29.215	0.031	6	29.265	29.185	1
202207062200	44748.91667	19.626	0.034	6	19.65	19.567	1	29.45	0.134	6	29.635	29.285	1
202207062300	44748.95833	19.567	0.039	6	19.612	19.497	1	29.5	0.078	6	29.665	29.445	1
202207070000	44749	19.325	0.067	6	19.426	19.249	1	30.126	0.121	6	30.206	29.916	1
202207070100	44749.04167	19.076	0.082	6	19.276	19.063	1	30.706	0.198	6	30.776	30.246	1
202207070200	44749.08333	19.071	0.026	6	19.09	19.024	1	30.871	0.044	6	30.916	30.796	1
202207070300	44749.125	19.131	0.013	6	19.145	19.109	1	30.646	0.085	6	30.786	30.556	1
202207070400	44749.16667	19.026	0.12	6	19.139	18.891	1	30.611	0.062	6	30.706	30.556	1
202207070500	44749.20833	18.881	0.062	6	19.008	18.855	1	30.616	0.101	6	30.656	30.406	1
202207070600	44749.25	18.917	0.143	6	19.185	18.846	1	30.152	0.164	6	30.247	29.837	1
202207070700	44749.29167	19.405	0.124	6	19.557	19.233	1	29.622	0.194	6	29.837	29.337	1
202207070800	44749.33333	19.462	0.107	6	19.583	19.285	1	29.627	0.191	6	29.837	29.327	1
202207070900	44749.375	19.389	0.085	6	19.472	19.225	1	29.857	0.184	6	30.187	29.647	1
202207071000	44749.41667	18.989	0.153	6	19.123	18.809	1	30.667	0.283	6	30.987	30.417	1
202207071100	44749.45833	18.737	0.067	6	18.801	18.665	1	31.133	0.123	6	31.258	30.998	1
202207071200	44749.5	18.69	0.014	6	18.708	18.665	1	31.303	0.04	6	31.338	31.228	1
202207071300	44749.54167	18.753	0.017	6	18.768	18.719	1	31.228	0.024	6	31.268	31.208	1
202207071400	44749.58333	18.755	0.009	6	18.769	18.745	1	31.243	0.021	6	31.278	31.228	1
202207071500	44749.625	18.788	0.017	6	18.814	18.765	1	31.208	0.032	6	31.228	31.138	1
202207071600	44749.66667	18.929	0.039	6	18.965	18.866	1	30.948	0.096	6	31.078	30.838	1
202207071700	44749.70833	18.967	0.072	6	19.046	18.876	1	30.694	0.174	6	30.969	30.569	1
202207071800	44749.75	19.015	0.021	6	19.037	18.979	1	30.274	0.129	6	30.579	30.229	1
202207071900	44749.79167	19.055	0.059	6	19.175	19.018	1	30.029	0.264	6	30.309	29.729	1
202207072000	44749.83333	19.166	0.08	6	19.198	19.024	1	29.624	0.203	6	29.919	29.439	1
202207072100	44749.875	19.35	0.05	6	19.373	19.24	1	28.874	0.207	6	29.339	28.769	1
202207072200	44749.91667	19.355	0.011	6	19.357	19.329	1	28.965	0.008	6	28.98	28.96	1
202207072300	44749.95833	19.327	0.024	6	19.346	19.293	1	29.165	0.075	6	29.2	29.03	1
202207080000	44750	19.213	0.057	6	19.278	19.148	1	29.595	0.234	6	29.83	29.21	1
202207080100	44750.04167	19.111	0.009	6	19.125	19.104	1	29.81	0.068	6	29.93	29.72	1
202207080200	44750.08333	19.067	0.01	6	19.082	19.055	1	29.91	0.045	6	29.94	29.82	1
202207080300	44750.125	19.147	0.035	6	19.188	19.095	1	29.575	0.052	6	29.69	29.55	1
202207080400	44750.16667	19.207	0.004	6	19.21	19.198	1	29.481	0.068	6	29.531	29.351	1
202207080500	44750.20833	19.123	0.096	6	19.202	18.953	1	29.421	0.052	6	29.481	29.331	1
202207080600	44750.25	18.92	0.071	6	19.017	18.818	1	29.361	0.127	6	29.431	29.121	1
202207080700	44750.29167	19.015	0.05	6	19.062	18.936	1	29.201	0.101	6	29.271	29.041	1
202207080800	44750.33333	19.102	0.038	6	19.171	19.064	1	28.901	0.093	6	28.971	28.711	1
202207080900	44750.375	19.211	0.027	6	19.259	19.188	1	28.707	0.025	6	28.732	28.662	1
202207081000	44750.41667	19.322	0.02	6	19.342	19.284	1	28.727	0.067	6	28.862	28.682	1
202207081100	44750.45833	19.459	0.034	6	19.476	19.383	1	29.007	0.029	6	29.052	28.962	1
202207081200	44750.5	19.156	0.054	6	19.243	19.094	1	30.052	0.165	6	30.142	29.742	1
202207081300	44750.54167	19.072	0.026	6	19.11	19.037	1	30.357	0.086	6	30.452	30.232	1
202207081400	44750.58333	19.151	0.066	6	19.193	19.006	1	30.447	0.034	6	30.512	30.422	1
202207081500	44750.625	19.148	0.02	6	19.174	19.111	1	30.498	0.043	6	30.563	30.453	1
202207081600	44750.66667	19.179	0.052	6	19.285	19.15	1	30.508	0.018	6	30.543	30.503	1
202207081700	44750.70833	19.395	0.112	6	19.657	19.357	1	30.433	0.148	6	30.463	30.083	1
202207081800	44750.75	20.172	0.196	6	20.33	19.805	1	29.613	0.169	6	29.963	29.513	1
202207081900	44750.79167	20.014	0.042	6	20.038	19.927	1	29.608	0.029	6	29.663	29.583	1
202207082000	44750.83333	19.889	0.128	6	19.938	19.646	1	29.324	0.146	6	29.564	29.234	1
202207082100	44750.875	19.622	0.02	6	19.661	19.608	1	29.014	0.131	6	29.194	28.824	1
202207082200	44750.91667	19.591	0.011	6	19.61	19.578	1	28.869	0.041	6	28.914	28.824	1
202207082300	44750.95833	19.544	0.01	6	19.553	19.528	1	28.919	0.044	6	28.994	28.884	1
202207090000	44751	19.501	0.003	6	19.504	19.496	1	29.079	0.015	6	29.084	29.044	1
202207090100	44751.04167	19.458	0.017	6	19.487	19.433	1	29.039	0.084	6	29.244	29.024	1
202207090200	44751.08333	19.383	0.029	6	19.415	19.336	1	29.555	0.174	6	29.835	29.285	1
202207090300	44751.125	19.346	0.016	6	19.379	19.335	1	29.645	0.065	6	29.785	29.595	1
202207090400	44751.16667	19.324	0.017	6	19.358	19.308	1	29.8	0.116	6	29.845	29.555	1
202207090500	44751.20833	19.375	0.017	6	19.408	19.365	1	29.485	0.062	6	29.535	29.375	1
202207090600	44751.25	19.378	0.023	6	19.403	19.344	1	29.385	0.017	6	29.405	29.355	1
202207090700	44751.29167	19.347	0.031	6	19.393	19.321	1	29.421	0.077	6	29.506	29.316	1
202207090800	44751.33333	19.394	0.019	6	19.436	19.386	1	29.321	0.071	6	29.356	29.166	1
202207090900	44751.375	19.477	0.028	6	19.521	19.453	1	29.056	0.077	6	29.156	28.996	1
202207091000	44751.41667	19.519	0.009	6	19.526	19.5	1	28.986	0.038	6	29.026	28.936	1
202207091100	44751.45833	19.537	0.026	6	19.574	19.499	1	29.066	0.11	6	29.326	29.036	1
202207091200	44751.5	19.558	0.03	6	19.589	19.514	1	29.291	0.04	6	29.346	29.246	1
202207091300	44751.54167	19.475	0.078	6	19.595	19.368	1	29.737	0.3	6	30.187	29.277	1
202207091400	44751.58333	19.378	0.08	6	19.417	19.229	1	30.217	0.238	6	30.677	30.107	1
202207091500	44751.625	19.213	0.025	6	19.265	19.198	1	30.757	0.059	6	30.817	30.657	1
202207091600	44751.66667	19.19	0.042	6	19.268	19.151	1	30.707	0.123	6	30.837	30.547	1
202207091700	44751.70833	19.294	0.008	6	19.302	19.285	1	30.407	0.064	6	30.497	30.337	1
202207091800	44751.75	19.309	0.026	6	19.331	19.257	1	30.313	0.113	6	30.398	30.068	1
202207091900	44751.79167	19.262	0.047	6	19.373	19.256	1	30.273	0.11	6	30.338	30.028	1
202207092000	44751.83333	19.402	0.037	6	19.463	19.368	1	29.883	0.033	6	29.908	29.818	1
202207092100	44751.875	19.452	0.019	6	19.459	19.408	1	29.398	0.134	6	29.698	29.378	1
202207092200	44751.91667	19.459	0.02	6	19.472	19.425	1	29.243	0.118	6	29.448	29.138	1
202207092300	44751.95833	19.47	0.007	6	19.474	19.455	1	29.128	0.026	6	29.148	29.088	1
202207100000	44752	19.432	0.024	6	19.453	19.394	1	29.144	0.019	6	29.159	29.109	1
202207100100	44752.04167	19.376	0.008	6	19.388	19.362	1	29.154	0.019	6	29.189	29.139	1
202207100200	44752.08333	19.356	0.02	6	19.37	19.318	1	29.134	0.132	6	29.389	29.079	1
202207100300	44752.125	19.274	0.01	6	19.292	19.267	1	29.529	0.083	6	29.629	29.429	1
202207100400	44752.16667	19.236	0.021	6	19.276	19.222	1	29.679	0.077	6	29.769	29.549	1
202207100500	44752.20833	19.218	0.01	6	19.23	19.205	1	29.66	0.145	6	29.77	29.46	1
202207100600	44752.25	19.238	0.016	6	19.246	19.207	1	29.385	0.061	6	29.47	29.33	1
202207100700	44752.29167	19.211	0.053	6	19.258	19.122	1	29.345	0.05	6	29.44	29.31	1
202207100800	44752.33333	19.17	0.042	6	19.191	19.09	1	29.41	0.041	6	29.49	29.38	1
202207100900	44752.375	19.118	0.071	6	19.237	19.064	1	29.26	0.072	6	29.39	29.21	1
202207101000	44752.41667	19.36	0.052	6	19.402	19.271	1	29.18	0.017	6	29.21	29.16	1
202207101100	44752.45833	19.371	0.02	6	19.403	19.354	1	29.151	0.012	6	29.171	29.141	1
202207101200	44752.5	19.421	0.037	6	19.484	19.378	1	29.141	0.028	6	29.161	29.081	1
202207101300	44752.54167	19.501	0.033	6	19.552	19.449	1	29.156	0.09	6	29.231	28.971	1
202207101400	44752.58333	19.563	0.011	6	19.581	19.547	1	29.131	0.021	6	29.171	29.111	1
202207101500	44752.625	19.381	0.014	6	19.401	19.369	1	29.821	0.066	6	29.951	29.771	1
202207101600	44752.66667	19.286	0.043	6	19.341	19.226	1	30.257	0.139	6	30.442	30.062	1
202207101700	44752.70833	19.251	0.017	6	19.286	19.235	1	30.367	0.06	6	30.412	30.242	1
202207101800	44752.75	19.339	0.011	6	19.343	19.313	1	30.112	0.026	6	30.172	30.102	1
202207101900	44752.79167	19.349	0.012	6	19.354	19.321	1	30.032	0.045	6	30.062	29.932	1
202207102000	44752.83333	19.313	0.036	6	19.39	19.289	1	30.012	0.112	6	30.072	29.762	1
202207102100	44752.875	19.379	0.036	6	19.459	19.357	1	29.697	0.142	6	29.762	29.412	1
202207102200	44752.91667	19.447	0.03	6	19.473	19.397	1	29.333	0.016	6	29.343	29.303	1
202207102300	44752.95833	19.4	0.007	6	19.409	19.388	1	29.153	0.07	6	29.293	29.113	1
202207110000	44753	19.341	0.014	6	19.36	19.323	1	29.248	0.032	6	29.263	29.183	1
202207110100	44753.04167	19.364	0.007	6	19.367	19.349	1	29.163	0.021	6	29.173	29.113	1
202207110200	44753.08333	19.366	0.007	6	19.38	19.362	1	29.098	0.035	6	29.183	29.093	1
202207110300	44753.125	19.358	0.018	6	19.388	19.346	1	29.104	0.042	6	29.154	29.044	1
202207110400	44753.16667	19.329	0.026	6	19.342	19.279	1	29.374	0.207	6	29.654	29.084	1
202207110500	44753.20833	19.235	0.018	6	19.254	19.204	1	29.824	0.092	6	29.974	29.714	1
202207110600	44753.25	19.227	0.019	6	19.26	19.21	1	29.824	0.141	6	29.934	29.544	1
202207110700	44753.29167	19.334	0.021	6	19.347	19.292	1	29.364	0.049	6	29.434	29.324	1
202207110800	44753.33333	19.37	0.021	6	19.404	19.346	1	29.319	0.065	6	29.454	29.294	1
202207110900	44753.375	19.362	0.025	6	19.407	19.342	1	29.435	0.038	6	29.445	29.345	1
202207111000	44753.41667	19.36	0.072	6	19.442	19.255	1	29.29	0.023	6	29.315	29.255	1
202207111100	44753.45833	19.637	0.057	6	19.734	19.568	1	29.21	0.036	6	29.285	29.205	1
202207111200	44753.5	19.417	0.046	6	19.492	19.37	1	29.305	0.016	6	29.325	29.275	1
202207111300	44753.54167	19.5	0.061	6	19.581	19.418	1	29.28	0.023	6	29.295	29.235	1
202207111400	44753.58333	19.7	0.111	6	19.86	19.565	1	29.136	0.057	6	29.266	29.106	1
202207111500	44753.625	19.89	0.035	6	19.931	19.836	1	29.146	0.008	6	29.156	29.136	1
202207111600	44753.66667	19.98	0.155	6	20.02	19.653	1	29.146	0.223	6	29.686	29.136	1
202207111700	44753.70833	19.571	0.06	6	19.605	19.462	1	30.046	0.094	6	30.126	29.896	1
202207111800	44753.75	19.42	0.044	6	19.451	19.325	1	30.261	0.097	6	30.486	30.226	1
202207111900	44753.79167	19.502	0.087	6	19.564	19.362	1	30.021	0.263	6	30.416	29.796	1
202207112000	44753.83333	19.577	0.007	6	19.581	19.561	1	29.662	0.057	6	29.767	29.617	1
202207112100	44753.875	19.489	0.029	6	19.548	19.466	1	29.652	0.038	6	29.687	29.587	1
202207112200	44753.91667	19.989	0.154	6	20.09	19.663	1	29.417	0.066	6	29.557	29.387	1
202207112300	44753.95833	20.029	0.094	6	20.094	19.85	1	29.342	0.039	6	29.377	29.277	1
202207120000	44754	19.638	0.2	6	19.959	19.466	1	29.272	0.052	6	29.387	29.247	1
202207120100	44754.04167	19.409	0.05	6	19.516	19.399	1	29.473	0.031	6	29.518	29.438	1
202207120200	44754.08333	19.397	0.009	6	19.415	19.388	1	29.398	0.025	6	29.418	29.358	1
202207120300	44754.125	19.392	0.01	6	19.401	19.375	1	29.343	0.073	6	29.368	29.188	1
202207120400	44754.16667	19.423	0.009	6	19.431	19.405	1	29.053	0.019	6	29.088	29.038	1
202207120500	44754.20833	19.401	0.014	6	19.417	19.38	1	29.308	0.094	6	29.368	29.098	1
202207120600	44754.25	19.374	0.013	6	19.389	19.352	1	29.588	0.149	6	29.898	29.488	1
202207120700	44754.29167	19.381	0.015	6	19.398	19.363	1	29.699	0.036	6	29.739	29.639	1
202207120800	44754.33333	19.456	0.04	6	19.508	19.401	1	29.624	0.124	6	29.889	29.559	1
202207120900	44754.375	19.681	0.126	6	19.845	19.522	1	29.524	0.058	6	29.599	29.469	1
202207121000	44754.41667	19.886	0.084	6	20.002	19.77	1	29.439	0.051	6	29.529	29.369	1
202207121100	44754.45833	20.155	0.077	6	20.262	20.059	1	29.374	0.019	6	29.399	29.349	1
202207121200	44754.5	20.237	0.136	6	20.478	20.127	1	29.325	0.042	6	29.35	29.24	1
202207121300	44754.54167	19.843	0.127	6	20.062	19.717	1	29.34	0.057	6	29.43	29.3	1
202207121400	44754.58333	19.849	0.06	6	19.896	19.747	1	29.39	0.052	6	29.43	29.28	1
202207121500	44754.625	19.921	0.035	6	19.963	19.872	1	29.23	0.055	6	29.35	29.22	1
202207121600	44754.66667	19.979	0.008	6	19.987	19.966	1	29.205	0.015	6	29.23	29.19	1
202207121700	44754.70833	19.901	0.125	6	19.973	19.686	1	29.26	0.447	6	30.19	29.18	1
202207121800	44754.75	19.488	0.159	6	19.707	19.362	1	30.761	0.548	6	31.221	30.051	1
202207121900	44754.79167	19.338	0.068	6	19.44	19.255	1	31.216	0.218	6	31.481	30.891	1
202207122000	44754.83333	19.329	0.113	6	19.474	19.17	1	31.161	0.469	6	31.751	30.501	1
202207122100	44754.875	19.539	0.018	6	19.568	19.526	1	30.231	0.021	6	30.261	30.201	1
202207122200	44754.91667	19.709	0.159	6	19.901	19.571	1	30.141	0.041	6	30.201	30.081	1
202207122300	44754.95833	20.091	0.063	6	20.153	19.979	1	29.832	0.144	6	30.082	29.732	1
202207130000	44755	20.1	0.028	6	20.139	20.068	1	29.572	0.076	6	29.692	29.492	1
202207130100	44755.04167	19.73	0.122	6	20.015	19.703	1	29.472	0.038	6	29.512	29.422	1
202207130200	44755.08333	19.695	0.013	6	19.71	19.678	1	29.462	0.026	6	29.482	29.422	1
202207130300	44755.125	19.675	0.004	6	19.676	19.665	1	29.417	0.012	6	29.432	29.402	1
202207130400	44755.16667	19.641	0.023	6	19.688	19.635	1	29.492	0.026	6	29.522	29.452	1
202207130500	44755.20833	19.639	0.064	6	19.646	19.511	1	29.503	0.308	6	30.113	29.483	1
202207130600	44755.25	19.369	0.107	6	19.563	19.323	1	31.043	0.593	6	31.233	29.963	1
202207130700	44755.29167	19.39	0.102	6	19.5	19.235	1	30.893	0.398	6	31.503	30.463	1
202207130800	44755.33333	19.237	0.098	6	19.391	19.144	1	31.643	0.267	6	31.893	31.263	1
202207130900	44755.375	19.565	0.048	6	19.604	19.471	1	30.988	0.121	6	31.203	30.843	1
202207131000	44755.41667	19.841	0.102	6	19.918	19.643	1	30.963	0.18	6	31.023	30.563	1
202207131100	44755.45833	20.46	0.501	5	21.276	20.012	4.167	30.084	0.264	5	30.654	30.034	4.167
202207131200	44755.5	20.45	0.281	6	20.734	20.052	1	29.953	0.12	6	30.043	29.703	1
202207131300	44755.54167	20.651	0.117	6	20.808	20.52	1	30.093	0.069	6	30.173	29.973	1
202207131400	44755.58333	20.235	0.075	6	20.413	20.232	1	29.877	0.076	6	30.022	29.822	1
202207131500	44755.625	20.214	0.011	6	20.232	20.204	1	29.746	0.033	6	29.791	29.691	1
202207131600	44755.66667	20.186	0.032	6	20.221	20.124	1	29.726	0.019	6	29.761	29.711	1
202207131700	44755.70833	20.177	0.02	6	20.191	20.141	1	29.72	0.036	6	29.74	29.64	1
202207131800	44755.75	20.107	0.017	6	20.118	20.073	1	30.37	0.068	6	30.51	30.34	1
202207131900	44755.79167	19.992	0.218	6	20.066	19.516	1	30.859	0.371	6	31.559	30.589	1
202207132000	44755.83333	19.669	0.086	6	19.746	19.517	1	31.268	0.146	6	31.528	31.168	1
202207132100	44755.875	19.6	0.057	6	19.68	19.529	1	31.143	0.204	6	31.458	30.908	1
202207132200	44755.91667	19.675	0.034	6	19.683	19.609	1	30.947	0.05	6	31.017	30.887	1
202207132300	44755.95833	19.833	0.117	6	19.938	19.629	1	30.497	0.251	6	30.867	30.237	1
202207140000	44756	19.867	0.042	6	19.935	19.834	1	30.246	0.068	6	30.286	30.096	1
202207140100	44756.04167	19.983	0.058	6	20.013	19.851	1	29.97	0.087	6	30.125	29.915	1
202207140200	44756.08333	19.909	0.054	6	20.027	19.877	1	29.905	0.061	6	30.015	29.845	1
202207140300	44756.125	20.013	0.037	6	20.036	19.945	1	29.989	0.051	6	30.014	29.894	1
202207140400	44756.16667	19.884	0.039	6	19.93	19.822	1	29.829	0.048	6	29.904	29.774	1
202207140500	44756.20833	19.801	0.006	6	19.809	19.793	1	29.713	0.041	6	29.783	29.663	1
202207140600	44756.25	19.701	0.09	6	19.807	19.57	1	30.023	0.304	6	30.403	29.603	1
202207140700	44756.29167	19.438	0.005	6	19.444	19.429	1	30.752	0.085	6	30.812	30.602	1
202207140800	44756.33333	19.343	0.033	6	19.391	19.312	1	31.416	0.237	6	31.761	31.071	1
202207140900	44756.375	19.415	0.057	6	19.49	19.364	1	31.401	0.155	6	31.621	31.251	1
202207141000	44756.41667	19.577	0.021	6	19.602	19.545	1	30.96	0.073	6	31.06	30.88	1
202207141100	44756.45833	19.664	0.049	6	19.728	19.611	1	30.855	0.016	6	30.87	30.83	1
202207141200	44756.5	20.061	0.105	6	20.102	19.823	1	30.354	0.186	6	30.769	30.259	1
202207141300	44756.54167	20.214	0.109	6	20.376	20.139	1	30.218	0.113	6	30.388	30.068	1
202207141400	44756.58333	20.354	0.061	6	20.428	20.28	1	30.133	0.053	6	30.208	30.078	1
202207141500	44756.625	20.279	0.023	6	20.334	20.273	1	30.172	0.069	6	30.217	30.057	1
202207141600	44756.66667	20.226	0.022	6	20.276	20.219	1	30.142	0.037	6	30.187	30.107	1
202207141700	44756.70833	20.197	0.033	6	20.222	20.131	1	30.071	0.104	6	30.156	29.866	1
202207141800	44756.75	20.106	0.007	6	20.116	20.097	1	29.755	0.014	6	29.775	29.735	1
202207141900	44756.79167	19.964	0.072	6	20.097	19.924	1	30.365	0.339	6	30.565	29.775	1
202207142000	44756.83333	19.92	0.073	6	19.961	19.782	1	30.449	0.261	6	30.984	30.344	1
202207142100	44756.875	19.684	0.045	6	19.734	19.616	1	31.044	0.134	6	31.214	30.894	1
202207142200	44756.91667	19.659	0.054	6	19.724	19.61	1	30.848	0.241	6	31.133	30.613	1
202207142300	44756.95833	19.803	0.024	6	19.823	19.759	1	30.412	0.069	6	30.532	30.352	1
202207150000	44757	19.665	0.063	6	19.791	19.626	1	30.277	0.103	6	30.452	30.152	1
202207150100	44757.04167	19.776	0.05	6	19.853	19.695	1	30.011	0.076	6	30.121	29.911	1
202207150200	44757.08333	19.788	0.03	6	19.848	19.757	1	29.871	0.027	6	29.921	29.841	1
202207150300	44757.125	19.737	0.17	6	19.965	19.519	1	30.035	0.131	6	30.32	29.96	1
202207150400	44757.16667	19.951	0.009	6	19.964	19.938	1	30.27	0.056	6	30.35	30.23	1
202207150500	44757.20833	19.864	0.033	6	19.888	19.798	1	30.019	0.082	6	30.199	29.979	1
202207150600	44757.25	19.773	0.031	6	19.788	19.704	1	29.818	0.055	6	29.908	29.788	1
202207150700	44757.29167	19.619	0.096	6	19.769	19.541	1	30.203	0.219	6	30.338	29.828	1
202207150800	44757.33333	19.517	0.145	6	19.626	19.223	1	30.412	0.279	6	30.967	30.197	1
202207150900	44757.375	19.237	0.056	6	19.268	19.144	1	31.307	0.073	6	31.397	31.197	1
202207151000	44757.41667	19.296	0.04	6	19.369	19.271	1	31.456	0.098	6	31.546	31.276	1
202207151100	44757.45833	19.446	0.067	6	19.522	19.368	1	31.205	0.053	6	31.225	31.085	1
202207151200	44757.5	19.692	0.071	6	19.767	19.574	1	30.845	0.192	6	31.115	30.575	1
202207151300	44757.54167	19.855	0.067	6	20.011	19.831	1	30.634	0.077	6	30.734	30.504	1
202207151400	44757.58333	20.137	0.046	6	20.213	20.1	1	30.289	0.104	6	30.444	30.214	1
202207151500	44757.625	20.186	0.019	6	20.216	20.165	1	30.148	0.05	6	30.183	30.053	1
202207151600	44757.66667	20.173	0.02	6	20.184	20.128	1	30.442	0.066	6	30.492	30.322	1
202207151700	44757.70833	20.135	0.017	6	20.157	20.117	1	30.392	0.024	6	30.432	30.362	1
202207151800	44757.75	20.027	0.047	6	20.107	19.989	1	30.206	0.127	6	30.401	30.101	1
202207151900	44757.79167	19.936	0.021	6	19.976	19.911	1	29.901	0.095	6	30.061	29.841	1
202207152000	44757.83333	19.879	0.025	6	19.928	19.865	1	30.03	0.162	6	30.2	29.86	1
202207152100	44757.875	19.822	0.062	6	19.859	19.693	1	30.189	0.188	6	30.629	30.129	1
202207152200	44757.91667	19.578	0.026	6	19.593	19.537	1	30.774	0.145	6	30.919	30.569	1
202207152300	44757.95833	19.466	0.028	6	19.505	19.432	1	30.988	0.125	6	31.148	30.828	1
202207160000	44758	19.615	0.096	6	19.715	19.445	1	30.558	0.253	6	30.908	30.238	1
202207160100	44758.04167	19.639	0.055	6	19.719	19.573	1	30.297	0.063	6	30.397	30.217	1
202207160200	44758.08333	19.59	0.062	6	19.646	19.508	1	30.262	0.089	6	30.427	30.207	1
202207160300	44758.125	19.452	0.031	6	19.495	19.412	1	30.266	0.063	6	30.346	30.156	1
202207160400	44758.16667	19.702	0.089	6	19.771	19.56	1	30.155	0.085	6	30.285	30.075	1
202207160500	44758.20833	19.767	0.02	6	19.795	19.738	1	30.19	0.07	6	30.255	30.075	1
202207160600	44758.25	19.647	0.057	6	19.733	19.606	1	30.019	0.053	6	30.074	29.934	1
202207160700	44758.29167	19.617	0.126	6	19.641	19.313	1	29.929	0.295	6	30.644	29.904	1
202207160800	44758.33333	19.206	0.099	6	19.33	19.119	1	30.868	0.279	6	31.113	30.533	1
202207160900	44758.375	19.124	0.073	6	19.148	18.956	1	31.152	0.148	6	31.502	31.112	1
202207161000	44758.41667	19.02	0.028	6	19.03	18.955	1	31.812	0.072	6	31.902	31.742	1
202207161100	44758.45833	19.115	0.033	6	19.136	19.051	1	31.761	0.062	6	31.851	31.681	1
202207161200	44758.5	19.223	0.064	6	19.345	19.179	1	31.566	0.075	6	31.601	31.401	1
202207161300	44758.54167	19.548	0.092	6	19.703	19.451	1	31.17	0.161	6	31.34	30.89	1
202207161400	44758.58333	19.828	0.056	6	19.881	19.73	1	30.689	0.13	6	30.899	30.579	1
202207161500	44758.625	20.012	0.122	6	20.177	19.875	1	30.624	0.19	6	30.899	30.429	1
202207161600	44758.66667	20.119	0.062	6	20.198	20.016	1	30.428	0.047	6	30.518	30.388	1
202207161700	44758.70833	19.969	0.031	6	19.978	19.897	1	30.738	0.043	6	30.758	30.658	1
202207161800	44758.75	19.954	0.006	6	19.961	19.945	1	30.692	0.015	6	30.717	30.677	1
202207161900	44758.79167	19.987	0.018	6	20.009	19.959	1	30.156	0.241	6	30.696	30.076	1
202207162000	44758.83333	19.96	0.014	6	19.975	19.937	1	30.036	0.029	6	30.096	30.016	1
202207162100	44758.875	19.911	0.016	6	19.925	19.881	1	30.015	0.012	6	30.035	30.005	1
202207162200	44758.91667	19.791	0.048	6	19.841	19.722	1	30.265	0.068	6	30.355	30.175	1
202207162300	44758.95833	19.773	0.028	6	19.823	19.749	1	30.254	0.031	5	30.284	30.204	1
202207170000	44759	19.776	0.016	6	19.805	19.767	1	30.174	0.047	6	30.244	30.114	1
202207170100	44759.04167	19.8	0.009	6	19.811	19.786	1	30.048	0.025	6	30.103	30.033	1
202207170200	44759.08333	19.725	0.042	6	19.758	19.657	1	29.972	0.041	5	30.032	29.922	1
202207170300	44759.125	19.638	0.047	6	19.659	19.546	1	29.997	0.053	6	30.062	29.902	1
202207170400	44759.16667	19.547	0.029	6	19.566	19.483	1	30.161	0.044	6	30.221	30.121	1
202207170500	44759.20833	19.589	0.014	6	19.607	19.567	1	30.681	0.181	6	30.741	30.351	1
202207170600	44759.25	19.61	0.026	6	19.662	19.598	1	30.65	0.065	6	30.71	30.57	1
202207170700	44759.29167	19.722	0.038	6	19.754	19.648	1	30.174	0.171	6	30.549	30.069	1
202207170800	44759.33333	19.773	0.014	6	19.783	19.749	1	30.079	0.052	5	30.169	30.039	1
202207170900	44759.375	19.614	0.15	6	19.757	19.464	1	30.478	0.265	6	30.758	30.238	1
202207171000	44759.41667	19.428	0.12	6	19.482	19.193	1	30.898	0.341	6	31.608	30.778	1
202207171100	44759.45833	19.217	0.062	6	19.309	19.141	1	31.717	0.063	6	31.787	31.627	1
202207171200	44759.5	19.363	0.115	6	19.573	19.247	1	31.636	0.264	6	31.786	31.096	1
202207171300	44759.54167	19.654	0.114	6	19.845	19.541	1	31.206	0.068	6	31.306	31.106	1
202207171400	44759.58333	20.465	0.414	6	20.884	19.949	1	30.825	0.217	6	31.205	30.705	1
202207171500	44759.625	20.895	0.092	6	21.06	20.803	1	30.71	0.282	6	30.745	30.025	1
202207171600	44759.66667	21.359	0.159	6	21.464	21.013	1	30.694	0.038	6	30.754	30.654	1
202207171700	44759.70833	20.939	0.289	6	21.43	20.632	1	30.628	0.045	6	30.673	30.553	1
202207171800	44759.75	20.32	0.063	6	20.47	20.303	1	30.673	0.035	5	30.703	30.613	1
202207171900	44759.79167	20.265	0.022	6	20.301	20.25	1	30.582	0.034	6	30.632	30.552	1
202207172000	44759.83333	20.231	0.009	6	20.242	20.221	1	30.432	0.02	5	30.442	30.392	1
202207172100	44759.875	20.2	0.011	6	20.219	20.189	1	30.171	0.096	6	30.321	30.021	1
202207172200	44759.91667	20.172	0.066	6	20.194	20.039	1	30.091	0.204	5	30.511	30.081	1
202207172300	44759.95833	19.939	0.028	6	19.98	19.897	1	30.635	0.102	6	30.68	30.41	1
202207180000	44760	19.818	0.059	6	19.939	19.793	1	30.689	0.066	5	30.719	30.569	1
202207180100	44760.04167	19.945	0.063	6	19.995	19.82	1	30.309	0.148	5	30.609	30.239	1
202207180200	44760.08333	19.997	0.016	6	20.017	19.974	1	30.168	0.031	5	30.218	30.138	1
202207180300	44760.125	19.906	0.048	6	19.97	19.844	1	30.143	0.01	6	30.158	30.128	1
202207180400	44760.16667	19.923	0.073	6	19.986	19.787	1	30.287	0.07	5	30.407	30.217	1
202207180500	44760.20833	19.965	0.024	6	20.014	19.949	1	30.356	0.054	6	30.476	30.326	1
202207180600	44760.25	20.051	0.005	6	20.056	20.041	1	30.606	0.028	5	30.636	30.566	1
202207180700	44760.29167	20.051	0.008	6	20.07	20.047	1	30.465	0.045	5	30.525	30.405	1
202207180800	44760.33333	20.09	0.012	6	20.107	20.073	1	30.29	0.071	6	30.415	30.195	1
202207180900	44760.375	20.111	0.048	6	20.143	20.027	1	30.244	0.054	5	30.294	30.154	1
202207181000	44760.41667	19.756	0.1	6	19.875	19.573	1	30.673	0.259	5	31.153	30.453	1
202207181100	44760.45833	19.5	0.067	6	19.631	19.452	1	31.403	0.131	6	31.663	31.263	1
202207181200	44760.5	19.417	0.095	6	19.614	19.364	1	31.792	0.172	5	31.842	31.432	1
202207181300	44760.54167	19.534	0.07	6	19.659	19.459	1	31.802	0.028	5	31.862	31.792	1
202207181400	44760.58333	19.928	0.169	6	20.161	19.751	1	31.391	0.096	6	31.561	31.321	1
202207181500	44760.625	21.079	0.366	6	21.336	20.409	1	30.915	0.17	6	31.25	30.8	1
202207181600	44760.66667	20.997	0.241	6	21.418	20.774	1	30.56	0.139	5	30.85	30.5	1
202207181700	44760.70833	21.672	0.334	6	22.075	21.093	1	30.739	0.053	5	30.799	30.669	1
202207181800	44760.75	21.099	0.277	6	21.466	20.807	1	30.609	0.048	5	30.679	30.559	1
202207181900	44760.79167	20.763	0.038	6	20.797	20.71	1	30.648	0.04	5	30.658	30.578	1
202207182000	44760.83333	20.697	0.014	6	20.711	20.67	1	30.588	0.058	5	30.618	30.468	1
202207182100	44760.875	20.567	0.02	6	20.612	20.556	1	30.227	0.062	5	30.347	30.197	1
202207182200	44760.91667	20.563	0.005	6	20.574	20.558	1	30.166	0.135	5	30.186	29.866	1
202207182300	44760.95833	20.339	0.168	6	20.553	20.192	1	30.156	0.076	3	30.256	30.106	1
202207190000	44761	20.264	0.066	6	20.307	20.125	1	30.225	0.243	5	30.525	29.855	1
202207190100	44761.04167	20.04	0.056	6	20.162	20.002	1	30.675	0.597	3	30.775	29.695	1
202207190200	44761.08333	20.253	0.033	6	20.293	20.199	1	30.184	0.407	5	30.424	29.394	1
202207190300	44761.125	20.216	0.024	6	20.244	20.178	1	30.143	0.297	3	30.323	29.743	1
202207190400	44761.16667	20.597	0.202	6	20.768	20.239	1	30.203	0.25	3	30.603	30.143	1
202207190500	44761.20833	20.587	0.097	6	20.689	20.479	1	30.232	0.436	4	30.562	29.612	1
202207190600	44761.25	20.587	0.066	6	20.674	20.53	1	30.432	0.58	5	30.552	29.372	1
202207190700	44761.29167	20.737	0.022	6	20.776	20.721	1	29.796	0.5	6	30.711	29.391	1
202207190800	44761.33333	20.734	0.033	6	20.803	20.708	1	30.22	0.255	2	30.4	30.04	1
202207190900	44761.375	    NaN 	    NaN 	    NaN 	    NaN 	    NaN 	9	    NaN 	    NaN 	    NaN 	    NaN 	    NaN 	9
202207191000	44761.41667	    NaN 	    NaN 	    NaN 	    NaN 	    NaN 	9	    NaN 	    NaN 	    NaN 	    NaN 	    NaN 	9
202207191100	44761.45833	    NaN 	    NaN 	    NaN 	    NaN 	    NaN 	9	    NaN 	    NaN 	    NaN 	    NaN 	    NaN 	9
202207191200	44761.5	19.771	0.078	5	19.855	19.685	1	31.843	0.499	6	31.958	30.658	1
202207191300	44761.54167	19.718	0.148	5	19.998	19.618	1	32.008	0.097	5	32.108	31.858	1
202207191400	44761.58333	20.542	0.19	6	20.62	20.126	1	31.328	0.177	6	31.728	31.288	1
202207191500	44761.625	20.756	0.087	6	20.89	20.645	1	31.273	0.065	6	31.398	31.228	1
202207191600	44761.66667	21.342	0.262	6	21.705	20.956	1	30.902	0.092	6	30.957	30.737	1
202207191700	44761.70833	21.364	0.081	6	21.445	21.24	1	30.782	0.132	6	31.067	30.697	1
202207191800	44761.75	21.976	0.351	6	22.555	21.515	1	30.887	0.04	6	30.957	30.857	1
202207191900	44761.79167	21.634	0.045	6	21.707	21.602	1	30.887	0.029	6	30.917	30.837	1
202207192000	44761.83333	21.572	0.057	6	21.667	21.521	1	30.851	0.041	6	30.926	30.826	1
202207192100	44761.875	21.447	0.068	6	21.564	21.395	1	30.761	0.056	6	30.856	30.716	1
202207192200	44761.91667	21.273	0.094	6	21.419	21.215	1	30.566	0.104	6	30.716	30.446	1
202207192300	44761.95833	21.22	0.111	6	21.225	20.95	1	30.416	0.106	6	30.676	30.406	1
202207200000	44762	20.73	0.207	6	20.951	20.434	1	30.841	0.244	6	31.226	30.596	1
202207200100	44762.04167	20.554	0.062	6	20.624	20.469	1	31.115	0.076	6	31.225	31.035	1
202207200200	44762.08333	20.639	0.18	6	20.918	20.529	1	31.04	0.172	6	31.185	30.785	1
202207200300	44762.125	20.864	0.006	6	20.872	20.857	1	30.745	0.024	6	30.795	30.725	1
202207200400	44762.16667	20.984	0.277	6	21.453	20.74	1	30.78	0.033	6	30.835	30.745	1
202207200500	44762.20833	21.537	0.219	6	21.768	21.138	1	30.815	0.049	6	30.835	30.705	1
202207200600	44762.25	21.267	0.11	6	21.412	21.137	1	30.759	0.023	6	30.794	30.744	1
202207200700	44762.29167	21.474	0.12	6	21.531	21.214	1	30.774	0.011	6	30.794	30.764	1
202207200800	44762.33333	21.352	0.024	6	21.378	21.318	1	30.714	0.015	6	30.724	30.684	1
202207200900	44762.375	21.3	0.043	6	21.356	21.231	1	30.694	0.033	6	30.734	30.634	1
202207201000	44762.41667	21.272	0.032	6	21.332	21.251	1	30.613	0.02	6	30.633	30.583	1
202207201100	44762.45833	20.992	0.087	6	21.07	20.842	1	30.788	0.102	6	30.983	30.763	1
202207201200	44762.5	20.604	0.237	6	20.76	20.178	1	31.373	0.311	6	31.883	31.173	1
202207201300	44762.54167	20.48	0.121	6	20.602	20.318	1	31.748	0.089	6	31.773	31.543	1
202207201400	44762.58333	20.347	0.067	6	20.398	20.217	1	31.908	0.066	6	32.023	31.833	1
202207201500	44762.625	20.31	0.309	6	20.813	20.107	1	31.962	0.165	6	32.102	31.722	1
202207201600	44762.66667	21.511	0.199	6	21.874	21.27	1	31.327	0.101	6	31.452	31.162	1
202207201700	44762.70833	22.172	0.173	6	22.268	21.851	1	31.042	0.057	6	31.162	31.022	1
202207201800	44762.75	21.929	0.095	6	22.136	21.876	1	31.062	0.024	6	31.092	31.022	1
202207201900	44762.79167	21.608	0.286	6	21.976	21.33	1	31.032	0.065	6	31.092	30.952	1
202207202000	44762.83333	21.424	0.054	6	21.486	21.337	1	30.721	0.113	6	30.991	30.711	1
202207202100	44762.875	21.204	0.033	6	21.267	21.184	1	30.726	0.018	6	30.751	30.701	1
202207202200	44762.91667	21.117	0.104	6	21.199	20.985	1	30.836	0.048	6	30.891	30.781	1
202207202300	44762.95833	20.965	0.01	6	20.98	20.955	1	30.901	0.006	6	30.911	30.891	1
202207210000	44763	20.884	0.174	6	20.95	20.525	1	30.905	0.257	6	31.48	30.89	1
202207210100	44763.04167	20.46	0.057	6	20.525	20.366	1	31.61	0.14	6	31.77	31.4	1
202207210200	44763.08333	20.408	0.034	6	20.447	20.367	1	31.62	0.048	6	31.7	31.59	1
202207210300	44763.125	20.462	0.026	6	20.498	20.43	1	31.52	0.034	6	31.58	31.49	1
202207210400	44763.16667	20.495	0.036	6	20.557	20.472	1	31.425	0.072	6	31.49	31.31	1
202207210500	44763.20833	20.821	0.161	6	20.959	20.552	1	31.089	0.157	6	31.339	30.949	1
202207210600	44763.25	20.883	0.016	6	20.9	20.854	1	31.019	0.029	6	31.049	30.969	1
202207210700	44763.29167	21.058	0.116	6	21.147	20.87	1	30.959	0.043	6	31.019	30.919	1
202207210800	44763.33333	21.382	0.117	6	21.437	21.16	1	30.819	0.063	6	30.929	30.779	1
202207210900	44763.375	21.249	0.041	6	21.268	21.174	1	30.793	0.01	6	30.808	30.788	1
202207211000	44763.41667	21.121	0.114	6	21.179	20.926	1	30.853	0.057	6	30.938	30.808	1
202207211100	44763.45833	20.925	0.14	6	20.93	20.581	1	30.918	0.188	6	31.378	30.908	1
202207211200	44763.5	20.531	0.011	6	20.538	20.507	1	31.438	0.026	6	31.498	31.428	1
202207211300	44763.54167	20.187	0.149	6	20.512	20.123	1	31.913	0.188	6	31.988	31.498	1
202207211400	44763.58333	20.036	0.02	6	20.073	20.023	1	32.132	0.048	6	32.157	32.037	1
202207211500	44763.625	20.06	0.036	6	20.105	20.023	1	32.082	0.071	6	32.157	31.987	1
202207211600	44763.66667	20.134	0.011	6	20.145	20.119	1	31.957	0.012	6	31.977	31.947	1
202207211700	44763.70833	20.098	0.033	6	20.162	20.062	1	31.977	0.044	6	31.977	31.867	1
202207211800	44763.75	20.227	0.115	6	20.413	20.143	1	31.662	0.154	6	31.817	31.467	1
202207211900	44763.79167	20.313	0.023	6	20.358	20.3	1	31.486	0.084	6	31.566	31.336	1
202207212000	44763.83333	20.478	0.075	6	20.561	20.374	1	31.151	0.114	6	31.346	31.056	1
202207212100	44763.875	21.114	0.187	6	21.284	20.735	1	30.961	0.047	6	31.026	30.896	1
202207212200	44763.91667	20.928	0.081	6	21.103	20.88	1	30.911	0.008	6	30.916	30.896	1
202207212300	44763.95833	20.721	0.103	6	20.816	20.585	1	30.985	0.046	6	31.055	30.955	1
202207220000	44764	20.563	0.04	6	20.573	20.467	1	31.06	0.064	6	31.215	31.055	1
202207220100	44764.04167	20.422	0.024	6	20.447	20.387	1	31.265	0.037	6	31.305	31.215	1
202207220200	44764.08333	20.386	0.015	6	20.412	20.366	1	31.3	0.019	6	31.315	31.265	1
202207220300	44764.125	20.44	0.039	6	20.474	20.365	1	31.2	0.048	6	31.285	31.155	1
202207220400	44764.16667	20.533	0.017	6	20.555	20.502	1	31.084	0.023	6	31.124	31.064	1
202207220500	44764.20833	20.505	0.041	6	20.529	20.43	1	31.064	0.018	6	31.104	31.054	1
202207220600	44764.25	20.271	0.084	6	20.432	20.222	1	31.044	0.067	6	31.094	30.914	1
202207220700	44764.29167	20.317	0.095	6	20.406	20.144	1	31.009	0.032	6	31.074	30.984	1
202207220800	44764.33333	20.667	0.198	6	20.844	20.348	1	30.979	0.027	6	31.034	30.954	1
202207220900	44764.375	21.078	0.109	6	21.183	20.9	1	30.958	0.019	6	30.993	30.943	1
202207221000	44764.41667	21.13	0.005	6	21.133	21.119	1	30.923	0	6	30.923	30.923	1
202207221100	44764.45833	20.936	0.111	6	21.077	20.801	1	30.928	0.025	6	30.963	30.893	1
202207221200	44764.5	20.877	0.145	6	20.933	20.538	1	30.938	0.096	6	31.143	30.863	1
202207221300	44764.54167	20.336	0.019	6	20.343	20.292	1	31.372	0.028	6	31.392	31.312	1
202207221400	44764.58333	20.05	0.059	6	20.158	19.996	1	31.642	0.064	6	31.712	31.532	1
202207221500	44764.625	19.985	0.021	6	20.026	19.966	1	31.727	0.019	6	31.742	31.692	1
202207221600	44764.66667	20.183	0.096	6	20.264	20.042	1	31.532	0.096	6	31.682	31.462	1
202207221700	44764.70833	20.272	0.013	6	20.281	20.25	1	31.452	0.012	6	31.472	31.442	1
202207221800	44764.75	20.32	0.073	6	20.466	20.296	1	31.431	0.098	6	31.481	31.251	1
202207221900	44764.79167	20.429	0.033	6	20.469	20.384	1	31.251	0.029	6	31.311	31.241	1
202207222000	44764.83333	20.597	0.045	6	20.626	20.498	1	31.051	0.059	6	31.181	31.031	1
202207222100	44764.875	20.84	0.146	6	20.956	20.617	1	30.921	0.051	6	31.021	30.901	1
202207222200	44764.91667	20.985	0.065	6	21.025	20.882	1	30.865	0.015	6	30.89	30.85	1
202207222300	44764.95833	20.864	0.027	6	20.873	20.814	1	30.845	0.012	6	30.86	30.83	1
202207230000	44765	20.768	0.027	6	20.777	20.706	1	30.86	0.016	6	30.9	30.86	1
202207230100	44765.04167	20.578	0.026	6	20.636	20.567	1	30.835	0.015	6	30.85	30.81	1
202207230200	44765.08333	20.468	0.051	6	20.517	20.387	1	30.98	0.063	6	31.08	30.91	1
202207230300	44765.125	20.384	0.049	6	20.435	20.303	1	31.054	0.048	6	31.139	31.009	1
202207230400	44765.16667	20.344	0.045	6	20.395	20.279	1	31.074	0.07	6	31.159	30.989	1
202207230500	44765.20833	20.44	0.032	6	20.468	20.391	1	30.949	0.029	6	30.999	30.929	1
202207230600	44765.25	20.456	0.018	6	20.469	20.42	1	30.929	0.006	6	30.939	30.919	1
202207230700	44765.29167	20.458	0.041	6	20.497	20.394	1	30.969	0.018	6	30.989	30.939	1
202207230800	44765.33333	20.495	0.048	6	20.516	20.385	1	30.913	0.033	6	30.968	30.888	1
202207230900	44765.375	20.802	0.136	6	20.942	20.574	1	30.878	0.02	6	30.918	30.868	1
202207231000	44765.41667	20.967	0.052	6	20.987	20.856	1	30.883	0.016	6	30.908	30.868	1
202207231100	44765.45833	21.092	0.034	6	21.11	21.026	1	30.878	0.014	6	30.888	30.858	1
202207231200	44765.5	21.149	0.02	6	21.177	21.132	1	30.847	0.014	6	30.877	30.837	1
202207231300	44765.54167	21.173	0.035	6	21.189	21.1	1	30.867	0.011	6	30.877	30.847	1
202207231400	44765.58333	21.21	0.08	6	21.225	21.017	1	30.877	0.052	6	31.007	30.877	1
202207231500	44765.625	20.544	0.126	6	20.833	20.493	1	31.357	0.114	6	31.407	31.107	1
202207231600	44765.66667	20.437	0.08	6	20.535	20.334	1	31.532	0.079	6	31.597	31.417	1
202207231700	44765.70833	20.663	0.186	6	20.759	20.288	1	31.316	0.151	6	31.616	31.266	1
202207231800	44765.75	20.794	0.021	6	20.812	20.755	1	31.151	0.026	6	31.196	31.136	1
202207231900	44765.79167	20.797	0.012	6	20.816	20.781	1	31.186	0.011	6	31.196	31.166	1
202207232000	44765.83333	21.208	0.132	6	21.304	20.955	1	31.081	0.033	6	31.136	31.046	1
202207232100	44765.875	21.357	0.103	6	21.505	21.268	1	30.981	0.022	6	31.016	30.956	1
202207232200	44765.91667	21.139	0.044	6	21.186	21.078	1	30.935	0.014	6	30.955	30.925	1
202207232300	44765.95833	21.07	0.049	6	21.142	21.029	1	30.9	0.014	6	30.925	30.885	1
202207240000	44766	20.988	0.022	6	21.018	20.956	1	30.895	0.01	6	30.905	30.875	1
202207240100	44766.04167	20.915	0.046	6	20.946	20.84	1	30.895	0.051	6	30.905	30.785	1
202207240200	44766.08333	20.798	0.021	6	20.829	20.774	1	30.779	0.014	6	30.794	30.754	1
202207240300	44766.125	20.628	0.127	6	20.744	20.444	1	30.924	0.182	6	31.224	30.804	1
202207240400	44766.16667	20.388	0.084	6	20.439	20.228	1	31.314	0.161	6	31.604	31.174	1
202207240500	44766.20833	20.358	0.035	6	20.415	20.316	1	31.324	0.044	6	31.364	31.244	1
202207240600	44766.25	20.554	0.043	6	20.566	20.456	1	31.049	0.055	6	31.174	31.034	1
202207240700	44766.29167	20.559	0.035	6	20.601	20.502	1	31.038	0.024	6	31.083	31.023	1
202207240800	44766.33333	20.625	0.034	6	20.672	20.59	1	30.993	0.027	6	31.053	30.983	1
202207240900	44766.375	20.782	0.064	6	20.876	20.713	1	30.953	0.034	6	31.003	30.903	1
202207241000	44766.41667	20.971	0.057	6	21.006	20.851	1	30.893	0.044	6	30.983	30.873	1
202207241100	44766.45833	21.057	0.031	6	21.081	20.999	1	30.817	0.044	6	30.902	30.792	1
202207241200	44766.5	21.088	0.047	6	21.169	21.034	1	30.817	0.044	6	30.922	30.812	1
202207241300	44766.54167	21.164	0.029	6	21.187	21.114	1	30.902	0.011	6	30.912	30.892	1
202207241400	44766.58333	21.194	0.034	6	21.265	21.181	1	30.942	0.014	6	30.952	30.912	1
202207241500	44766.625	21.294	0.051	6	21.359	21.227	1	30.952	0	6	30.952	30.952	1
202207241600	44766.66667	21.31	0.353	6	21.368	20.453	1	30.951	0.259	6	31.591	30.951	1
202207241700	44766.70833	20.578	0.291	6	21.211	20.372	1	31.566	0.208	6	31.701	31.111	1
202207241800	44766.75	20.501	0.048	6	20.565	20.428	1	31.586	0.046	6	31.681	31.551	1
202207241900	44766.79167	20.463	0.083	6	20.619	20.401	1	31.531	0.049	6	31.571	31.451	1
202207242000	44766.83333	20.883	0.223	6	21.258	20.693	1	31.326	0.078	6	31.421	31.231	1
202207242100	44766.875	21.539	0.106	6	21.636	21.364	1	31.195	0.024	6	31.23	31.16	1
202207242200	44766.91667	21.433	0.047	6	21.529	21.385	1	31.135	0.049	6	31.21	31.07	1
202207242300	44766.95833	21.054	0.092	6	21.25	21.047	1	30.97	0.068	6	31.06	30.89	1
202207250000	44767	21.005	0.058	6	21.051	20.925	1	30.905	0.127	6	30.92	30.6	1
202207250100	44767.04167	20.914	0.008	6	20.928	20.903	1	30.909	0.021	6	30.959	30.899	1
202207250200	44767.08333	20.777	0.039	6	20.866	20.76	1	31.079	0.048	6	31.099	30.979	1
202207250300	44767.125	20.779	0.008	6	20.793	20.773	1	31.084	0.015	6	31.089	31.059	1
202207250400	44767.16667	20.707	0.08	6	20.795	20.577	1	31.199	0.105	6	31.379	31.079	1
202207250500	44767.20833	20.458	0.075	6	20.562	20.38	1	31.554	0.178	6	31.759	31.339	1
202207250600	44767.25	20.327	0.047	6	20.415	20.298	1	31.783	0.067	6	31.818	31.638	1
202207250700	44767.29167	20.353	0.011	6	20.37	20.338	1	31.733	0.014	6	31.758	31.718	1
202207250800	44767.33333	20.39	0.041	6	20.481	20.374	1	31.653	0.051	6	31.708	31.578	1
202207250900	44767.375	20.622	0.055	6	20.707	20.54	1	31.363	0.081	6	31.538	31.308	1
202207251000	44767.41667	20.851	0.033	6	20.875	20.794	1	31.173	0.045	6	31.238	31.128	1
202207251100	44767.45833	20.883	0.024	6	20.907	20.841	1	31.207	0.024	6	31.237	31.177	1
202207251200	44767.5	20.98	0.017	6	20.99	20.945	1	31.127	0.024	6	31.157	31.087	1
202207251300	44767.54167	20.944	0.033	6	21.004	20.919	1	31.122	0.008	6	31.127	31.107	1
202207251400	44767.58333	20.993	0.044	6	21.02	20.913	1	31.237	0.094	6	31.407	31.197	1
202207251500	44767.625	20.903	0.027	6	20.941	20.87	1	31.376	0.011	6	31.396	31.366	1
202207251600	44767.66667	20.951	0.026	6	20.96	20.89	1	31.371	0.034	6	31.446	31.356	1
202207251700	44767.70833	20.909	0.025	6	20.942	20.883	1	31.466	0.018	6	31.496	31.456	1
202207251800	44767.75	20.89	0.064	6	20.92	20.754	1	31.486	0.072	6	31.656	31.466	1
202207251900	44767.79167	20.617	0.075	6	20.707	20.521	1	31.856	0.065	6	31.886	31.736	1
202207252000	44767.83333	20.493	0.012	6	20.512	20.485	1	31.875	0.013	6	31.875	31.845	1
202207252100	44767.875	20.497	0.018	6	20.516	20.473	1	31.82	0.022	6	31.845	31.785	1
202207252200	44767.91667	20.674	0.032	6	20.702	20.623	1	31.605	0.041	6	31.695	31.585	1
202207252300	44767.95833	20.698	0.068	6	20.829	20.62	1	31.51	0.056	6	31.565	31.405	1
202207260000	44768	20.593	0.038	6	20.625	20.515	1	31.389	0.091	6	31.544	31.314	1
202207260100	44768.04167	20.575	0.067	6	20.638	20.494	1	31.384	0.094	6	31.494	31.294	1
202207260200	44768.08333	20.424	0.059	6	20.487	20.347	1	31.554	0.13	6	31.764	31.474	1
202207260300	44768.125	20.311	0.024	6	20.356	20.292	1	31.769	0.005	6	31.774	31.764	1
202207260400	44768.16667	20.282	0.012	6	20.304	20.273	1	31.759	0.01	6	31.764	31.744	1
202207260500	44768.20833	20.249	0.033	6	20.264	20.181	1	31.868	0.091	6	31.973	31.753	1
202207260600	44768.25	20.167	0.016	6	20.189	20.143	1	31.968	0.027	6	32.023	31.943	1
202207260700	44768.29167	20.167	0.005	6	20.172	20.16	1	31.968	0.005	6	31.973	31.963	1
202207260800	44768.33333	20.176	0.01	6	20.194	20.165	1	31.953	0.012	6	31.973	31.943	1
202207260900	44768.375	20.223	0.032	6	20.268	20.19	1	31.938	0.03	6	31.953	31.883	1
202207261000	44768.41667	20.323	0.035	6	20.387	20.289	1	31.847	0.038	6	31.902	31.812	1
202207261100	44768.45833	20.491	0.057	6	20.567	20.419	1	31.847	0.06	6	31.882	31.712	1
202207261200	44768.5	20.514	0.093	6	20.621	20.378	1	31.712	0.044	6	31.782	31.652	1
202207261300	44768.54167	20.52	0.03	6	20.584	20.506	1	31.482	0.107	6	31.662	31.412	1
202207261400	44768.58333	20.635	0.038	6	20.663	20.556	1	31.176	0.077	6	31.341	31.111	1
202207261500	44768.625	20.609	0.022	6	20.642	20.591	1	31.306	0.075	6	31.381	31.211	1
202207261600	44768.66667	20.536	0.023	6	20.589	20.528	1	31.611	0.082	6	31.651	31.421	1
202207261700	44768.70833	20.531	0.046	6	20.554	20.438	1	31.621	0.091	6	31.831	31.601	1
202207261800	44768.75	20.409	0.019	6	20.439	20.391	1	31.826	0.037	6	31.911	31.811	1
202207261900	44768.79167	20.415	0.01	6	20.419	20.393	1	31.85	0.012	6	31.86	31.83	1
202207262000	44768.83333	20.382	0.01	6	20.404	20.376	1	31.865	0.022	6	31.9	31.84	1
202207262100	44768.875	20.351	0.006	6	20.361	20.343	1	31.77	0.04	6	31.79	31.69	1
202207262200	44768.91667	20.312	0.051	6	20.359	20.242	1	31.7	0.024	6	31.74	31.68	1
202207262300	44768.95833	20.135	0.079	6	20.248	20.049	1	31.675	0.068	6	31.71	31.53	1
202207270000	44769	19.956	0.07	6	20.072	19.912	1	31.424	0.019	6	31.449	31.399	1
202207270100	44769.04167	20.215	0.05	6	20.269	20.139	1	31.269	0.075	6	31.379	31.179	1
202207270200	44769.08333	20.371	0.028	6	20.387	20.319	1	31.069	0.043	6	31.119	31.009	1
202207270300	44769.125	20.307	0.036	6	20.35	20.254	1	31.154	0.088	6	31.329	31.109	1
202207270400	44769.16667	20.158	0.025	6	20.174	20.106	1	31.373	0.015	6	31.398	31.368	1
202207270500	44769.20833	20.104	0.02	6	20.144	20.092	1	31.368	0.048	6	31.468	31.358	1
202207270600	44769.25	19.991	0.063	6	20.046	19.863	1	31.823	0.102	6	31.998	31.688	1
202207270700	44769.29167	19.899	0.028	6	19.918	19.839	1	31.928	0.053	6	32.048	31.908	1
202207270800	44769.33333	19.966	0.202	3	19.99	19.629	4.5	31.788	0.032	3	31.798	31.738	4.5
202207270900	44769.375	20.001	0.029	6	20.033	19.955	1	31.807	0.006	6	31.817	31.797	1
202207271000	44769.41667	20.115	0.042	6	20.169	20.056	1	31.787	0.008	6	31.797	31.777	1
202207271100	44769.45833	20.195	0.045	5	20.287	20.182	4.167	31.757	0.005	5	31.757	31.747	4.167
202207271200	44769.5	20.423	0.117	6	20.603	20.244	1	31.722	0.118	6	31.777	31.457	1
202207271300	44769.54167	20.39	0.035	6	20.438	20.339	1	31.387	0.078	6	31.517	31.327	1
202207271400	44769.58333	20.391	0.025	6	20.406	20.338	1	31.132	0.062	6	31.267	31.087	1
202207271500	44769.625	20.423	0.023	6	20.467	20.413	1	31.087	0.03	6	31.127	31.057	1
202207271600	44769.66667	20.503	0.014	6	20.509	20.478	1	31.177	0.02	6	31.197	31.147	1
202207271700	44769.70833	20.526	0.005	6	20.536	20.521	1	31.277	0.027	6	31.287	31.217	1
202207271800	44769.75	20.5	0.022	6	20.534	20.478	1	31.297	0.078	6	31.457	31.257	1
202207271900	44769.79167	20.435	0.011	6	20.45	20.418	1	31.477	0.05	6	31.527	31.397	1
202207272000	44769.83333	20.36	0.024	6	20.398	20.33	1	31.517	0.033	6	31.567	31.487	1
202207272100	44769.875	20.34	0.014	6	20.363	20.324	1	31.457	0.04	6	31.477	31.377	1
202207272200	44769.91667	20.326	0.018	6	20.352	20.307	1	31.342	0.023	6	31.347	31.297	1
202207272300	44769.95833	20.221	0.086	6	20.313	20.132	1	31.297	0.006	6	31.307	31.287	1
202207280000	44770	20.038	0.049	6	20.14	20.009	1	31.342	0.037	6	31.387	31.297	1
202207280100	44770.04167	19.966	0.02	6	19.987	19.929	1	31.247	0.033	6	31.287	31.197	1
202207280200	44770.08333	20.029	0.025	6	20.051	19.989	1	31.162	0.012	6	31.177	31.147	1
202207280300	44770.125	20.058	0.009	6	20.073	20.049	1	31.137	0.005	6	31.147	31.137	1
202207280400	44770.16667	20.072	0.014	6	20.082	20.046	1	31.157	0.005	6	31.167	31.157	1
202207280500	44770.20833	20.045	0.011	6	20.065	20.033	1	31.142	0.013	6	31.167	31.137	1
202207280600	44770.25	20.046	0.034	6	20.081	19.998	1	31.227	0.136	6	31.427	31.137	1
202207280700	44770.29167	20.046	0.039	6	20.079	19.975	1	31.497	0.145	6	31.707	31.297	1
202207280800	44770.33333	19.986	0.037	6	20.06	19.969	1	31.647	0.055	6	31.677	31.537	1
202207280900	44770.375	20.055	0.009	6	20.072	20.048	1	31.547	0.045	6	31.597	31.497	1
202207281000	44770.41667	20.164	0.048	6	20.238	20.102	1	31.552	0.028	6	31.577	31.497	1
202207281100	44770.45833	20.353	0.035	6	20.376	20.285	1	31.577	0.005	6	31.587	31.577	1
202207281200	44770.5	20.393	0.032	6	20.43	20.339	1	31.542	0.053	6	31.577	31.427	1
202207281300	44770.54167	20.235	0.049	6	20.307	20.189	1	31.382	0.047	6	31.437	31.307	1
202207281400	44770.58333	20.252	0.037	6	20.308	20.194	1	31.287	0.031	6	31.307	31.227	1
202207281500	44770.625	20.175	0.033	6	20.254	20.168	1	31.227	0.023	6	31.277	31.217	1
202207281600	44770.66667	20.221	0.03	6	20.262	20.182	1	31.187	0.025	6	31.227	31.157	1
202207281700	44770.70833	20.266	0.011	6	20.277	20.252	1	31.137	0.008	6	31.157	31.137	1
202207281800	44770.75	20.219	0.023	6	20.249	20.178	1	31.092	0.015	6	31.127	31.087	1
202207281900	44770.79167	20.219	0.008	6	20.224	20.204	1	31.102	0.054	6	31.217	31.087	1
202207282000	44770.83333	20.18	0.022	6	20.215	20.166	1	31.187	0.048	6	31.287	31.167	1
202207282100	44770.875	20.114	0.044	6	20.203	20.085	1	31.192	0.043	6	31.287	31.177	1
202207282200	44770.91667	20.088	0.013	6	20.095	20.061	1	31.147	0.024	6	31.187	31.127	1
202207282300	44770.95833	20.028	0.049	6	20.064	19.923	1	31.127	0.008	6	31.127	31.107	1
202207290000	44771	19.807	0.086	6	19.917	19.682	1	31.117	0.005	6	31.127	31.117	1
202207290100	44771.04167	19.662	0.069	6	19.702	19.512	1	31.127	0.013	6	31.127	31.097	1
202207290200	44771.08333	19.531	0.049	6	19.568	19.433	1	31.102	0.039	6	31.197	31.097	1
202207290300	44771.125	19.665	0.049	6	19.739	19.586	1	31.342	0.061	6	31.397	31.227	1
202207290400	44771.16667	19.749	0.01	6	19.756	19.73	1	31.272	0.03	6	31.317	31.227	1
202207290500	44771.20833	19.744	0.038	6	19.795	19.698	1	31.167	0.005	6	31.177	31.167	1
202207290600	44771.25	19.762	0.038	6	19.809	19.711	1	31.092	0.029	6	31.157	31.077	1
202207290700	44771.29167	19.751	0.032	6	19.78	19.703	1	31.097	0.019	6	31.137	31.087	1
202207290800	44771.33333	19.734	0.012	6	19.748	19.713	1	31.487	0.094	6	31.537	31.297	1
202207290900	44771.375	19.761	0.02	6	19.784	19.739	1	31.467	0.049	6	31.517	31.397	1
202207291000	44771.41667	19.84	0.037	6	19.895	19.797	1	31.417	0.028	6	31.457	31.377	1
202207291100	44771.45833	20.006	0.066	6	20.096	19.92	1	31.377	0.008	6	31.387	31.367	1
202207291200	44771.5	20.295	0.121	6	20.463	20.146	1	31.421	0.032	6	31.456	31.376	1
202207291300	44771.54167	20.532	0.124	6	20.778	20.468	1	31.406	0.013	6	31.426	31.386	1
202207291400	44771.58333	20.387	0.086	6	20.528	20.282	1	31.326	0.01	6	31.336	31.306	1
202207291500	44771.625	20.221	0.057	6	20.309	20.145	1	31.286	0.023	6	31.316	31.246	1
202207291600	44771.66667	20.003	0.034	6	20.033	19.944	1	31.426	0.031	6	31.476	31.396	1
202207291700	44771.70833	20.082	0.046	6	20.151	20.048	1	31.336	0.022	6	31.386	31.326	1
202207291800	44771.75	20.21	0.026	6	20.216	20.159	1	31.221	0.043	6	31.296	31.196	1
202207291900	44771.79167	20.22	0.041	6	20.228	20.128	1	31.216	0.018	6	31.226	31.176	1
202207292000	44771.83333	20.167	0.015	6	20.179	20.138	1	31.196	0.049	6	31.256	31.126	1
202207292100	44771.875	20.171	0.018	6	20.202	20.157	1	31.291	0.034	6	31.326	31.236	1
202207292200	44771.91667	20.139	0.009	6	20.155	20.132	1	31.291	0.005	6	31.296	31.286	1
202207292300	44771.95833	20.092	0.032	6	20.127	20.039	1	31.256	0.004	6	31.266	31.256	1
202207300000	44772	20.018	0.032	6	20.027	19.951	1	31.251	0.034	6	31.266	31.186	1
202207300100	44772.04167	19.961	0.021	6	19.983	19.924	1	31.281	0.047	6	31.326	31.186	1
202207300200	44772.08333	19.919	0.02	6	19.947	19.897	1	31.296	0.035	6	31.326	31.226	1
202207300300	44772.125	19.815	0.079	6	19.89	19.703	1	31.271	0.113	6	31.476	31.196	1
202207300400	44772.16667	19.685	0.011	6	19.708	19.68	1	31.511	0.031	6	31.536	31.456	1
202207300500	44772.20833	19.757	0.022	6	19.793	19.725	1	31.396	0.035	6	31.436	31.346	1
202207300600	44772.25	19.821	0.019	6	19.839	19.784	1	31.201	0.052	6	31.316	31.176	1
202207300700	44772.29167	19.854	0.011	6	19.859	19.834	1	31.166	0.008	6	31.176	31.156	1
202207300800	44772.33333	19.866	0.006	6	19.877	19.86	1	31.276	0.102	6	31.406	31.166	1
202207300900	44772.375	19.874	0.02	6	19.899	19.855	1	31.491	0.027	6	31.516	31.436	1
202207301000	44772.41667	19.932	0.035	6	19.968	19.884	1	31.556	0.016	6	31.556	31.516	1
202207301100	44772.45833	20.107	0.063	6	20.168	20	1	31.501	0.036	6	31.536	31.446	1
202207301200	44772.5	20.399	0.043	6	20.476	20.362	1	31.476	0.018	6	31.486	31.436	1
202207301300	44772.54167	20.374	0.014	6	20.403	20.364	1	31.396	0.015	6	31.406	31.366	1
202207301400	44772.58333	20.632	0.218	6	20.982	20.473	1	31.406	0.019	6	31.436	31.396	1
202207301500	44772.625	20.848	0.183	6	21.045	20.609	1	31.416	0.04	6	31.426	31.326	1
202207301600	44772.66667	20.13	0.126	6	20.398	20.049	1	31.571	0.1	6	31.636	31.376	1
202207301700	44772.70833	20.096	0.026	6	20.144	20.079	1	31.571	0.053	6	31.606	31.466	1
202207301800	44772.75	20.134	0.019	6	20.155	20.107	1	31.431	0.044	6	31.476	31.376	1
202207301900	44772.79167	20.162	0.007	6	20.171	20.149	1	31.276	0.084	6	31.376	31.176	1
202207302000	44772.83333	20.155	0.008	6	20.166	20.147	1	31.121	0.016	6	31.156	31.116	1
202207302100	44772.875	20.136	0.003	6	20.137	20.129	1	31.176	0.017	6	31.196	31.156	1
202207302200	44772.91667	20.163	0.011	6	20.172	20.144	1	31.281	0.049	6	31.346	31.196	1
202207302300	44772.95833	20.137	0.007	6	20.143	20.125	1	31.291	0.045	6	31.356	31.246	1
202207310000	44773	20.103	0.025	6	20.118	20.051	1	31.226	0.006	6	31.236	31.216	1
202207310100	44773.04167	20.013	0.004	6	20.02	20.007	1	31.236	0.005	6	31.246	31.236	1
202207310200	44773.08333	20.049	0.021	6	20.066	20.016	1	31.326	0.064	6	31.356	31.196	1
202207310300	44773.125	20.036	0.026	6	20.069	19.997	1	31.286	0.018	6	31.316	31.266	1
202207310400	44773.16667	19.979	0.021	6	20.02	19.964	1	31.436	0.069	6	31.486	31.316	1
202207310500	44773.20833	20.001	0.01	6	20.019	19.995	1	31.386	0.06	6	31.426	31.266	1
202207310600	44773.25	20.019	0.004	6	20.027	20.016	1	31.216	0.031	6	31.256	31.176	1
202207310700	44773.29167	20.039	0.007	6	20.044	20.027	1	31.171	0.043	6	31.266	31.146	1
202207310800	44773.33333	20.031	0.018	6	20.046	20.006	1	31.241	0.128	6	31.416	31.146	1
202207310900	44773.375	20.008	0.022	6	20.03	19.965	1	31.436	0.128	6	31.656	31.266	1
202207311000	44773.41667	19.968	0.011	6	19.983	19.951	1	31.926	0.158	6	32.106	31.676	1
202207311100	44773.45833	19.991	0.015	6	20.014	19.976	1	32.066	0.05	6	32.106	31.986	1
202207311200	44773.5	20.059	0.025	6	20.088	20.023	1	31.786	0.058	6	31.906	31.756	1
202207311300	44773.54167	20.108	0.016	6	20.127	20.08	1	31.486	0.095	6	31.686	31.456	1
202207311400	44773.58333	20.173	0.06	6	20.295	20.131	1	31.411	0.065	6	31.456	31.276	1
202207311500	44773.625	20.299	0.019	6	20.316	20.264	1	31.306	0.019	6	31.336	31.276	1
202207311600	44773.66667	20.184	0.068	6	20.319	20.158	1	31.231	0.051	6	31.306	31.186	1
202207311700	44773.70833	20.153	0.003	6	20.159	20.151	1	31.201	0.025	6	31.226	31.166	1
202207311800	44773.75	20.164	0.009	6	20.166	20.142	1	31.246	0.008	6	31.256	31.236	1
202207311900	44773.79167	20.147	0.005	6	20.15	20.137	1	31.256	0.004	6	31.256	31.246	1
202207312000	44773.83333	20.131	0.005	6	20.14	20.127	1	31.246	0.005	6	31.246	31.236	1
202207312100	44773.875	20.129	0.011	6	20.138	20.111	1	31.291	0.134	6	31.496	31.176	1
202207312200	44773.91667	20.099	0.026	6	20.139	20.062	1	31.856	0.126	6	32.006	31.646	1
202207312300	44773.95833	20.063	0.017	6	20.083	20.045	1	31.911	0.12	6	32.036	31.776	1
202208010000	44774	20.109	0.009	6	20.116	20.092	1	31.631	0.066	6	31.756	31.576	1
202208010100	44774.04167	20.076	0.033	6	20.107	20.036	1	31.606	0.045	6	31.686	31.566	1
202208010200	44774.08333	20.032	0.014	6	20.056	20.024	1	31.626	0.051	6	31.666	31.536	1
202208010300	44774.125	19.976	0.016	6	20.005	19.958	1	31.421	0.045	6	31.476	31.346	1
202208010400	44774.16667	19.977	0.026	6	20.004	19.943	1	31.331	0.068	6	31.486	31.306	1
202208010500	44774.20833	19.959	0.006	6	19.967	19.952	1	31.491	0.014	6	31.506	31.466	1
202208010600	44774.25	20.008	0.02	6	20.022	19.975	1	31.376	0.052	6	31.456	31.336	1
202208010700	44774.29167	20.038	0.013	6	20.051	20.017	1	31.286	0.039	6	31.356	31.266	1
202208010800	44774.33333	20.06	0.017	6	20.07	20.023	1	31.276	0.07	6	31.446	31.266	1
202208010900	44774.375	20.018	0.016	6	20.04	19.996	1	31.516	0.101	6	31.736	31.506	1
202208011000	44774.41667	19.995	0.034	6	20.057	19.956	1	31.771	0.058	6	31.826	31.676	1
202208011100	44774.45833	20.048	0.038	6	20.105	19.999	1	31.796	0.028	6	31.816	31.736	1
202208011200	44774.5	20.161	0.08	6	20.318	20.093	1	31.721	0.042	6	31.806	31.696	1
202208011300	44774.54167	20.438	0.091	6	20.545	20.298	1	31.661	0.024	6	31.676	31.616	1
202208011400	44774.58333	20.738	0.075	6	20.851	20.637	1	31.696	0.025	6	31.736	31.666	1
202208011500	44774.625	20.888	0.027	6	20.919	20.845	1	31.656	0.051	6	31.676	31.556	1
202208011600	44774.66667	21.11	0.141	6	21.279	20.909	1	31.501	0.031	6	31.556	31.476	1
202208011700	44774.70833	20.579	0.151	6	20.846	20.464	1	31.606	0.074	6	31.676	31.496	1
202208011800	44774.75	20.459	0.009	6	20.462	20.443	1	31.586	0.023	6	31.636	31.576	1
202208011900	44774.79167	20.419	0.021	6	20.454	20.394	1	31.426	0.129	6	31.586	31.266	1
202208012000	44774.83333	20.409	0.02	6	20.428	20.372	1	31.251	0.015	6	31.276	31.236	1
202208012100	44774.875	20.386	0.006	6	20.393	20.38	1	31.236	0.067	6	31.396	31.226	1
202208012200	44774.91667	20.342	0.011	6	20.364	20.332	1	31.346	0.018	6	31.356	31.306	1
202208012300	44774.95833	20.334	0.014	6	20.343	20.308	1	31.416	0.019	6	31.426	31.376	1
202208020000	44775	20.289	0.024	6	20.314	20.245	1	31.401	0.032	6	31.436	31.356	1
202208020100	44775.04167	20.207	0.041	6	20.241	20.14	1	31.311	0.013	6	31.336	31.306	1
202208020200	44775.08333	20.108	0.027	6	20.123	20.053	1	31.306	0.008	6	31.306	31.286	1
202208020300	44775.125	19.991	0.034	6	20.033	19.956	1	31.291	0.023	6	31.316	31.256	1
202208020400	44775.16667	19.901	0.085	6	20.026	19.833	1	31.376	0.044	6	31.416	31.306	1
202208020500	44775.20833	20.082	0.101	6	20.129	19.883	1	31.591	0.103	6	31.656	31.426	1
202208020600	44775.25	20.128	0.004	6	20.133	20.123	1	31.556	0.015	6	31.586	31.546	1
202208020700	44775.29167	20.107	0.006	6	20.117	20.098	1	31.486	0.042	6	31.536	31.416	1
202208020800	44775.33333	20.121	0.021	6	20.15	20.096	1	31.351	0.024	6	31.406	31.346	1
202208020900	44775.375	20.177	0.015	6	20.208	20.167	1	31.351	0.023	6	31.366	31.316	1
202208021000	44775.41667	20.217	0.004	6	20.222	20.211	1	31.391	0.018	6	31.406	31.356	1
202208021100	44775.45833	20.226	0.07	6	20.248	20.058	1	31.396	0.098	6	31.636	31.386	1
202208021200	44775.5	20.05	0.023	6	20.074	20.019	1	31.736	0.014	6	31.746	31.706	1
202208021300	44775.54167	20.112	0.115	6	20.324	20.064	1	31.696	0.079	6	31.726	31.536	1
202208021400	44775.58333	20.432	0.027	6	20.489	20.411	1	31.471	0.016	6	31.496	31.456	1
202208021500	44775.625	20.566	0.095	6	20.708	20.45	1	31.521	0.01	6	31.536	31.506	1
202208021600	44775.66667	20.821	0.072	6	20.961	20.768	1	31.536	0.006	6	31.546	31.526	1
202208021700	44775.70833	20.602	0.163	6	20.916	20.498	1	31.391	0.09	6	31.526	31.316	1
202208021800	44775.75	20.462	0.015	6	20.476	20.44	1	31.316	0.023	6	31.356	31.296	1
202208021900	44775.79167	20.453	0.005	6	20.466	20.452	1	31.346	0.011	6	31.366	31.336	1
202208022000	44775.83333	20.455	0.014	6	20.472	20.436	1	31.366	0	6	31.366	31.366	1
202208022100	44775.875	20.414	0.038	6	20.46	20.366	1	31.356	0.016	6	31.376	31.336	1
202208022200	44775.91667	20.35	0.01	6	20.358	20.336	1	31.341	0.005	6	31.346	31.336	1
202208022300	44775.95833	20.321	0.01	6	20.332	20.307	1	31.411	0.083	6	31.506	31.336	1
202208030000	44776	20.295	0.023	6	20.322	20.267	1	31.671	0.188	6	31.886	31.446	1
202208030100	44776.04167	20.273	0.015	6	20.285	20.248	1	31.731	0.016	6	31.756	31.716	1
202208030200	44776.08333	20.259	0.015	6	20.28	20.235	1	31.556	0.091	6	31.716	31.486	1
202208030300	44776.125	20.324	0.019	6	20.333	20.285	1	31.446	0.008	6	31.456	31.436	1
202208030400	44776.16667	20.235	0.008	6	20.246	20.225	1	31.456	0	6	31.456	31.456	1
202208030500	44776.20833	20.257	0.024	6	20.295	20.23	1	31.381	0.037	6	31.436	31.336	1
202208030600	44776.25	20.317	0.009	6	20.322	20.301	1	31.316	0.038	6	31.386	31.286	1
202208030700	44776.29167	20.328	0.016	6	20.353	20.31	1	31.366	0.017	6	31.396	31.346	1
202208030800	44776.33333	20.371	0.006	6	20.378	20.365	1	31.406	0.005	6	31.416	31.406	1
202208030900	44776.375	20.385	0.011	6	20.395	20.363	1	31.436	0.033	6	31.506	31.416	1
202208031000	44776.41667	20.327	0.029	6	20.39	20.307	1	31.711	0.111	6	31.766	31.466	1
202208031100	44776.45833	20.373	0.05	6	20.412	20.289	1	31.661	0.134	6	31.906	31.606	1
202208031200	44776.5	20.271	0.017	6	20.306	20.261	1	32.016	0.036	6	32.056	31.966	1
202208031300	44776.54167	20.334	0.018	6	20.348	20.299	1	31.996	0.022	6	32.026	31.966	1
202208031400	44776.58333	20.461	0.055	6	20.523	20.383	1	31.836	0.071	6	31.906	31.716	1
202208031500	44776.625	20.66	0.023	6	20.687	20.623	1	31.706	0.012	6	31.726	31.696	1
202208031600	44776.66667	20.848	0.119	6	20.986	20.69	1	31.606	0.041	6	31.656	31.556	1
202208031700	44776.70833	21.033	0.078	6	21.142	20.909	1	31.546	0.024	6	31.576	31.506	1
202208031800	44776.75	20.659	0.127	6	20.899	20.64	1	31.456	0.055	6	31.556	31.416	1
202208031900	44776.79167	20.552	0.035	6	20.624	20.537	1	31.421	0.034	6	31.446	31.356	1
202208032000	44776.83333	20.551	0.015	6	20.558	20.517	1	31.476	0.016	6	31.476	31.436	1
202208032100	44776.875	20.52	0.021	6	20.555	20.503	1	31.551	0.037	6	31.576	31.476	1
202208032200	44776.91667	20.463	0.02	6	20.502	20.454	1	31.576	0.024	6	31.596	31.536	1
202208032300	44776.95833	20.428	0.006	6	20.442	20.425	1	31.691	0.012	6	31.706	31.676	1
202208040000	44777	20.43	0.021	6	20.449	20.402	1	31.911	0.116	6	31.946	31.686	1
202208040100	44777.04167	20.403	0.006	6	20.416	20.398	1	31.886	0.037	6	31.926	31.836	1
202208040200	44777.08333	20.412	0.014	6	20.416	20.382	1	31.791	0.015	6	31.816	31.776	1
202208040300	44777.125	20.354	0.014	6	20.364	20.324	1	31.726	0.023	6	31.776	31.716	1
202208040400	44777.16667	20.347	0.006	6	20.356	20.341	1	31.596	0.063	6	31.696	31.546	1
202208040500	44777.20833	20.341	0.037	6	20.404	20.304	1	31.501	0.021	6	31.536	31.486	1
202208040600	44777.25	20.507	0.061	6	20.561	20.438	1	31.496	0.013	6	31.516	31.486	1
202208040700	44777.29167	20.554	0.024	6	20.588	20.525	1	31.491	0.012	6	31.506	31.476	1
202208040800	44777.33333	20.577	0.01	6	20.59	20.563	1	31.506	0.017	6	31.536	31.486	1
202208040900	44777.375	20.618	0.013	6	20.64	20.604	1	31.536	0.004	6	31.536	31.526	1
202208041000	44777.41667	20.596	0.084	6	20.68	20.494	1	31.636	0.162	6	31.876	31.526	1
202208041100	44777.45833	20.504	0.029	6	20.567	20.487	1	31.976	0.034	6	32.016	31.916	1
202208041200	44777.5	20.602	0.496	6	21.686	20.554	1	31.936	0.026	6	31.976	31.916	1
202208041300	44777.54167	20.601	0.019	6	20.607	20.559	1	31.991	0.022	6	32.026	31.966	1
202208041400	44777.58333	20.705	0.058	6	20.747	20.595	1	31.996	0.013	6	32.016	31.976	1
202208041500	44777.625	20.867	0.037	6	20.91	20.813	1	31.95	0.014	6	31.975	31.935	1
202208041600	44777.66667	20.915	0.02	6	20.947	20.894	1	31.95	0.01	6	31.955	31.935	1
202208041700	44777.70833	20.99	0.027	6	21.031	20.961	1	31.935	0.014	6	31.955	31.925	1
202208041800	44777.75	21.17	0.169	6	21.512	21.064	1	31.765	0.093	6	31.845	31.605	1
202208041900	44777.79167	21.197	0.027	6	21.227	21.159	1	31.57	0.036	6	31.645	31.545	1
202208042000	44777.83333	20.973	0.019	6	21.015	20.959	1	31.575	0.008	6	31.575	31.555	1
202208042100	44777.875	20.928	0.028	6	20.981	20.901	1	31.545	0.028	6	31.615	31.545	1
202208042200	44777.91667	20.873	0.028	6	20.918	20.841	1	31.615	0.008	6	31.625	31.605	1
202208042300	44777.95833	20.811	0.034	6	20.828	20.755	1	31.585	0.035	6	31.665	31.575	1
202208050000	44778	20.76	0.011	6	20.762	20.737	1	31.65	0.016	6	31.675	31.635	1
202208050100	44778.04167	20.727	0.013	6	20.748	20.715	1	31.775	0.03	6	31.775	31.705	1
202208050200	44778.08333	20.708	0.005	6	20.715	20.701	1	31.745	0.025	6	31.775	31.705	1
202208050300	44778.125	20.693	0.014	6	20.711	20.674	1	31.69	0.005	6	31.695	31.685	1
202208050400	44778.16667	20.569	0.047	6	20.655	20.538	1	31.685	0.016	6	31.705	31.665	1
202208050500	44778.20833	20.753	0.113	6	20.84	20.578	1	31.64	0.048	6	31.695	31.595	1
202208050600	44778.25	20.709	0.063	6	20.843	20.681	1	31.645	0.024	6	31.675	31.615	1
202208050700	44778.29167	21.131	0.098	6	21.209	20.93	1	31.595	0.005	6	31.605	31.595	1
202208050800	44778.33333	21.09	0.061	6	21.203	21.035	1	31.58	0.008	6	31.585	31.565	1
202208050900	44778.375	20.995	0.016	6	21.013	20.967	1	31.575	0.027	6	31.625	31.565	1
202208051000	44778.41667	20.878	0.021	6	20.921	20.873	1	31.555	0.009	6	31.565	31.545	1
202208051100	44778.45833	20.716	0.112	6	20.878	20.608	1	31.73	0.14	6	31.915	31.575	1
202208051200	44778.5	20.593	0.038	6	20.644	20.55	1	31.96	0.041	6	32.015	31.915	1
202208051300	44778.54167	20.59	0.028	6	20.624	20.563	1	31.995	0.012	6	32.015	31.985	1
202208051400	44778.58333	20.662	0.02	6	20.693	20.64	1	32.005	0.012	6	32.015	31.985	1
202208051500	44778.625	20.748	0.03	6	20.763	20.697	1	31.995	0.004	6	32.005	31.995	1
202208051600	44778.66667	20.823	0.026	6	20.828	20.763	1	31.995	0.018	6	32.005	31.955	1
202208051700	44778.70833	20.876	0.02	6	20.893	20.838	1	31.945	0.051	6	32.005	31.885	1
202208051800	44778.75	20.851	0.036	6	20.907	20.804	1	31.859	0.045	6	31.944	31.814	1
202208051900	44778.79167	21.072	0.165	6	21.305	20.877	1	31.709	0.071	6	31.824	31.664	1
202208052000	44778.83333	21.299	0.029	6	21.328	21.258	1	31.659	0.015	6	31.674	31.634	1
202208052100	44778.875	21.064	0.039	6	21.103	21.003	1	31.624	0.025	6	31.634	31.564	1
202208052200	44778.91667	20.93	0.026	6	20.983	20.907	1	31.609	0.012	6	31.634	31.604	1
202208052300	44778.95833	20.75	0.057	6	20.875	20.727	1	31.579	0.033	6	31.634	31.554	1
202208060000	44779	20.715	0.024	6	20.744	20.676	1	31.629	0.036	6	31.654	31.574	1
202208060100	44779.04167	20.68	0.017	6	20.704	20.66	1	31.649	0.026	6	31.694	31.634	1
202208060200	44779.08333	20.627	0.019	6	20.651	20.598	1	31.724	0.012	6	31.734	31.704	1
202208060300	44779.125	20.61	0.018	6	20.627	20.573	1	31.709	0.03	6	31.734	31.664	1
202208060400	44779.16667	20.57	0.035	6	20.606	20.52	1	31.644	0.006	6	31.654	31.634	1
202208060500	44779.20833	20.404	0.061	6	20.438	20.284	1	31.664	0.036	6	31.704	31.624	1
202208060600	44779.25	20.44	0.085	6	20.499	20.306	1	31.674	0.01	6	31.694	31.664	1
202208060700	44779.29167	20.485	0.197	6	20.814	20.33	1	31.649	0.02	6	31.684	31.644	1
202208060800	44779.33333	21.025	0.126	6	21.133	20.838	1	31.694	0.024	6	31.724	31.664	1
202208060900	44779.375	21.08	0.043	6	21.124	21.004	1	31.684	0.023	6	31.704	31.644	1
202208061000	44779.41667	20.972	0.048	6	20.99	20.863	1	31.629	0.022	6	31.644	31.584	1
202208061100	44779.45833	20.913	0.022	6	20.929	20.871	1	31.554	0.008	6	31.564	31.544	1
202208061200	44779.5	20.881	0.091	6	20.955	20.744	1	31.599	0.071	6	31.694	31.544	1
202208061300	44779.54167	20.55	0.096	6	20.71	20.46	1	31.879	0.087	6	31.964	31.724	1
202208061400	44779.58333	20.657	0.038	6	20.721	20.61	1	31.829	0.016	6	31.854	31.814	1
202208061500	44779.625	20.674	0.039	6	20.738	20.637	1	31.859	0.021	6	31.874	31.814	1
202208061600	44779.66667	20.861	0.049	6	20.929	20.807	1	31.839	0.005	6	31.844	31.834	1
202208061700	44779.70833	20.931	0.053	6	21.049	20.901	1	31.784	0.029	6	31.834	31.774	1
202208061800	44779.75	21.051	0.048	6	21.117	20.994	1	31.739	0.018	6	31.774	31.724	1
202208061900	44779.79167	21.128	0.158	6	21.36	20.978	1	31.744	0.009	6	31.754	31.734	1
202208062000	44779.83333	21.211	0.093	6	21.301	21.097	1	31.709	0.014	6	31.734	31.694	1
202208062100	44779.875	21.302	0.055	6	21.336	21.183	1	31.773	0.021	6	31.793	31.733	1
202208062200	44779.91667	21.233	0.017	6	21.257	21.214	1	31.738	0.012	6	31.763	31.733	1
202208062300	44779.95833	21.136	0.086	6	21.223	21.008	1	31.718	0.092	6	31.743	31.543	1
202208070000	44780	20.955	0.022	6	20.989	20.926	1	31.513	0.015	6	31.543	31.503	1
202208070100	44780.04167	20.923	0.059	6	20.955	20.806	1	31.523	0.033	6	31.593	31.513	1
202208070200	44780.08333	20.736	0.022	6	20.778	20.718	1	31.643	0.018	6	31.653	31.603	1
202208070300	44780.125	20.728	0.008	6	20.743	20.719	1	31.628	0.016	6	31.643	31.603	1
202208070400	44780.16667	20.795	0.008	6	20.802	20.778	1	31.563	0.016	6	31.583	31.543	1
202208070500	44780.20833	20.734	0.027	6	20.782	20.708	1	31.543	0.008	6	31.553	31.533	1
202208070600	44780.25	20.653	0.047	6	20.723	20.598	1	31.548	0.043	6	31.633	31.513	1
202208070700	44780.29167	20.678	0.058	6	20.795	20.63	1	31.613	0.017	6	31.643	31.593	1
202208070800	44780.33333	20.945	0.068	6	21.002	20.822	1	31.588	0.019	6	31.613	31.563	1
202208070900	44780.375	21.093	0.063	6	21.14	20.983	1	31.658	0.023	6	31.683	31.633	1
202208071000	44780.41667	21.117	0.006	6	21.122	21.106	1	31.613	0.015	6	31.643	31.603	1
202208071100	44780.45833	21.141	0.009	6	21.149	21.126	1	31.573	0.012	6	31.583	31.553	1
202208071200	44780.5	21.206	0.021	6	21.219	21.166	1	31.548	0.01	6	31.563	31.533	1
202208071300	44780.54167	21.284	0.04	6	21.329	21.227	1	31.533	0.012	6	31.543	31.513	1
202208071400	44780.58333	20.86	0.113	6	21.112	20.821	1	31.813	0.101	6	31.893	31.613	1
202208071500	44780.625	20.881	0.023	6	20.905	20.843	1	31.853	0.015	6	31.873	31.843	1
202208071600	44780.66667	20.867	0.015	6	20.889	20.844	1	31.863	0.013	6	31.883	31.843	1
202208071700	44780.70833	20.936	0.039	6	20.994	20.91	1	31.833	0.017	6	31.853	31.803	1
202208071800	44780.75	21.022	0.016	6	21.046	20.999	1	31.833	0.01	6	31.843	31.813	1
202208071900	44780.79167	21.131	0.055	6	21.205	21.064	1	31.753	0.023	6	31.793	31.733	1
202208072000	44780.83333	21.269	0.082	6	21.41	21.191	1	31.733	0.012	6	31.733	31.703	1
202208072100	44780.875	21.286	0.1	6	21.432	21.193	1	31.663	0.034	6	31.713	31.623	1
202208072200	44780.91667	21.208	0.018	6	21.218	21.18	1	31.623	0.01	6	31.643	31.613	1
202208072300	44780.95833	21.117	0.015	6	21.141	21.101	1	31.603	0.004	6	31.613	31.603	1
202208080000	44781	21.057	0.024	6	21.11	21.045	1	31.607	0.008	6	31.622	31.602	1
202208080100	44781.04167	20.989	0.039	6	21.027	20.94	1	31.592	0.031	6	31.612	31.542	1
202208080200	44781.08333	20.923	0.026	6	20.947	20.881	1	31.547	0.028	6	31.602	31.542	1
202208080300	44781.125	20.87	0.009	6	20.886	20.861	1	31.607	0.016	6	31.632	31.592	1
202208080400	44781.16667	20.833	0.024	6	20.873	20.813	1	31.657	0.012	6	31.662	31.632	1
202208080500	44781.20833	20.814	0.013	6	20.842	20.807	1	31.642	0.014	6	31.662	31.622	1
202208080600	44781.25	20.791	0.018	6	20.829	20.782	1	31.617	0.008	6	31.622	31.602	1
202208080700	44781.29167	20.863	0.07	6	20.941	20.792	1	31.637	0.019	6	31.652	31.602	1
202208080800	44781.33333	20.982	0.017	6	20.998	20.954	1	31.652	0.004	6	31.652	31.642	1
202208080900	44781.375	21.032	0.027	6	21.065	20.999	1	31.637	0.008	6	31.652	31.632	1
202208081000	44781.41667	21.104	0.025	6	21.119	21.056	1	31.637	0.014	6	31.662	31.622	1
202208081100	44781.45833	21.162	0.029	6	21.175	21.094	1	31.667	0.027	6	31.722	31.652	1
202208081200	44781.5	21.187	0.023	6	21.229	21.167	1	31.627	0.027	6	31.662	31.592	1
202208081300	44781.54167	21.218	0.029	6	21.276	21.193	1	31.587	0.017	6	31.622	31.572	1
202208081400	44781.58333	21.296	0.014	6	21.318	21.283	1	31.582	0.009	6	31.592	31.572	1
202208081500	44781.625	21.149	0.078	6	21.302	21.1	1	31.687	0.06	6	31.742	31.592	1
202208081600	44781.66667	21.089	0.018	6	21.115	21.07	1	31.802	0.022	6	31.822	31.762	1
202208081700	44781.70833	21.104	0.01	6	21.115	21.086	1	31.767	0.018	6	31.802	31.752	1
202208081800	44781.75	21.141	0.011	6	21.153	21.121	1	31.717	0.018	6	31.752	31.712	1
202208081900	44781.79167	21.165	0.018	6	21.18	21.14	1	31.752	0.017	6	31.782	31.742	1
202208082000	44781.83333	21.144	0.041	6	21.222	21.131	1	31.717	0.021	6	31.752	31.702	1
202208082100	44781.875	21.249	0.107	6	21.341	21.069	1	31.702	0.014	6	31.732	31.692	1
202208082200	44781.91667	21.297	0.061	6	21.379	21.215	1	31.702	0.005	6	31.702	31.692	1
202208082300	44781.95833	21.22	0.006	6	21.23	21.213	1	31.767	0.049	6	31.822	31.692	1
202208090000	44782	21.174	0.029	6	21.214	21.141	1	31.812	0.035	6	31.832	31.752	1
202208090100	44782.04167	21.123	0.027	6	21.143	21.075	1	31.727	0.027	6	31.762	31.692	1
202208090200	44782.08333	21.051	0.02	6	21.084	21.022	1	31.657	0.01	6	31.672	31.642	1
202208090300	44782.125	21.045	0.025	6	21.08	21.02	1	31.592	0.019	6	31.632	31.582	1
202208090400	44782.16667	20.981	0.008	6	20.999	20.976	1	31.631	0.01	6	31.651	31.621	1
202208090500	44782.20833	20.958	0.017	6	20.974	20.93	1	31.661	0.014	6	31.671	31.641	1
202208090600	44782.25	20.919	0.013	6	20.946	20.915	1	31.676	0.012	6	31.691	31.661	1
202208090700	44782.29167	20.943	0.01	6	20.951	20.924	1	31.661	0.009	6	31.671	31.651	1
202208090800	44782.33333	20.998	0.065	6	21.076	20.926	1	31.666	0.012	6	31.681	31.651	1
202208090900	44782.375	21.154	0.05	6	21.234	21.103	1	31.691	0.004	6	31.701	31.691	1
202208091000	44782.41667	21.299	0.102	6	21.513	21.234	1	31.691	0.012	6	31.721	31.691	1
202208091100	44782.45833	21.373	0.029	6	21.429	21.356	1	31.676	0.012	6	31.691	31.661	1
202208091200	44782.5	21.336	0.021	6	21.376	21.32	1	31.781	0.023	6	31.801	31.741	1
202208091300	44782.54167	21.394	0.046	6	21.454	21.334	1	31.741	0.036	6	31.801	31.691	1
202208091400	44782.58333	21.505	0.035	6	21.53	21.439	1	31.651	0.014	6	31.671	31.631	1
202208091500	44782.625	21.625	0.066	6	21.693	21.553	1	31.671	0.022	6	31.681	31.621	1
202208091600	44782.66667	21.504	0.083	6	21.658	21.463	1	31.596	0.005	6	31.601	31.591	1
202208091700	44782.70833	21.382	0.018	6	21.41	21.366	1	31.691	0.015	6	31.701	31.661	1
202208091800	44782.75	21.357	0.047	6	21.432	21.309	1	31.726	0.021	6	31.741	31.691	1
202208091900	44782.79167	21.318	0.012	6	21.335	21.303	1	31.686	0.021	6	31.721	31.671	1
202208092000	44782.83333	21.279	0.021	6	21.307	21.254	1	31.666	0.01	6	31.681	31.651	1
202208092100	44782.875	21.189	0.036	6	21.265	21.16	1	31.701	0.024	6	31.711	31.651	1
202208092200	44782.91667	21.154	0.104	6	21.382	21.097	1	31.701	0.012	6	31.731	31.701	1
202208092300	44782.95833	21.428	0.064	6	21.53	21.355	1	31.741	0.017	6	31.771	31.721	1
202208100000	44783	21.318	0.067	6	21.445	21.279	1	31.781	0.071	6	31.891	31.721	1
202208100100	44783.04167	21.226	0.017	6	21.259	21.21	1	31.891	0.026	6	31.911	31.851	1
202208100200	44783.08333	21.156	0.033	6	21.192	21.115	1	31.811	0.032	6	31.831	31.741	1
202208100300	44783.125	21.08	0.016	6	21.108	21.07	1	31.716	0.051	6	31.741	31.621	1
202208100400	44783.16667	21.021	0.011	6	21.03	21.001	1	31.616	0.022	6	31.651	31.591	1
202208100500	44783.20833	20.958	0.053	6	21.007	20.877	1	31.666	0.086	6	31.781	31.581	1
202208100600	44783.25	20.878	0.028	6	20.931	20.861	1	31.771	0.023	6	31.791	31.731	1
202208100700	44783.29167	20.926	0.015	6	20.94	20.896	1	31.745	0.015	6	31.76	31.72	1
202208100800	44783.33333	21.015	0.031	6	21.053	20.962	1	31.72	0.013	6	31.74	31.7	1
202208100900	44783.375	21.134	0.202	5	21.514	20.998	4.167	31.75	0.023	5	31.79	31.73	4.167
202208101000	44783.41667	21.339	0.101	6	21.464	21.216	1	31.751	0.008	6	31.751	31.731	1
202208101100	44783.45833	21.629	0.034	5	21.644	21.562	1	31.711	0.016	5	31.741	31.701	1
202208101200	44783.5	21.549	0.058	6	21.647	21.495	1	31.746	0.015	6	31.771	31.731	1
202208101300	44783.54167	21.466	0.032	6	21.514	21.437	1	31.861	0.098	6	31.971	31.731	1
202208101400	44783.58333	21.466	0.025	6	21.508	21.449	1	31.891	0.029	6	31.941	31.861	1
202208101500	44783.625	21.618	0.068	6	21.67	21.484	1	31.811	0.032	6	31.861	31.781	1
202208101600	44783.66667	21.677	0.019	6	21.707	21.652	1	31.796	0.01	6	31.811	31.791	1
202208101700	44783.70833	21.669	0.078	6	21.788	21.595	1	31.711	0.058	6	31.811	31.661	1
202208101800	44783.75	21.55	0.042	6	21.622	21.52	1	31.716	0.043	6	31.731	31.621	1
202208101900	44783.79167	21.518	0.019	6	21.551	21.502	1	31.792	0.008	6	31.792	31.772	1
202208102000	44783.83333	21.478	0.012	6	21.495	21.464	1	31.747	0.026	6	31.792	31.722	1
202208102100	44783.875	21.453	0.021	6	21.469	21.419	1	31.707	0.005	6	31.712	31.702	1
202208102200	44783.91667	21.342	0.041	6	21.407	21.305	1	31.737	0.025	6	31.772	31.712	1
202208102300	44783.95833	21.232	0.046	6	21.311	21.179	1	31.752	0.014	6	31.782	31.742	1
202208110000	44784	21.65	0.126	6	21.722	21.372	1	31.867	0.037	6	31.882	31.782	1
202208110100	44784.04167	21.502	0.119	6	21.649	21.4	1	31.892	0.078	6	32.052	31.852	1
202208110200	44784.08333	21.383	0.025	6	21.439	21.376	1	32.032	0.041	6	32.112	32.012	1
202208110300	44784.125	21.344	0.018	6	21.368	21.321	1	31.932	0.037	6	32.002	31.902	1
202208110400	44784.16667	21.326	0.016	6	21.357	21.308	1	31.628	0.152	6	31.903	31.573	1
202208110500	44784.20833	21.322	0.022	6	21.34	21.284	1	31.688	0.085	6	31.753	31.573	1
202208110600	44784.25	21.107	0.113	6	21.321	21.048	1	31.848	0.069	6	31.893	31.723	1
202208110700	44784.29167	21.012	0.014	6	21.033	20.993	1	31.938	0.025	6	31.973	31.903	1
202208110800	44784.33333	21.023	0.045	6	21.07	20.949	1	31.963	0.054	6	32.063	31.913	1
202208110900	44784.375	21.195	0.063	6	21.279	21.098	1	31.868	0.015	6	31.893	31.853	1
202208111000	44784.41667	21.453	0.094	6	21.587	21.319	1	31.908	0.021	6	31.933	31.883	1
202208111100	44784.45833	21.809	0.156	6	22.046	21.66	1	31.918	0.026	6	31.963	31.883	1
202208111200	44784.5	22.046	0.049	6	22.091	21.968	1	31.868	0.015	6	31.893	31.853	1
202208111300	44784.54167	22.122	0.054	6	22.211	22.074	1	31.868	0.005	6	31.873	31.863	1
202208111400	44784.58333	21.94	0.092	6	22.071	21.845	1	32.049	0.135	6	32.214	31.924	1
202208111500	44784.625	21.885	0.023	6	21.922	21.854	1	32.084	0.024	6	32.134	32.064	1
202208111600	44784.66667	21.923	0.032	6	21.948	21.862	1	32.029	0.05	6	32.064	31.944	1
202208111700	44784.70833	21.836	0.011	6	21.86	21.828	1	31.649	0.032	6	31.714	31.624	1
202208111800	44784.75	21.844	0.014	6	21.865	21.829	1	31.639	0.014	6	31.654	31.624	1
202208111900	44784.79167	21.769	0.024	6	21.803	21.743	1	31.734	0.033	6	31.774	31.694	1
202208112000	44784.83333	21.722	0.017	6	21.759	21.717	1	31.729	0.034	6	31.794	31.704	1
202208112100	44784.875	21.69	0.019	6	21.728	21.679	1	31.804	0.027	6	31.824	31.754	1
202208112200	44784.91667	21.684	0.013	6	21.692	21.664	1	31.744	0.008	6	31.754	31.734	1
202208112300	44784.95833	21.625	0.024	6	21.653	21.583	1	31.77	0.031	6	31.805	31.735	1
202208120000	44785	21.549	0.019	6	21.585	21.541	1	31.73	0.037	6	31.795	31.715	1
202208120100	44785.04167	21.814	0.214	6	21.994	21.515	1	31.91	0.116	6	32.005	31.745	1
202208120200	44785.08333	21.869	0.1	6	22.006	21.783	1	32.02	0.109	6	32.235	31.935	1
202208120300	44785.125	21.77	0.022	6	21.813	21.751	1	32.19	0.035	6	32.235	32.145	1
202208120400	44785.16667	21.721	0.03	6	21.753	21.674	1	32.105	0.045	6	32.125	32.015	1
202208120500	44785.20833	21.637	0.011	6	21.648	21.622	1	31.685	0.051	6	31.775	31.635	1
202208120600	44785.25	21.625	0.028	6	21.641	21.563	1	31.73	0.05	6	31.815	31.685	1
202208120700	44785.29167	21.546	0.042	6	21.608	21.477	1	31.825	0.026	6	31.855	31.775	1
202208120800	44785.33333	21.153	0.075	6	21.267	21.049	1	32.126	0.129	6	32.326	31.966	1
202208120900	44785.375	21.119	0.058	6	21.179	21.037	1	32.316	0.048	6	32.376	32.246	1
202208121000	44785.41667	21.445	0.137	6	21.615	21.23	1	32.001	0.085	6	32.176	31.926	1
202208121100	44785.45833	21.745	0.076	6	21.823	21.636	1	31.966	0.023	6	32.006	31.946	1
202208121200	44785.5	22.048	0.119	6	22.149	21.847	1	31.996	0.022	6	32.036	31.976	1
202208121300	44785.54167	22.383	0.107	6	22.45	22.186	1	32.031	0.034	6	32.046	31.976	1
202208121400	44785.58333	22.519	0.025	6	22.559	22.5	1	32.046	0.021	6	32.056	32.006	1
202208121500	44785.625	22.434	0.078	6	22.51	22.302	1	32.336	0.163	6	32.426	32.066	1
202208121600	44785.66667	22.435	0.02	6	22.441	22.387	1	32.311	0.016	6	32.346	32.306	1
202208121700	44785.70833	22.389	0.02	6	22.431	22.387	1	32.272	0.023	6	32.297	32.247	1
202208121800	44785.75	22.24	0.091	6	22.403	22.201	1	31.807	0.215	6	32.237	31.757	1
202208121900	44785.79167	22.183	0.01	6	22.204	22.178	1	31.812	0.018	6	31.827	31.787	1
202208122000	44785.83333	22.152	0.043	6	22.169	22.073	1	31.827	0.012	6	31.847	31.817	1
202208122100	44785.875	21.945	0.168	6	22.095	21.745	1	31.942	0.104	6	32.057	31.837	1
202208122200	44785.91667	21.737	0.139	6	21.949	21.627	1	32.017	0.075	6	32.067	31.887	1
202208122300	44785.95833	21.939	0.008	6	21.952	21.928	1	31.852	0.023	6	31.877	31.827	1
202208130000	44786	21.89	0.025	6	21.921	21.855	1	31.817	0.019	6	31.827	31.777	1
202208130100	44786.04167	21.859	0.021	6	21.896	21.838	1	31.792	0.018	6	31.817	31.767	1
202208130200	44786.08333	22.088	0.038	6	22.121	22.023	1	32.028	0.036	6	32.048	31.968	1
202208130300	44786.125	22.235	0.115	6	22.345	22.072	1	32.213	0.178	6	32.388	31.988	1
202208130400	44786.16667	22.306	0.034	6	22.338	22.255	1	32.348	0.049	6	32.408	32.278	1
202208130500	44786.20833	22.126	0.075	6	22.239	22.037	1	32.113	0.124	6	32.238	31.948	1
202208130600	44786.25	22.025	0.008	6	22.031	22.01	1	31.813	0.043	6	31.868	31.768	1
202208130700	44786.29167	22.061	0.037	6	22.072	21.972	1	31.963	0.038	6	31.978	31.888	1
202208130800	44786.33333	21.654	0.135	6	21.828	21.419	1	32.043	0.076	6	32.198	31.978	1
202208130900	44786.375	21.297	0.102	6	21.416	21.164	1	32.443	0.14	6	32.608	32.228	1
202208131000	44786.41667	21.255	0.059	6	21.319	21.179	1	32.583	0.039	6	32.618	32.518	1
202208131100	44786.45833	21.594	0.125	6	21.711	21.396	1	32.279	0.085	6	32.419	32.229	1
202208131200	44786.5	22.144	0.181	6	22.177	21.762	1	32.284	0.058	6	32.379	32.209	1
202208131300	44786.54167	22.378	0.087	6	22.469	22.264	1	32.034	0.026	6	32.089	32.029	1
202208131400	44786.58333	22.696	0.126	6	22.941	22.604	1	32.114	0.044	6	32.199	32.079	1
202208131500	44786.625	23.04	0.069	6	23.163	22.994	1	32.214	0.012	6	32.229	32.199	1
202208131600	44786.66667	23.021	0.037	6	23.037	22.937	1	32.489	0.048	6	32.509	32.389	1
202208131700	44786.70833	22.973	0.014	6	22.988	22.953	1	32.429	0.019	6	32.459	32.419	1
202208131800	44786.75	22.876	0.079	6	22.979	22.812	1	32.289	0.141	6	32.429	32.129	1
202208131900	44786.79167	22.766	0.062	6	22.828	22.684	1	32.079	0.071	6	32.159	31.989	1
202208132000	44786.83333	22.53	0.084	6	22.693	22.455	1	31.89	0.077	6	32.02	31.82	1
202208132100	44786.875	22.224	0.051	6	22.334	22.189	1	31.985	0.01	6	31.99	31.97	1
202208132200	44786.91667	21.926	0.087	6	22.009	21.765	1	32.195	0.031	6	32.25	32.17	1
202208132300	44786.95833	22.13	0.23	6	22.347	21.754	1	32.08	0.118	6	32.26	31.96	1
202208140000	44787	22.363	0.02	6	22.381	22.331	1	31.92	0.026	6	31.94	31.87	1
202208140100	44787.04167	22.326	0.023	6	22.334	22.273	1	31.84	0.011	6	31.86	31.83	1
202208140200	44787.08333	22.24	0.022	6	22.279	22.218	1	31.855	0.02	6	31.9	31.85	1
202208140300	44787.125	22.428	0.078	6	22.514	22.323	1	32.125	0.104	6	32.23	31.96	1
202208140400	44787.16667	22.831	0.159	6	22.875	22.472	1	32.465	0.143	6	32.52	32.15	1
202208140500	44787.20833	22.706	0.06	6	22.773	22.593	1	32.326	0.058	6	32.391	32.221	1
202208140600	44787.25	22.502	0.051	6	22.566	22.445	1	32.096	0.12	6	32.171	31.891	1
202208140700	44787.29167	22.468	0.02	6	22.479	22.427	1	31.896	0.053	6	32.001	31.851	1
202208140800	44787.33333	22.333	0.19	6	22.451	22.018	1	32.046	0.043	6	32.121	32.021	1
202208140900	44787.375	21.887	0.224	6	22.09	21.536	1	32.211	0.126	6	32.411	32.111	1
202208141000	44787.41667	21.355	0.049	6	21.436	21.294	1	32.616	0.063	6	32.671	32.511	1
202208141100	44787.45833	21.559	0.085	6	21.615	21.385	1	32.546	0.066	6	32.651	32.471	1
202208141200	44787.5	21.787	0.146	6	22.068	21.671	1	32.456	0.025	6	32.491	32.431	1
202208141300	44787.54167	22.271	0.071	6	22.334	22.157	1	32.431	0.056	6	32.491	32.371	1
202208141400	44787.58333	22.714	0.099	6	22.886	22.581	1	32.307	0.047	6	32.402	32.262	1
202208141500	44787.625	23.141	0.25	6	23.663	22.932	1	32.307	0.06	6	32.352	32.182	1
202208141600	44787.66667	23.379	0.162	6	23.563	23.199	1	32.332	0.023	6	32.362	32.302	1
202208141700	44787.70833	23.528	0.033	6	23.56	23.467	1	32.567	0.025	6	32.592	32.522	1
202208141800	44787.75	23.289	0.086	6	23.47	23.237	1	32.427	0.077	6	32.512	32.312	1
202208141900	44787.79167	23.088	0.113	6	23.221	22.932	1	32.057	0.125	6	32.252	31.912	1
202208142000	44787.83333	22.896	0.014	6	22.915	22.878	1	31.912	0.112	6	31.932	31.642	1
202208142100	44787.875	22.821	0.13	6	22.854	22.538	1	31.862	0.107	6	32.092	31.842	1
202208142200	44787.91667	22.49	0.171	6	22.593	22.139	1	32.112	0.095	6	32.302	32.052	1
202208142300	44787.95833	22.174	0.202	6	22.452	22.011	1	32.328	0.079	6	32.373	32.183	1
202208150000	44788	22.374	0.077	6	22.439	22.223	1	32.128	0.08	6	32.253	32.013	1
202208150100	44788.04167	22.541	0.038	6	22.568	22.468	1	32.018	0.018	6	32.043	31.993	1
202208150200	44788.08333	22.558	0.041	6	22.653	22.536	1	32.003	0.064	6	32.123	31.963	1
202208150300	44788.125	22.789	0.046	6	22.874	22.767	1	32.173	0.027	6	32.233	32.163	1
202208150400	44788.16667	23.004	0.149	6	23.299	22.909	1	32.213	0.106	6	32.453	32.163	1
202208150500	44788.20833	23.421	0.048	6	23.476	23.353	1	32.523	0.043	6	32.553	32.443	1
202208150600	44788.25	23.211	0.054	6	23.3	23.145	1	32.338	0.053	6	32.433	32.293	1
202208150700	44788.29167	22.982	0.028	6	23.037	22.964	1	32.028	0.071	6	32.123	31.943	1
202208150800	44788.33333	22.97	0.22	6	22.978	22.544	1	32.109	0.033	6	32.164	32.074	1
202208150900	44788.375	22.318	0.044	6	22.389	22.282	1	32.254	0.025	6	32.264	32.194	1
202208151000	44788.41667	21.818	0.344	6	22.297	21.43	1	32.524	0.208	6	32.784	32.264	1
202208151100	44788.45833	21.496	0.115	6	21.655	21.306	1	32.794	0.074	6	32.884	32.664	1
202208151200	44788.5	21.617	0.102	6	21.774	21.5	1	32.704	0.069	6	32.804	32.634	1
202208151300	44788.54167	22.163	0.184	6	22.304	21.825	1	32.584	0.027	6	32.614	32.544	1
202208151400	44788.58333	22.604	0.165	6	22.857	22.406	1	32.489	0.015	6	32.514	32.474	1
202208151500	44788.625	22.872	0.113	6	23.092	22.79	1	32.469	0.08	6	32.484	32.294	1
202208151600	44788.66667	23.245	0.112	6	23.359	23.092	1	32.334	0.076	6	32.414	32.224	1
202208151700	44788.70833	23.45	0.13	6	23.559	23.189	1	32.365	0.075	6	32.455	32.255	1
202208151800	44788.75	23.399	0.097	6	23.574	23.319	1	32.305	0.082	6	32.415	32.205	1
202208151900	44788.79167	23.26	0.054	6	23.334	23.19	1	32.24	0.035	6	32.305	32.205	1
202208152000	44788.83333	23.02	0.144	6	23.17	22.833	1	32.14	0.1	6	32.215	31.995	1
202208152100	44788.875	22.804	0.02	6	22.819	22.769	1	31.975	0.018	6	31.985	31.935	1
202208152200	44788.91667	22.528	0.109	6	22.719	22.396	1	32.09	0.08	6	32.205	31.965	1
202208152300	44788.95833	22.413	0.122	6	22.484	22.182	1	32.165	0.107	6	32.385	32.115	1
202208160000	44789	22.182	0.129	6	22.385	22.098	1	32.36	0.085	6	32.425	32.235	1
202208160100	44789.04167	22.484	0.052	6	22.5	22.375	1	32.135	0.051	6	32.215	32.065	1
202208160200	44789.08333	22.475	0.043	6	22.515	22.404	1	32.106	0.025	6	32.166	32.096	1
202208160300	44789.125	22.644	0.073	6	22.697	22.529	1	32.266	0.028	6	32.306	32.236	1
202208160400	44789.16667	22.673	0.049	6	22.761	22.639	1	32.251	0.03	6	32.296	32.216	1
202208160500	44789.20833	23.154	0.258	6	23.476	22.814	1	32.416	0.112	6	32.576	32.306	1
202208160600	44789.25	23.323	0.131	6	23.435	23.139	1	32.461	0.093	6	32.526	32.306	1
202208160700	44789.29167	22.935	0.109	6	23.153	22.859	1	32.241	0.07	6	32.336	32.156	1
202208160800	44789.33333	22.895	0.028	6	22.954	22.881	1	32.121	0.054	6	32.236	32.086	1
202208160900	44789.375	22.766	0.311	6	22.943	22.257	1	32.171	0.078	6	32.306	32.126	1
202208161000	44789.41667	22.124	0.033	6	22.165	22.083	1	32.346	0.008	6	32.366	32.346	1
202208161100	44789.45833	21.558	0.126	6	21.783	21.457	1	32.707	0.099	6	32.807	32.547	1
202208161200	44789.5	21.489	0.026	6	21.512	21.441	1	32.807	0.012	6	32.817	32.787	1
202208161300	44789.54167	21.727	0.099	6	21.868	21.589	1	32.677	0.031	6	32.737	32.647	1
202208161400	44789.58333	22.043	0.044	6	22.055	21.946	1	32.652	0.01	6	32.657	32.637	1
202208161500	44789.625	22.378	0.096	6	22.439	22.19	1	32.552	0.01	6	32.567	32.537	1
202208161600	44789.66667	22.606	0.424	6	23.478	22.482	1	32.502	0.061	6	32.537	32.397	1
202208161700	44789.70833	23.44	0.22	6	23.589	22.995	1	32.422	0.035	6	32.487	32.397	1
202208161800	44789.75	23.64	0.094	6	23.702	23.478	1	32.467	0.046	6	32.517	32.387	1
202208161900	44789.79167	23.571	0.113	6	23.706	23.363	1	32.352	0.049	6	32.427	32.297	1
202208162000	44789.83333	23.249	0.058	6	23.38	23.225	1	32.278	0.038	6	32.368	32.268	1
202208162100	44789.875	23.039	0.067	6	23.181	22.983	1	32.223	0.034	6	32.258	32.158	1
202208162200	44789.91667	22.94	0.138	6	22.969	22.632	1	32.113	0.036	6	32.188	32.088	1
202208162300	44789.95833	22.553	0.057	6	22.663	22.513	1	32.243	0.061	6	32.348	32.168	1
202208170000	44790	22.174	0.123	6	22.344	22.058	1	32.498	0.047	6	32.538	32.438	1
202208170100	44790.04167	22.472	0.073	6	22.596	22.388	1	32.313	0.051	6	32.368	32.228	1
202208170200	44790.08333	22.633	0.014	6	22.65	22.616	1	32.223	0.005	6	32.228	32.218	1
202208170300	44790.125	22.591	0.054	6	22.627	22.47	1	32.223	0.034	6	32.298	32.218	1
202208170400	44790.16667	22.856	0.167	6	23.03	22.643	1	32.303	0.015	6	32.318	32.278	1
202208170500	44790.20833	22.843	0.149	6	23.18	22.768	1	32.299	0.033	6	32.339	32.239	1
202208170600	44790.25	23.544	0.238	6	23.629	23.032	1	32.529	0.131	6	32.599	32.279	1
202208170700	44790.29167	23.445	0.054	6	23.55	23.399	1	32.449	0.046	6	32.509	32.389	1
202208170800	44790.33333	23.124	0.027	6	23.17	23.089	1	32.209	0.087	6	32.329	32.119	1
202208170900	44790.375	23.068	0.077	6	23.1	22.888	1	32.144	0.042	6	32.219	32.109	1
202208171000	44790.41667	22.311	0.179	6	22.606	22.206	1	32.364	0.043	6	32.409	32.309	1
202208171100	44790.45833	22.066	0.136	6	22.25	21.953	1	32.459	0.058	6	32.519	32.389	1
202208171200	44790.5	21.879	0.046	6	21.921	21.8	1	32.534	0.022	6	32.569	32.509	1
202208171300	44790.54167	21.871	0.084	6	21.99	21.784	1	32.519	0.043	6	32.559	32.459	1
202208171400	44790.58333	22.047	0.04	6	22.068	21.965	1	32.415	0.021	6	32.46	32.4	1
202208171500	44790.625	22.167	0.045	6	22.182	22.071	1	32.37	0.017	6	32.4	32.35	1
202208171600	44790.66667	22.596	0.106	6	22.668	22.363	1	32.335	0.015	6	32.36	32.32	1
202208171700	44790.70833	22.537	0.105	6	22.662	22.384	1	32.29	0.046	6	32.32	32.22	1
202208171800	44790.75	22.604	0.137	6	22.823	22.4	1	32.16	0.063	6	32.28	32.09	1
202208171900	44790.79167	23.052	0.178	6	23.171	22.689	1	32.405	0.054	6	32.46	32.33	1
202208172000	44790.83333	22.983	0.106	6	23.052	22.761	1	32.32	0.04	6	32.36	32.25	1
202208172100	44790.875	22.979	0.032	6	23.007	22.918	1	32.315	0.02	6	32.32	32.28	1
202208172200	44790.91667	22.786	0.046	6	22.877	22.767	1	32.08	0.069	6	32.23	32.06	1
202208172300	44790.95833	22.737	0.034	6	22.793	22.706	1	32.11	0.027	6	32.15	32.08	1
202208180000	44791	22.638	0.049	6	22.695	22.557	1	32.171	0.01	6	32.181	32.151	1
202208180100	44791.04167	22.572	0.027	6	22.614	22.547	1	32.161	0.024	6	32.181	32.121	1
202208180200	44791.08333	22.625	0.023	6	22.657	22.595	1	32.091	0.011	6	32.111	32.081	1
202208180300	44791.125	22.656	0.025	6	22.67	22.601	1	32.051	0.008	6	32.061	32.041	1
202208180400	44791.16667	22.504	0.063	6	22.583	22.457	1	32.086	0.036	6	32.141	32.061	1
202208180500	44791.20833	22.477	0.02	6	22.495	22.451	1	32.066	0.026	6	32.081	32.011	1
202208180600	44791.25	22.407	0.122	6	22.628	22.313	1	32.136	0.121	6	32.361	32.041	1
202208180700	44791.29167	22.654	0.024	6	22.684	22.622	1	32.451	0.013	6	32.461	32.431	1
202208180800	44791.33333	22.75	0.037	6	22.799	22.687	1	32.411	0.024	6	32.441	32.371	1
202208180900	44791.375	22.839	0.182	6	23.203	22.65	1	32.347	0.118	6	32.392	32.082	1
202208181000	44791.41667	22.672	0.013	6	22.679	22.646	1	32.119	0.038	6	32.124	32.044	1
202208181100	44791.45833	22.342	0.146	6	22.433	22.034	1	32.209	0.051	6	32.314	32.174	1
202208181200	44791.5	22.145	0.093	6	22.304	22.067	1	32.494	0.044	6	32.544	32.414	1
202208181300	44791.54167	22.245	0.17	6	22.488	22.092	1	32.538	0.041	6	32.568	32.478	1
202208181400	44791.58333	22.476	0.04	6	22.544	22.435	1	32.488	0.008	6	32.488	32.468	1
202208181500	44791.625	22.621	0.075	6	22.756	22.541	1	32.487	0.028	6	32.507	32.427	1
202208181600	44791.66667	22.871	0.045	6	22.905	22.782	1	32.422	0.033	6	32.477	32.377	1
202208181700	44791.70833	23.082	0.031	6	23.126	23.05	1	32.397	0.021	6	32.407	32.357	1
202208181800	44791.75	23.151	0.041	6	23.232	23.13	1	32.342	0.01	6	32.357	32.327	1
202208181900	44791.79167	23.129	0.037	6	23.146	23.046	1	32.381	0.041	6	32.416	32.316	1
202208182000	44791.83333	23.108	0.014	6	23.126	23.089	1	32.361	0.019	6	32.386	32.336	1
202208182100	44791.875	23.049	0.028	6	23.104	23.036	1	32.316	0.026	6	32.346	32.286	1
202208182200	44791.91667	22.994	0.031	6	23.007	22.925	1	32.286	0.037	6	32.286	32.196	1
202208182300	44791.95833	22.995	0.093	6	23.013	22.769	1	32.16	0.036	6	32.225	32.125	1
202208190000	44792	22.707	0.062	6	22.797	22.653	1	32.235	0.024	6	32.275	32.215	1
202208190100	44792.04167	22.632	0.024	6	22.669	22.611	1	32.275	0.012	6	32.285	32.255	1
202208190200	44792.08333	22.759	0.034	6	22.781	22.7	1	32.195	0.021	6	32.235	32.175	1
202208190300	44792.125	22.772	0.021	6	22.811	22.759	1	32.164	0.008	6	32.174	32.154	1
202208190400	44792.16667	22.702	0.043	6	22.778	22.669	1	32.154	0.005	6	32.154	32.144	1
202208190500	44792.20833	22.565	0.056	6	22.626	22.467	1	32.244	0.052	6	32.284	32.154	1
202208190600	44792.25	22.604	0.082	6	22.695	22.47	1	32.234	0.012	6	32.254	32.224	1
202208190700	44792.29167	22.809	0.083	6	22.872	22.648	1	32.313	0.055	6	32.383	32.253	1
202208190800	44792.33333	22.862	0.026	6	22.871	22.805	1	32.338	0.04	6	32.383	32.273	1
202208190900	44792.375	22.871	0.028	6	22.904	22.832	1	32.233	0.027	6	32.283	32.213	1
202208191000	44792.41667	22.939	0.029	6	22.966	22.891	1	32.178	0.013	6	32.203	32.173	1
202208191100	44792.45833	22.965	0.089	6	22.99	22.757	1	32.167	0.037	6	32.242	32.152	1
202208191200	44792.5	22.515	0.154	6	22.615	22.225	1	32.327	0.066	6	32.452	32.272	1
202208191300	44792.54167	22.192	0.042	6	22.255	22.155	1	32.492	0.02	6	32.512	32.462	1
202208191400	44792.58333	22.074	0.056	6	22.17	22.003	1	32.517	0.02	6	32.542	32.482	1
202208191500	44792.625	22.323	0.099	6	22.5	22.219	1	32.436	0.016	6	32.451	32.411	1
202208191600	44792.66667	22.654	0.109	6	22.79	22.537	1	32.401	0.03	6	32.431	32.361	1
202208191700	44792.70833	22.735	0.118	6	22.962	22.675	1	32.386	0.02	6	32.391	32.351	1
202208191800	44792.75	23.286	0.128	6	23.407	23.034	1	32.321	0.015	6	32.341	32.301	1
202208191900	44792.79167	23.024	0.064	6	23.165	23.011	1	32.28	0.035	6	32.31	32.24	1
202208192000	44792.83333	23.004	0.062	6	23.029	22.881	1	32.235	0.013	6	32.24	32.21	1
202208192100	44792.875	22.856	0.023	6	22.897	22.834	1	32.25	0.004	6	32.25	32.24	1
202208192200	44792.91667	22.647	0.097	6	22.842	22.624	1	32.265	0.013	6	32.27	32.24	1
202208192300	44792.95833	22.614	0.017	6	22.628	22.584	1	32.269	0.005	6	32.269	32.259	1
202208200000	44793	22.463	0.052	6	22.578	22.437	1	32.319	0.025	6	32.339	32.269	1
202208200100	44793.04167	22.381	0.068	6	22.475	22.31	1	32.384	0.038	6	32.419	32.329	1
202208200200	44793.08333	22.309	0.022	6	22.332	22.274	1	32.404	0.017	6	32.429	32.389	1
202208200300	44793.125	22.338	0.014	6	22.354	22.318	1	32.363	0.013	6	32.388	32.358	1
202208200400	44793.16667	22.297	0.027	6	22.332	22.263	1	32.353	0.021	6	32.368	32.308	1
202208200500	44793.20833	22.325	0.023	6	22.362	22.297	1	32.313	0.008	6	32.328	32.308	1
202208200600	44793.25	22.345	0.053	6	22.412	22.274	1	32.298	0.052	6	32.318	32.178	1
202208200700	44793.29167	22.516	0.056	6	22.624	22.473	1	32.287	0.009	6	32.297	32.277	1
202208200800	44793.33333	22.791	0.069	6	22.824	22.651	1	32.362	0.032	6	32.377	32.297	1
202208200900	44793.375	22.74	0.026	6	22.767	22.695	1	32.317	0.009	6	32.327	32.307	1
202208201000	44793.41667	22.755	0.01	6	22.766	22.737	1	32.292	0.01	6	32.307	32.287	1
202208201100	44793.45833	22.76	0.03	6	22.807	22.73	1	32.276	0.008	6	32.286	32.266	1
202208201200	44793.5	22.884	0.044	6	22.952	22.833	1	32.276	0.005	6	32.276	32.266	1
202208201300	44793.54167	22.499	0.244	6	22.803	22.189	1	32.391	0.088	6	32.506	32.286	1
202208201400	44793.58333	22.435	0.03	6	22.502	22.424	1	32.405	0.01	6	32.415	32.385	1
202208201500	44793.625	22.455	0.02	6	22.477	22.426	1	32.415	0.005	6	32.415	32.405	1
202208201600	44793.66667	22.57	0.07	6	22.624	22.459	1	32.41	0.012	6	32.425	32.395	1
202208201700	44793.70833	22.777	0.037	6	22.802	22.704	1	32.375	0.008	6	32.385	32.365	1
202208201800	44793.75	22.815	0.091	6	23	22.738	1	32.364	0.004	6	32.364	32.354	1
202208201900	44793.79167	22.816	0.066	6	22.967	22.794	1	32.339	0.018	6	32.364	32.314	1
202208202000	44793.83333	22.786	0.024	6	22.822	22.755	1	32.314	0.018	6	32.354	32.304	1
202208202100	44793.875	22.795	0.021	6	22.805	22.751	1	32.304	0.004	6	32.304	32.294	1
202208202200	44793.91667	22.704	0.008	6	22.713	22.691	1	32.298	0.008	6	32.313	32.293	1
202208202300	44793.95833	22.667	0.084	6	22.705	22.486	1	32.313	0.012	6	32.313	32.283	1
202208210000	44794	22.409	0.037	6	22.435	22.341	1	32.313	0	6	32.313	32.313	1
202208210100	44794.04167	22.28	0.035	6	22.335	22.244	1	32.313	0.005	6	32.323	32.313	1
202208210200	44794.08333	22.251	0.013	6	22.264	22.228	1	32.327	0.023	6	32.372	32.312	1
202208210300	44794.125	22.107	0.025	6	22.167	22.101	1	32.442	0.008	6	32.442	32.422	1
202208210400	44794.16667	22.105	0.01	6	22.111	22.082	1	32.432	0.005	6	32.442	32.432	1
202208210500	44794.20833	22.05	0.059	6	22.103	21.936	1	32.387	0.02	6	32.422	32.382	1
202208210600	44794.25	21.958	0.063	6	22.082	21.932	1	32.351	0.01	6	32.371	32.341	1
202208210700	44794.29167	22.018	0.155	6	22.237	21.893	1	32.336	0.018	6	32.341	32.301	1
202208210800	44794.33333	22.429	0.104	6	22.484	22.217	1	32.296	0.016	6	32.321	32.281	1
202208210900	44794.375	22.596	0.083	6	22.64	22.423	1	32.271	0.015	6	32.301	32.261	1
202208211000	44794.41667	22.574	0.016	6	22.597	22.548	1	32.27	0.006	6	32.28	32.26	1
202208211100	44794.45833	22.53	0.066	6	22.623	22.426	1	32.3	0.029	6	32.36	32.28	1
202208211200	44794.5	22.5	0.058	6	22.544	22.399	1	32.355	0.01	6	32.37	32.35	1
202208211300	44794.54167	22.565	0.183	6	22.618	22.184	1	32.35	0.05	6	32.46	32.35	1
202208211400	44794.58333	22.227	0.059	6	22.258	22.101	1	32.464	0.013	6	32.489	32.459	1
202208211500	44794.625	22.105	0.02	6	22.134	22.076	1	32.514	0.008	6	32.519	32.499	1
202208211600	44794.66667	22.135	0.031	6	22.153	22.076	1	32.514	0.01	6	32.529	32.509	1
202208211700	44794.70833	22.131	0.03	6	22.177	22.095	1	32.519	0.008	6	32.529	32.509	1
202208211800	44794.75	22.282	0.084	6	22.383	22.182	1	32.473	0.028	6	32.498	32.428	1
202208211900	44794.79167	22.327	0.042	6	22.384	22.272	1	32.433	0.008	6	32.438	32.418	1
202208212000	44794.83333	22.477	0.076	6	22.56	22.403	1	32.428	0.017	6	32.438	32.398	1
202208212100	44794.875	22.577	0.069	6	22.665	22.482	1	32.353	0.035	6	32.398	32.328	1
202208212200	44794.91667	22.619	0.049	6	22.635	22.508	1	32.317	0.009	6	32.327	32.307	1
202208212300	44794.95833	22.446	0.02	6	22.491	22.437	1	32.337	0.004	6	32.337	32.327	1
202208220000	44795	22.367	0.042	6	22.446	22.317	1	32.337	0.012	6	32.367	32.337	1
202208220100	44795.04167	22.237	0.019	6	22.273	22.228	1	32.382	0.008	6	32.397	32.377	1
202208220200	44795.08333	22.023	0.058	6	22.129	21.97	1	32.481	0.029	6	32.516	32.436	1
202208220300	44795.125	22.049	0.022	6	22.057	22.004	1	32.466	0.008	6	32.476	32.456	1
202208220400	44795.16667	22.001	0.019	6	22.036	21.984	1	32.471	0.019	6	32.486	32.446	1
202208220500	44795.20833	22.027	0.015	6	22.043	22.003	1	32.431	0.01	6	32.446	32.426	1
202208220600	44795.25	22.002	0.012	6	22.015	21.98	1	32.425	0.005	6	32.425	32.415	1
202208220700	44795.29167	21.986	0.083	6	22.119	21.867	1	32.41	0.015	6	32.425	32.385	1
202208220800	44795.33333	22.287	0.065	6	22.382	22.194	1	32.365	0.005	6	32.365	32.355	1
202208220900	44795.375	22.164	0.037	6	22.215	22.113	1	32.39	0.008	6	32.395	32.375	1
202208221000	44795.41667	22.442	0.11	6	22.574	22.304	1	32.369	0.01	6	32.374	32.354	1
202208221100	44795.45833	22.698	0.034	6	22.734	22.638	1	32.364	0	6	32.364	32.364	1
202208221200	44795.5	22.728	0.051	4	22.767	22.664	4.2	32.319	0.024	4	32.354	32.304	4.2
202208221300	44795.54167	22.869	0.033	6	22.884	22.81	1	32.304	0.004	6	32.314	32.304	1
202208221400	44795.58333	22.714	0.014	6	22.725	22.688	1	32.303	0.008	6	32.323	32.303	1
202208221500	44795.625	22.745	0.057	6	22.809	22.66	1	32.303	0.005	6	32.313	32.303	1
202208221600	44795.66667	22.557	0.034	6	22.598	22.509	1	32.363	0.017	6	32.363	32.323	1
202208221700	44795.70833	22.456	0.036	6	22.502	22.402	1	32.378	0.015	6	32.393	32.353	1
202208221800	44795.75	22.573	0.019	6	22.585	22.534	1	32.332	0.006	6	32.342	32.322	1
202208221900	44795.79167	22.541	0.032	6	22.584	22.494	1	32.332	0.004	6	32.342	32.332	1
202208222000	44795.83333	22.443	0.03	6	22.471	22.393	1	32.362	0.01	6	32.372	32.342	1
202208222100	44795.875	22.484	0.043	6	22.581	22.472	1	32.362	0.005	6	32.372	32.362	1
202208222200	44795.91667	22.654	0.043	6	22.705	22.595	1	32.381	0.012	6	32.391	32.361	1
202208222300	44795.95833	22.737	0.017	6	22.742	22.699	1	32.431	0.008	6	32.441	32.421	1
202208230000	44796	22.654	0.027	6	22.69	22.619	1	32.416	0.018	6	32.441	32.401	1
202208230100	44796.04167	22.571	0.026	6	22.603	22.536	1	32.391	0.013	6	32.401	32.371	1
202208230200	44796.08333	22.494	0.02	6	22.515	22.463	1	32.37	0	6	32.37	32.37	1
202208230300	44796.125	22.426	0.017	6	22.435	22.39	1	32.3	0.013	6	32.33	32.3	1
202208230400	44796.16667	22.312	0.037	6	22.357	22.251	1	32.34	0.014	6	32.37	32.33	1
202208230500	44796.20833	22.194	0.014	6	22.222	22.185	1	32.405	0.012	6	32.42	32.39	1
202208230600	44796.25	22.164	0.01	6	22.184	22.157	1	32.429	0.005	6	32.429	32.419	1
202208230700	44796.29167	22.217	0.012	6	22.234	22.197	1	32.409	0.005	6	32.409	32.399	1
202208230800	44796.33333	22.335	0.078	6	22.445	22.239	1	32.379	0.008	6	32.399	32.379	1
202208230900	44796.375	22.514	0.024	6	22.531	22.473	1	32.384	0.016	6	32.389	32.349	1
202208231000	44796.41667	22.548	0.045	6	22.609	22.487	1	32.378	0.004	6	32.378	32.368	1
202208231100	44796.45833	22.641	0.051	6	22.681	22.551	1	32.373	0.01	6	32.388	32.358	1
202208231200	44796.5	22.685	0.05	6	22.766	22.627	1	32.358	0.012	6	32.368	32.338	1
202208231300	44796.54167	22.805	0.048	6	22.86	22.744	1	32.338	0.004	6	32.348	32.338	1
202208231400	44796.58333	22.902	0.016	6	22.911	22.866	1	32.342	0.005	6	32.347	32.337	1
202208231500	44796.625	22.908	0.027	6	22.92	22.852	1	32.347	0.005	6	32.357	32.347	1
202208231600	44796.66667	22.907	0.041	6	22.963	22.837	1	32.347	0.006	6	32.357	32.337	1
202208231700	44796.70833	22.579	0.086	6	22.741	22.516	1	32.377	0.035	6	32.417	32.327	1
202208231800	44796.75	22.329	0.13	6	22.544	22.246	1	32.456	0.032	6	32.476	32.396	1
202208231900	44796.79167	22.323	0.068	6	22.395	22.242	1	32.441	0.015	6	32.466	32.426	1
202208232000	44796.83333	22.413	0.005	6	22.423	22.41	1	32.421	0.005	6	32.426	32.416	1
202208232100	44796.875	22.472	0.049	6	22.555	22.436	1	32.406	0.009	6	32.416	32.396	1
202208232200	44796.91667	22.775	0.109	6	22.862	22.57	1	32.42	0.012	6	32.425	32.395	1
202208232300	44796.95833	22.813	0.064	6	22.859	22.691	1	32.415	0.014	6	32.425	32.395	1
202208240000	44797	22.651	0.004	6	22.656	22.648	1	32.375	0.005	6	32.385	32.375	1
202208240100	44797.04167	22.574	0.056	6	22.658	22.531	1	32.36	0.005	6	32.365	32.355	1
202208240200	44797.08333	22.574	0.012	6	22.59	22.561	1	32.364	0	6	32.364	32.364	1
202208240300	44797.125	22.54	0.04	6	22.596	22.496	1	32.374	0.004	6	32.374	32.364	1
202208240400	44797.16667	22.486	0.024	6	22.515	22.452	1	32.364	0.005	6	32.374	32.364	1
202208240500	44797.20833	22.347	0.091	6	22.437	22.234	1	32.384	0.02	6	32.414	32.364	1
202208240600	44797.25	22.161	0.024	6	22.196	22.139	1	32.458	0.017	6	32.473	32.433	1
202208240700	44797.29167	22.118	0.016	6	22.142	22.098	1	32.493	0.012	6	32.503	32.473	1
202208240800	44797.33333	22.183	0.065	6	22.324	22.144	1	32.473	0.015	6	32.483	32.443	1
202208240900	44797.375	22.74	0.29	4	23.048	22.382	4.333	32.443	0.005	4	32.453	32.443	4.333
202208241000	44797.41667	22.647	0.069	6	22.72	22.524	1	32.412	0.009	6	32.422	32.402	1
202208241100	44797.45833	22.883	0.051	6	22.939	22.823	1	32.412	0.006	6	32.422	32.402	1
202208241200	44797.5	23.127	0.073	6	23.152	22.963	1	32.412	0.008	6	32.422	32.402	1
202208241300	44797.54167	22.889	0.041	6	22.957	22.857	1	32.392	0.006	6	32.402	32.382	1
202208241400	44797.58333	22.871	0.029	6	22.906	22.83	1	32.401	0.004	6	32.411	32.401	1
202208241500	44797.625	22.908	0.013	6	22.922	22.885	1	32.386	0.01	6	32.391	32.371	1
202208241600	44797.66667	22.938	0.021	6	22.984	22.923	1	32.371	0	6	32.371	32.371	1
202208241700	44797.70833	22.832	0.106	6	23.009	22.75	1	32.356	0.013	6	32.381	32.351	1
202208241800	44797.75	22.697	0.04	6	22.728	22.621	1	32.38	0.02	6	32.42	32.36	1
202208241900	44797.79167	22.483	0.092	6	22.665	22.406	1	32.45	0.008	6	32.45	32.43	1
202208242000	44797.83333	22.535	0.048	6	22.587	22.459	1	32.415	0.019	6	32.44	32.39	1
202208242100	44797.875	22.557	0.018	6	22.578	22.525	1	32.399	0.005	6	32.399	32.389	1
202208242200	44797.91667	22.508	0.022	6	22.539	22.485	1	32.414	0.008	6	32.429	32.409	1
202208242300	44797.95833	22.622	0.036	6	22.659	22.558	1	32.404	0.005	6	32.409	32.399	1
202208250000	44798	22.765	0.062	6	22.815	22.659	1	32.409	0.012	6	32.439	32.409	1
202208250100	44798.04167	22.799	0.011	6	22.825	22.795	1	32.463	0.026	6	32.518	32.458	1
202208250200	44798.08333	22.766	0.044	6	22.827	22.723	1	32.503	0.029	6	32.538	32.468	1
202208250300	44798.125	22.72	0.008	6	22.725	22.703	1	32.448	0.012	6	32.468	32.438	1
202208250400	44798.16667	22.663	0.056	6	22.706	22.592	1	32.398	0.05	6	32.438	32.338	1
202208250500	44798.20833	22.564	0.018	6	22.596	22.553	1	32.347	0.004	6	32.357	32.347	1
202208250600	44798.25	22.493	0.063	6	22.547	22.4	1	32.367	0.02	6	32.397	32.347	1
202208250700	44798.29167	22.37	0.023	6	22.415	22.348	1	32.427	0.012	6	32.447	32.417	1
202208250800	44798.33333	22.378	0.01	6	22.392	22.364	1	32.447	0.004	6	32.457	32.447	1
202208250900	44798.375	22.445	0.045	6	22.53	22.402	1	32.446	0.005	6	32.446	32.436	1
202208251000	44798.41667	22.719	0.084	6	22.776	22.563	1	32.436	0.005	6	32.446	32.436	1
202208251100	44798.45833	22.999	0.115	6	23.148	22.869	1	32.436	0	6	32.436	32.436	1
202208251200	44798.5	23.137	0.078	6	23.222	22.995	1	32.436	0.005	6	32.436	32.426	1
202208251300	44798.54167	23.237	0.098	6	23.39	23.14	1	32.445	0.015	6	32.475	32.435	1
202208251400	44798.58333	23.055	0.025	6	23.115	23.049	1	32.455	0.008	6	32.465	32.445	1
202208251500	44798.625	23.067	0.029	6	23.098	23.03	1	32.44	0.01	6	32.455	32.425	1
202208251600	44798.66667	23.11	0.008	6	23.123	23.102	1	32.415	0.009	6	32.425	32.405	1
202208251700	44798.70833	23.145	0.01	6	23.159	23.129	1	32.414	0	6	32.414	32.414	1
202208251800	44798.75	23.06	0.115	6	23.154	22.902	1	32.399	0.023	6	32.414	32.364	1
202208251900	44798.79167	22.781	0.031	6	22.848	22.757	1	32.384	0.005	6	32.384	32.374	1
202208252000	44798.83333	22.736	0.088	6	22.798	22.611	1	32.394	0.004	6	32.404	32.394	1
202208252100	44798.875	22.597	0.004	6	22.603	22.593	1	32.393	0.005	6	32.393	32.383	1
202208252200	44798.91667	22.56	0.02	6	22.598	22.553	1	32.393	0.004	6	32.393	32.383	1
202208252300	44798.95833	22.507	0.024	6	22.558	22.492	1	32.393	0.01	6	32.413	32.383	1
202208260000	44799	22.667	0.035	6	22.698	22.619	1	32.423	0.005	6	32.423	32.413	1
202208260100	44799.04167	22.688	0.012	6	22.71	22.683	1	32.437	0.016	6	32.462	32.422	1
202208260200	44799.08333	22.8	0.052	6	22.824	22.683	1	32.422	0.008	6	32.442	32.422	1
202208260300	44799.125	22.756	0.067	6	22.859	22.703	1	32.432	0.023	6	32.472	32.412	1
202208260400	44799.16667	22.637	0.076	6	22.694	22.495	1	32.397	0.005	6	32.402	32.392	1
202208260500	44799.20833	22.468	0.022	6	22.49	22.428	1	32.381	0.006	6	32.391	32.371	1
202208260600	44799.25	22.409	0.012	6	22.425	22.393	1	32.381	0.004	6	32.381	32.371	1
202208260700	44799.29167	22.247	0.064	6	22.385	22.224	1	32.426	0.021	6	32.431	32.381	1
202208260800	44799.33333	22.195	0.045	6	22.271	22.155	1	32.451	0.012	6	32.471	32.441	1
202208260900	44799.375	22.191	0.013	6	22.198	22.164	1	32.445	0.008	6	32.46	32.44	1
202208261000	44799.41667	22.21	0.015	6	22.228	22.191	1	32.44	0	6	32.44	32.44	1
202208261100	44799.45833	22.259	0.044	6	22.344	22.236	1	32.45	0.004	6	32.45	32.44	1
202208261200	44799.5	22.377	0.019	6	22.392	22.351	1	32.43	0.005	6	32.44	32.43	1
202208261300	44799.54167	22.431	0.025	6	22.478	22.409	1	32.429	0.004	6	32.439	32.429	1
202208261400	44799.58333	22.526	0.069	6	22.659	22.468	1	32.459	0.029	6	32.519	32.439	1
202208261500	44799.625	22.796	0.078	6	22.812	22.612	1	32.624	0.045	6	32.649	32.539	1
202208261600	44799.66667	22.768	0.007	6	22.778	22.758	1	32.569	0.011	6	32.589	32.559	1
202208261700	44799.70833	22.724	0.013	6	22.74	22.704	1	32.508	0.01	6	32.528	32.498	1
202208261800	44799.75	22.665	0.054	6	22.706	22.564	1	32.503	0.029	6	32.518	32.438	1
202208261900	44799.79167	22.596	0.016	6	22.6	22.559	1	32.423	0.008	6	32.438	32.418	1
202208262000	44799.83333	22.517	0.008	6	22.531	22.51	1	32.438	0.004	6	32.448	32.438	1
202208262100	44799.875	22.503	0.031	6	22.548	22.474	1	32.437	0.005	6	32.447	32.437	1
202208262200	44799.91667	22.477	0.016	6	22.492	22.449	1	32.437	0.005	6	32.437	32.427	1
202208262300	44799.95833	22.403	0.032	6	22.421	22.334	1	32.427	0	6	32.427	32.427	1
202208270000	44800	22.26	0.005	6	22.265	22.254	1	32.477	0.017	6	32.477	32.437	1
202208270100	44800.04167	22.129	0.07	6	22.289	22.117	1	32.501	0.03	6	32.516	32.436	1
202208270200	44800.08333	22.216	0.1	6	22.394	22.092	1	32.491	0.058	6	32.626	32.476	1
202208270300	44800.125	22.485	0.016	6	22.502	22.455	1	32.716	0.024	6	32.746	32.676	1
202208270400	44800.16667	22.408	0.038	6	22.44	22.348	1	32.596	0.043	6	32.676	32.576	1
202208270500	44800.20833	22.326	0.012	6	22.337	22.312	1	32.515	0.064	6	32.575	32.425	1
202208270600	44800.25	22.328	0.004	6	22.334	22.324	1	32.41	0.01	6	32.425	32.405	1
202208270700	44800.29167	22.323	0.03	6	22.331	22.252	1	32.43	0.008	6	32.445	32.425	1
202208270800	44800.33333	21.972	0.068	6	22.097	21.896	1	32.48	0.012	6	32.495	32.465	1
202208270900	44800.375	22.104	0.057	6	22.154	22.035	1	32.449	0.023	6	32.464	32.404	1
202208271000	44800.41667	22.134	0.032	6	22.18	22.1	1	32.459	0.005	6	32.464	32.454	1
202208271100	44800.45833	22.246	0.031	6	22.28	22.203	1	32.469	0.008	6	32.474	32.454	1
202208271200	44800.5	22.3	0.032	6	22.331	22.248	1	32.484	0.02	6	32.524	32.474	1
202208271300	44800.54167	22.302	0.022	6	22.318	22.259	1	32.533	0.008	6	32.543	32.523	1
202208271400	44800.58333	22.285	0.024	6	22.302	22.241	1	32.533	0.008	6	32.543	32.523	1
202208271500	44800.625	22.321	0.043	6	22.364	22.248	1	32.723	0.112	6	32.793	32.533	1
202208271600	44800.66667	22.325	0.007	6	22.339	22.32	1	32.753	0.025	6	32.763	32.703	1
202208271700	44800.70833	22.342	0.014	6	22.36	22.322	1	32.672	0.026	6	32.702	32.642	1
202208271800	44800.75	22.282	0.026	6	22.336	22.263	1	32.652	0.023	6	32.662	32.602	1
202208271900	44800.79167	22.291	0.026	6	22.316	22.253	1	32.432	0.016	6	32.472	32.432	1
202208272000	44800.83333	22.252	0.015	6	22.264	22.224	1	32.437	0.014	6	32.452	32.412	1
202208272100	44800.875	22.224	0.031	6	22.245	22.157	1	32.441	0.038	6	32.451	32.351	1
202208272200	44800.91667	22.197	0.02	6	22.228	22.173	1	32.461	0.005	6	32.461	32.451	1
202208272300	44800.95833	22.089	0.022	6	22.121	22.065	1	32.456	0.005	6	32.461	32.451	1
202208280000	44801	22.017	0.073	6	22.055	21.866	1	32.451	0.004	6	32.451	32.441	1
202208280100	44801.04167	21.931	0.021	6	21.949	21.898	1	32.51	0.053	6	32.56	32.45	1
202208280200	44801.08333	21.779	0.068	6	21.914	21.707	1	32.55	0.012	6	32.57	32.54	1
202208280300	44801.125	21.739	0.037	6	21.805	21.705	1	32.7	0.119	6	32.82	32.55	1
202208280400	44801.16667	21.718	0.018	6	21.744	21.699	1	32.795	0.022	6	32.82	32.76	1
202208280500	44801.20833	21.855	0.06	6	21.908	21.757	1	32.619	0.076	6	32.759	32.559	1
202208280600	44801.25	21.927	0.03	6	21.942	21.861	1	32.529	0.02	6	32.559	32.499	1
202208280700	44801.29167	21.926	0.028	6	21.94	21.862	1	32.509	0.023	6	32.559	32.499	1
202208280800	44801.33333	21.906	0.07	6	21.922	21.738	1	32.499	0.015	6	32.509	32.469	1
202208280900	44801.375	21.76	0.039	6	21.826	21.713	1	32.483	0.008	6	32.498	32.478	1
202208281000	44801.41667	21.856	0.014	6	21.873	21.835	1	32.483	0.008	6	32.498	32.478	1
202208281100	44801.45833	21.924	0.022	6	21.956	21.895	1	32.493	0.005	6	32.498	32.488	1
202208281200	44801.5	21.999	0.029	6	22.027	21.962	1	32.503	0.014	6	32.518	32.488	1
202208281300	44801.54167	21.979	0.043	6	22.022	21.915	1	32.557	0.036	6	32.607	32.527	1
202208281400	44801.58333	21.923	0.037	6	21.973	21.871	1	32.602	0.014	6	32.617	32.577	1
202208281500	44801.625	21.88	0.027	6	21.914	21.848	1	32.627	0.019	6	32.657	32.607	1
202208281600	44801.66667	21.71	0.038	6	21.784	21.673	1	32.847	0.039	6	32.857	32.757	1
202208281700	44801.70833	21.753	0.024	6	21.766	21.71	1	32.791	0.022	6	32.816	32.756	1
202208281800	44801.75	21.785	0.025	6	21.812	21.747	1	32.731	0.008	6	32.746	32.726	1
202208281900	44801.79167	21.889	0.077	6	21.97	21.797	1	32.571	0.064	6	32.676	32.526	1
202208282000	44801.83333	21.955	0.01	6	21.972	21.942	1	32.536	0.005	6	32.536	32.526	1
202208282100	44801.875	21.945	0.015	6	21.975	21.932	1	32.515	0.005	6	32.525	32.515	1
202208282200	44801.91667	21.847	0.026	6	21.9	21.83	1	32.38	0.049	6	32.475	32.345	1
202208282300	44801.95833	21.816	0.011	6	21.826	21.794	1	32.415	0.008	6	32.415	32.395	1
202208290000	44802	21.751	0.021	6	21.776	21.711	1	32.405	0.004	6	32.415	32.405	1
202208290100	44802.04167	21.698	0.031	6	21.719	21.632	1	32.424	0.017	6	32.454	32.404	1
202208290200	44802.08333	21.61	0.055	6	21.708	21.552	1	32.464	0.008	6	32.484	32.464	1
202208290300	44802.125	21.375	0.082	6	21.535	21.31	1	32.644	0.064	6	32.714	32.524	1
202208290400	44802.16667	21.095	0.071	6	21.251	21.067	1	32.888	0.033	6	32.913	32.823	1
202208290500	44802.20833	21.162	0.09	6	21.319	21.119	1	32.863	0.047	6	32.893	32.783	1
202208290600	44802.25	21.544	0.107	6	21.564	21.287	1	32.618	0.064	6	32.763	32.593	1
202208290700	44802.29167	21.586	0.019	6	21.608	21.563	1	32.603	0.004	6	32.613	32.603	1
202208290800	44802.33333	21.578	0.007	6	21.586	21.57	1	32.592	0.005	6	32.592	32.582	1
202208290900	44802.375	21.482	0.064	6	21.58	21.427	1	32.572	0.014	6	32.592	32.552	1
202208291000	44802.41667	21.639	0.056	6	21.68	21.521	1	32.377	0.043	6	32.482	32.372	1
202208291100	44802.45833	21.677	0.025	6	21.734	21.664	1	32.432	0.015	6	32.442	32.402	1
202208291200	44802.5	21.765	0.011	6	21.777	21.748	1	32.456	0.021	6	32.501	32.441	1
202208291300	44802.54167	21.765	0.07	6	21.802	21.635	1	32.546	0.032	6	32.591	32.511	1
202208291400	44802.58333	21.678	0.035	6	21.732	21.637	1	32.591	0.005	6	32.591	32.581	1
202208291500	44802.625	21.621	0.047	6	21.673	21.556	1	32.631	0.024	6	32.651	32.591	1
202208291600	44802.66667	21.225	0.198	6	21.494	21.024	1	32.83	0.109	6	32.91	32.65	1
202208291700	44802.70833	21.033	0.025	6	21.076	21.015	1	32.905	0.012	6	32.92	32.89	1
202208291800	44802.75	21.178	0.043	6	21.21	21.101	1	32.84	0.021	6	32.88	32.83	1
202208291900	44802.79167	21.335	0.163	6	21.515	21.194	1	32.735	0.091	6	32.81	32.62	1
202208292000	44802.83333	21.483	0.025	6	21.513	21.448	1	32.609	0.004	6	32.619	32.609	1
202208292100	44802.875	21.494	0.013	6	21.508	21.471	1	32.534	0.039	6	32.609	32.519	1
202208292200	44802.91667	21.443	0.019	6	21.485	21.435	1	32.439	0.107	6	32.569	32.339	1
202208292300	44802.95833	21.426	0.009	6	21.431	21.41	1	32.449	0.073	6	32.519	32.349	1
202208300000	44803	21.388	0.034	6	21.455	21.353	1	32.498	0.006	6	32.508	32.488	1
202208300100	44803.04167	21.347	0.042	6	21.409	21.294	1	32.488	0.008	6	32.488	32.468	1
202208300200	44803.08333	21.155	0.063	6	21.25	21.08	1	32.493	0.014	6	32.508	32.478	1
202208300300	44803.125	21.015	0.081	6	21.098	20.882	1	32.663	0.051	6	32.678	32.548	1
202208300400	44803.16667	20.746	0.153	6	20.859	20.45	1	32.802	0.119	6	32.977	32.697	1
202208300500	44803.20833	20.531	0.022	6	20.566	20.499	1	32.957	0.012	6	32.967	32.937	1
202208300600	44803.25	20.723	0.069	6	20.792	20.613	1	32.842	0.037	6	32.887	32.797	1
202208300700	44803.29167	21.072	0.092	6	21.091	20.862	1	32.682	0.042	6	32.767	32.657	1
202208300800	44803.33333	21.13	0.048	6	21.191	21.078	1	32.656	0.012	6	32.686	32.656	1
202208300900	44803.375	21.207	0.027	6	21.258	21.197	1	32.646	0.019	6	32.666	32.616	1
202208301000	44803.41667	21.254	0.024	6	21.292	21.222	1	32.581	0.045	6	32.616	32.506	1
202208301100	44803.45833	21.332	0.015	6	21.345	21.304	1	32.501	0.018	6	32.526	32.486	1
202208301200	44803.5	21.406	0.038	6	21.469	21.366	1	32.515	0.017	6	32.535	32.485	1
202208301300	44803.54167	21.535	0.049	6	21.613	21.481	1	32.485	0.011	6	32.505	32.475	1
202208301400	44803.58333	21.763	0.039	6	21.822	21.703	1	32.585	0.014	6	32.595	32.555	1
202208301500	44803.625	21.517	0.111	6	21.706	21.444	1	32.655	0.036	6	32.695	32.615	1
202208301600	44803.66667	21.388	0.104	6	21.447	21.196	1	32.714	0.05	6	32.814	32.704	1
202208301700	44803.70833	20.813	0.109	6	21.075	20.794	1	32.964	0.049	6	32.984	32.854	1
202208301800	44803.75	20.848	0.03	6	20.892	20.827	1	32.919	0.11	6	32.934	32.654	1
202208301900	44803.79167	20.885	0.013	6	20.901	20.864	1	32.834	0.015	6	32.844	32.804	1
202208302000	44803.83333	20.971	0.084	6	21.064	20.855	1	32.698	0.05	6	32.803	32.663	1
202208302100	44803.875	21.063	0.033	6	21.109	21.022	1	32.658	0.015	6	32.673	32.633	1
202208302200	44803.91667	21.102	0.029	6	21.124	21.056	1	32.603	0.048	6	32.623	32.493	1
202208302300	44803.95833	21.051	0.01	6	21.072	21.044	1	32.473	0.022	6	32.513	32.463	1
202208310000	44804	20.964	0.029	6	21.016	20.944	1	32.552	0.008	6	32.552	32.532	1
202208310100	44804.04167	20.943	0.01	6	20.959	20.931	1	32.552	0.008	6	32.562	32.542	1
202208310200	44804.08333	20.876	0.055	6	20.907	20.767	1	32.567	0.005	6	32.572	32.562	1
202208310300	44804.125	20.582	0.119	6	20.731	20.437	1	32.562	0	6	32.562	32.562	1
202208310400	44804.16667	20.269	0.054	6	20.36	20.197	1	32.581	0.079	6	32.761	32.551	1
202208310500	44804.20833	20.097	0.103	6	20.321	20.023	1	33.096	0.117	6	33.131	32.821	1
202208310600	44804.25	20.182	0.016	6	20.21	20.166	1	33.026	0.028	6	33.051	32.971	1
202208310700	44804.29167	20.314	0.058	6	20.367	20.243	1	32.886	0.056	6	32.951	32.821	1
202208310800	44804.33333	20.404	0.133	6	20.654	20.37	1	32.8	0.053	6	32.82	32.7	1
202208310900	44804.375	20.68	0.019	6	20.702	20.651	1	32.665	0.02	6	32.7	32.64	1
202208311000	44804.41667	20.729	0.014	6	20.756	20.715	1	32.645	0.01	6	32.65	32.63	1
202208311100	44804.45833	20.846	0.103	6	21.047	20.749	1	32.58	0.038	6	32.65	32.55	1
202208311200	44804.5	20.858	0.226	6	21.384	20.771	1	32.609	0.018	6	32.639	32.589	1
202208311300	44804.54167	20.982	0.036	6	21.022	20.927	1	32.554	0.012	6	32.579	32.549	1
202208311400	44804.58333	21.1	0.048	6	21.15	21.033	1	32.569	0.015	6	32.589	32.549	1
202208311500	44804.625	21.171	0.016	6	21.186	21.14	1	32.609	0.029	6	32.649	32.569	1
202208311600	44804.66667	21.1	0.069	6	21.164	20.986	1	32.648	0.017	6	32.678	32.628	1
202208311700	44804.70833	20.591	0.228	6	20.9	20.299	1	32.908	0.172	6	33.138	32.678	1
202208311800	44804.75	20.249	0.015	6	20.265	20.223	1	33.148	0.03	6	33.188	33.118	1
202208311900	44804.79167	20.289	0.014	6	20.315	20.281	1	33.058	0.034	6	33.098	33.018	1
202208312000	44804.83333	20.392	0.11	6	20.501	20.271	1	32.887	0.102	6	33.007	32.797	1
202208312100	44804.875	20.472	0.014	6	20.495	20.458	1	32.787	0.009	6	32.797	32.777	1
202208312200	44804.91667	20.52	0.031	6	20.561	20.484	1	32.697	0.046	6	32.747	32.627	1
202208312300	44804.95833	20.606	0.013	6	20.63	20.594	1	32.587	0.026	6	32.617	32.557	1
202209010000	44805	20.562	0.043	6	20.601	20.497	1	32.606	0.029	6	32.636	32.556	1
202209010100	44805.04167	20.458	0.019	6	20.48	20.421	1	32.656	0.005	6	32.656	32.646	1
202209010200	44805.08333	20.384	0.03	6	20.433	20.356	1	32.656	0.005	6	32.666	32.656	1
202209010300	44805.125	20.244	0.081	6	20.338	20.138	1	32.661	0.005	6	32.666	32.656	1
202209010400	44805.16667	20.028	0.038	6	20.112	20.008	1	32.665	0.011	6	32.685	32.655	1
202209010500	44805.20833	19.854	0.118	6	19.969	19.677	1	32.805	0.209	6	33.175	32.685	1
202209010600	44805.25	19.795	0.052	6	19.834	19.686	1	33.115	0.029	6	33.175	33.095	1
202209010700	44805.29167	20.007	0.11	6	20.072	19.837	1	32.945	0.084	6	33.095	32.895	1
202209010800	44805.33333	20.151	0.055	6	20.213	20.081	1	32.834	0.039	6	32.894	32.804	1
202209010900	44805.375	20.233	0.046	6	20.288	20.177	1	32.819	0.012	6	32.834	32.804	1
202209011000	44805.41667	20.358	0.039	6	20.392	20.303	1	32.784	0.041	6	32.804	32.704	1
202209011100	44805.45833	20.448	0.03	6	20.482	20.407	1	32.689	0.012	6	32.694	32.664	1
202209011200	44805.5	20.534	0.011	6	20.546	20.519	1	32.648	0.03	6	32.693	32.623	1
202209011300	44805.54167	20.615	0.052	6	20.669	20.534	1	32.678	0.012	6	32.693	32.663	1
202209011400	44805.58333	20.73	0.037	6	20.792	20.694	1	32.663	0.005	6	32.663	32.653	1
202209011500	44805.625	20.919	0.052	6	20.98	20.851	1	32.718	0.018	6	32.733	32.683	1
202209011600	44805.66667	20.813	0.117	6	20.98	20.709	1	32.737	0.023	6	32.772	32.712	1
202209011700	44805.70833	20.578	0.081	6	20.684	20.484	1	32.867	0.067	6	32.962	32.782	1
202209011800	44805.75	20.146	0.101	6	20.384	20.116	1	33.127	0.071	6	33.152	32.962	1
202209011900	44805.79167	20.113	0.003	6	20.119	20.11	1	33.102	0.006	6	33.112	33.092	1
202209012000	44805.83333	20.142	0.023	6	20.188	20.127	1	33.011	0.053	6	33.081	32.921	1
202209012100	44805.875	20.217	0.015	6	20.244	20.198	1	32.841	0.025	6	32.891	32.821	1
202209012200	44805.91667	20.258	0.006	6	20.267	20.252	1	32.811	0.014	6	32.831	32.791	1
202209012300	44805.95833	20.297	0.026	6	20.345	20.268	1	32.721	0.055	6	32.771	32.631	1
202209020000	44806	20.304	0.022	6	20.333	20.278	1	32.62	0.012	6	32.64	32.61	1
202209020100	44806.04167	20.223	0.039	6	20.277	20.171	1	32.705	0.02	6	32.71	32.66	1
202209020200	44806.08333	20.128	0.016	6	20.162	20.114	1	32.69	0.004	6	32.7	32.69	1
202209020300	44806.125	20.052	0.059	6	20.103	19.958	1	32.7	0.006	6	32.71	32.69	1
202209020400	44806.16667	19.779	0.073	6	19.882	19.662	1	32.709	0.004	6	32.709	32.699	1
202209020500	44806.20833	19.693	0.031	6	19.726	19.652	1	32.769	0.049	6	32.849	32.719	1
202209020600	44806.25	19.574	0.041	6	19.646	19.53	1	33.119	0.135	6	33.129	32.799	1
202209020700	44806.29167	19.616	0.058	6	19.749	19.596	1	33.063	0.058	6	33.128	32.958	1
202209020800	44806.33333	19.793	0.038	6	19.803	19.702	1	32.913	0.029	6	32.978	32.898	1
202209020900	44806.375	19.845	0.047	6	19.903	19.79	1	32.873	0.02	6	32.898	32.858	1
202209021000	44806.41667	19.969	0.067	6	20.018	19.827	1	32.833	0.03	6	32.888	32.798	1
202209021100	44806.45833	20.053	0.01	6	20.06	20.032	1	32.762	0.016	6	32.797	32.757	1
202209021200	44806.5	20.114	0.052	6	20.233	20.099	1	32.767	0.01	6	32.777	32.747	1
202209021300	44806.54167	20.268	0.007	6	20.276	20.256	1	32.757	0.015	6	32.777	32.737	1
202209021400	44806.58333	20.362	0.042	6	20.421	20.307	1	32.762	0.005	6	32.767	32.757	1
202209021500	44806.625	20.535	0.06	6	20.6	20.436	1	32.766	0.009	6	32.776	32.756	1
202209021600	44806.66667	20.666	0.031	6	20.708	20.622	1	32.756	0.01	6	32.766	32.736	1
202209021700	44806.70833	20.424	0.162	6	20.641	20.266	1	32.806	0.04	6	32.866	32.766	1
202209021800	44806.75	20.227	0.104	6	20.304	20.045	1	32.931	0.1	6	33.096	32.846	1
202209021900	44806.79167	20.047	0.008	6	20.061	20.041	1	33.065	0.015	6	33.075	33.035	1
202209022000	44806.83333	20.089	0.018	6	20.113	20.061	1	32.99	0.039	6	33.025	32.935	1
202209022100	44806.875	20.071	0.023	6	20.11	20.058	1	32.94	0.05	6	32.955	32.825	1
202209022200	44806.91667	20.104	0.011	6	20.113	20.08	1	32.815	0.005	6	32.825	32.815	1
202209022300	44806.95833	20.102	0.018	6	20.13	20.082	1	32.824	0.008	6	32.834	32.814	1
202209030000	44807	20.101	0.018	6	20.125	20.068	1	32.834	0.008	6	32.834	32.814	1
202209030100	44807.04167	20.086	0.031	6	20.121	20.042	1	32.824	0.013	6	32.834	32.804	1
202209030200	44807.08333	19.975	0.031	6	20.018	19.925	1	32.824	0.009	6	32.834	32.814	1
202209030300	44807.125	19.819	0.057	6	19.914	19.784	1	32.793	0.005	6	32.803	32.793	1
202209030400	44807.16667	19.713	0.069	6	19.763	19.58	1	32.788	0.005	6	32.793	32.783	1
202209030500	44807.20833	19.573	0.029	6	19.613	19.533	1	32.783	0.008	6	32.803	32.783	1
202209030600	44807.25	19.475	0.097	6	19.525	19.279	1	32.843	0.069	6	33.013	32.843	1
202209030700	44807.29167	19.548	0.039	6	19.589	19.486	1	33.107	0.042	6	33.152	33.052	1
202209030800	44807.33333	19.591	0.043	6	19.661	19.564	1	33.047	0.038	6	33.072	32.982	1
202209030900	44807.375	19.705	0.032	6	19.777	19.69	1	32.942	0.014	6	32.962	32.922	1
202209031000	44807.41667	19.866	0.027	6	19.908	19.835	1	32.877	0.014	6	32.892	32.862	1
202209031100	44807.45833	19.931	0.019	6	19.962	19.912	1	32.841	0.005	6	32.851	32.841	1
202209031200	44807.5	19.985	0.051	6	20.04	19.896	1	32.851	0.024	6	32.891	32.831	1
202209031300	44807.54167	20.005	0.044	6	20.068	19.947	1	32.886	0.01	6	32.901	32.871	1
202209031400	44807.58333	20.059	0.041	6	20.116	20.015	1	32.896	0.008	6	32.901	32.881	1
202209031500	44807.625	20.189	0.052	6	20.29	20.146	1	32.88	0.008	6	32.9	32.88	1
202209031600	44807.66667	20.355	0.04	6	20.396	20.305	1	32.895	0.008	6	32.9	32.88	1
202209031700	44807.70833	20.277	0.048	6	20.376	20.247	1	32.92	0.009	6	32.93	32.91	1
202209031800	44807.75	20.272	0.065	6	20.346	20.168	1	32.96	0.023	6	32.97	32.91	1
202209031900	44807.79167	20.109	0.074	6	20.221	20.031	1	33.014	0.067	6	33.089	32.949	1
202209032000	44807.83333	20.068	0.008	6	20.074	20.053	1	33.009	0.021	6	33.049	32.999	1
202209032100	44807.875	20.045	0.01	6	20.063	20.037	1	32.949	0.037	6	32.999	32.909	1
202209032200	44807.91667	20.005	0.019	6	20.044	19.993	1	32.849	0.018	6	32.889	32.839	1
202209032300	44807.95833	19.976	0.017	6	19.997	19.954	1	32.843	0.005	6	32.848	32.838	1
202209040000	44808	19.953	0.018	6	19.984	19.933	1	32.848	0.066	6	32.858	32.688	1
202209040100	44808.04167	19.943	0.018	6	19.978	19.932	1	32.873	0.018	6	32.898	32.858	1
202209040200	44808.08333	19.912	0.017	6	19.939	19.896	1	32.878	0	6	32.878	32.878	1
202209040300	44808.125	19.863	0.031	6	19.89	19.809	1	32.877	0	6	32.877	32.877	1
202209040400	44808.16667	19.731	0.029	6	19.798	19.722	1	32.877	0.005	6	32.887	32.877	1
202209040500	44808.20833	19.66	0.021	6	19.708	19.653	1	32.887	0.006	6	32.897	32.877	1
202209040600	44808.25	19.639	0.032	6	19.663	19.575	1	32.932	0.027	6	32.947	32.877	1
202209040700	44808.29167	19.733	0.039	6	19.758	19.658	1	32.956	0.029	6	33.016	32.936	1
202209040800	44808.33333	19.777	0.039	6	19.849	19.753	1	32.986	0.029	6	33.046	32.966	1
202209040900	44808.375	19.871	0.028	6	19.914	19.842	1	32.936	0.029	6	32.986	32.916	1
202209041000	44808.41667	20.002	0.029	6	20.014	19.94	1	32.896	0.014	6	32.926	32.886	1
202209041100	44808.45833	20.07	0.023	6	20.094	20.031	1	32.89	0.01	6	32.905	32.875	1
202209041200	44808.5	20.14	0.039	6	20.22	20.118	1	32.9	0.019	6	32.935	32.885	1
202209041300	44808.54167	20.053	0.02	6	20.082	20.025	1	32.985	0.037	6	33.015	32.935	1
202209041400	44808.58333	20.072	0.008	6	20.087	20.065	1	33.035	0.016	6	33.065	33.025	1
202209041500	44808.625	20.103	0.019	6	20.127	20.083	1	32.969	0.027	6	33.024	32.954	1
202209041600	44808.66667	20.19	0.055	6	20.282	20.149	1	32.964	0.021	6	33.004	32.954	1
202209041700	44808.70833	20.206	0.04	6	20.289	20.181	1	32.954	0.015	6	32.984	32.944	1
202209041800	44808.75	20.206	0.036	6	20.291	20.196	1	32.954	0.004	6	32.954	32.944	1
202209041900	44808.79167	20.307	0.075	6	20.42	20.228	1	32.963	0.006	6	32.973	32.953	1
202209042000	44808.83333	20.085	0.025	6	20.128	20.074	1	32.993	0.01	6	33.013	32.983	1
202209042100	44808.875	20.082	0.005	6	20.087	20.075	1	32.998	0.012	6	33.003	32.973	1
202209042200	44808.91667	20.078	0.005	6	20.085	20.073	1	32.958	0.012	6	32.973	32.943	1
202209042300	44808.95833	20.061	0.007	6	20.069	20.047	1	32.907	0.016	6	32.942	32.902	1
202209050000	44809	20.041	0.006	6	20.045	20.03	1	32.907	0.005	6	32.912	32.902	1
202209050100	44809.04167	20.046	0.013	6	20.065	20.032	1	32.937	0.025	6	32.952	32.882	1
202209050200	44809.08333	20.087	0.029	6	20.106	20.028	1	33.012	0.036	6	33.032	32.942	1
202209050300	44809.125	20.045	0.024	6	20.083	20.014	1	32.981	0.019	6	33.011	32.961	1
202209050400	44809.16667	19.975	0.022	6	20.005	19.955	1	32.971	0.005	6	32.971	32.961	1
202209050500	44809.20833	19.916	0.048	6	19.954	19.845	1	32.966	0.005	6	32.971	32.961	1
202209050600	44809.25	19.88	0.021	6	19.908	19.85	1	32.961	0.008	6	32.971	32.951	1
202209050700	44809.29167	19.964	0.032	6	19.986	19.908	1	32.975	0.016	6	32.99	32.95	1
202209050800	44809.33333	19.968	0.013	6	19.993	19.957	1	32.97	0.015	6	33	32.96	1
202209050900	44809.375	19.982	0.043	6	20.066	19.948	1	33.015	0.014	6	33.03	32.99	1
202209051000	44809.41667	20.121	0.039	6	20.165	20.077	1	32.95	0.018	6	32.98	32.94	1
202209051100	44809.45833	20.246	0.03	6	20.3	20.215	1	32.949	0.005	6	32.949	32.939	1
202209051200	44809.5	20.327	0.147	6	20.596	20.27	1	32.944	0.015	6	32.969	32.929	1
202209051300	44809.54167	20.235	0.139	6	20.566	20.194	1	32.959	0.018	6	32.969	32.919	1
202209051400	44809.58333	20.278	0.017	6	20.303	20.256	1	33.004	0.047	6	33.079	32.969	1
202209051500	44809.625	20.295	0.003	6	20.298	20.29	1	33.128	0.018	6	33.148	33.098	1
202209051600	44809.66667	20.27	0.007	6	20.28	20.259	1	33.063	0.023	6	33.098	33.038	1
202209051700	44809.70833	20.339	0.04	6	20.381	20.287	1	33.048	0.019	6	33.078	33.028	1
202209051800	44809.75	20.368	0.011	6	20.388	20.357	1	33.053	0.015	6	33.068	33.028	1
202209051900	44809.79167	20.551	0.127	6	20.714	20.383	1	32.992	0.008	6	33.007	32.987	1
202209052000	44809.83333	20.55	0.058	6	20.573	20.418	1	32.987	0	6	32.987	32.987	1
202209052100	44809.875	20.311	0.067	6	20.39	20.233	1	32.997	0	6	32.997	32.997	1
202209052200	44809.91667	20.276	0.018	6	20.29	20.246	1	32.987	0.005	6	32.987	32.977	1
202209052300	44809.95833	20.25	0.006	6	20.26	20.245	1	32.976	0.004	6	32.986	32.976	1
202209060000	44810	20.247	0.017	6	20.256	20.215	1	32.976	0.004	6	32.986	32.976	1
202209060100	44810.04167	20.243	0.01	6	20.25	20.222	1	32.956	0.01	6	32.976	32.946	1
202209060200	44810.08333	20.237	0.006	6	20.244	20.229	1	32.991	0.021	6	33.006	32.956	1
202209060300	44810.125	20.228	0.027	6	20.277	20.219	1	33	0.039	6	33.075	32.985	1
202209060400	44810.16667	20.289	0.009	6	20.296	20.273	1	33.105	0.01	6	33.105	33.085	1
202209060500	44810.20833	20.251	0.01	6	20.259	20.231	1	33.055	0.014	6	33.075	33.045	1
202209060600	44810.25	20.229	0.009	6	20.244	20.219	1	33.03	0.023	6	33.045	32.985	1
202209060700	44810.29167	20.252	0.029	6	20.296	20.227	1	33.004	0.004	6	33.014	33.004	1
202209060800	44810.33333	20.356	0.044	6	20.41	20.307	1	33.014	0.008	6	33.014	32.994	1
202209060900	44810.375	20.428	0.021	6	20.441	20.392	1	32.989	0.012	6	32.994	32.964	1
202209061000	44810.41667	20.318	0.03	6	20.363	20.289	1	32.964	0.004	6	32.974	32.964	1
202209061100	44810.45833	20.375	0.061	6	20.424	20.283	1	32.953	0.005	6	32.963	32.953	1
202209061200	44810.5	20.506	0.033	6	20.547	20.454	1	32.963	0.004	6	32.973	32.963	1
202209061300	44810.54167	20.65	0.051	6	20.7	20.585	1	32.973	0.004	6	32.973	32.963	1
202209061400	44810.58333	20.757	0.044	6	20.836	20.717	1	32.972	0	6	32.972	32.972	1
202209061500	44810.625	20.564	0.102	6	20.8	20.521	1	32.982	0.017	6	33.012	32.962	1
202209061600	44810.66667	20.56	0.008	6	20.573	20.55	1	33.052	0.053	6	33.142	33.012	1
202209061700	44810.70833	20.564	0.009	6	20.581	20.556	1	33.172	0.008	6	33.192	33.172	1
202209061800	44810.75	20.546	0.015	6	20.571	20.533	1	33.101	0.025	6	33.151	33.081	1
202209061900	44810.79167	20.617	0.019	6	20.645	20.588	1	33.081	0.012	6	33.091	33.061	1
202209062000	44810.83333	20.702	0.051	6	20.776	20.654	1	33.021	0.01	6	33.031	33.001	1
202209062100	44810.875	20.972	0.107	6	21.06	20.785	1	33.021	0.01	6	33.031	33.001	1
202209062200	44810.91667	20.606	0.13	6	20.834	20.514	1	32.985	0.022	6	33.01	32.95	1
202209062300	44810.95833	20.417	0.014	6	20.448	20.408	1	32.915	0.008	6	32.93	32.91	1
202209070000	44811	20.47	0.024	6	20.502	20.429	1	32.925	0.008	6	32.93	32.91	1
202209070100	44811.04167	20.441	0.014	6	20.458	20.422	1	32.905	0.016	6	32.93	32.89	1
202209070200	44811.08333	20.404	0.016	6	20.423	20.376	1	32.879	0.008	6	32.889	32.869	1
202209070300	44811.125	20.38	0.011	6	20.397	20.367	1	32.894	0.027	6	32.959	32.889	1
202209070400	44811.16667	20.396	0.016	6	20.405	20.365	1	32.979	0.023	6	33.009	32.939	1
202209070500	44811.20833	20.371	0.033	6	20.425	20.335	1	33.014	0.065	6	33.119	32.939	1
202209070600	44811.25	20.4	0.015	6	20.421	20.384	1	33.073	0.029	6	33.118	33.038	1
202209070700	44811.29167	20.35	0.025	6	20.379	20.314	1	33.023	0.023	6	33.048	32.988	1
202209070800	44811.33333	20.409	0.05	6	20.427	20.297	1	32.963	0.037	6	32.998	32.908	1
202209070900	44811.375	20.434	0.04	6	20.465	20.376	1	32.873	0.041	6	32.898	32.788	1
202209071000	44811.41667	20.385	0.047	6	20.453	20.314	1	32.717	0.034	6	32.767	32.667	1
202209071100	44811.45833	20.534	0.03	6	20.56	20.483	1	32.862	0.055	6	32.927	32.767	1
202209071200	44811.5	20.535	0.177	6	20.916	20.44	1	32.937	0.091	6	32.977	32.727	1
202209071300	44811.54167	20.63	0.045	6	20.657	20.558	1	32.917	0.016	6	32.937	32.897	1
202209071400	44811.58333	20.704	0.061	6	20.813	20.665	1	32.931	0.005	6	32.936	32.926	1
202209071500	44811.625	20.801	0.021	6	20.831	20.773	1	32.916	0.004	6	32.926	32.916	1
202209071600	44811.66667	20.753	0.103	6	20.857	20.595	1	32.861	0.031	6	32.916	32.846	1
202209071700	44811.70833	20.612	0.027	6	20.639	20.57	1	32.956	0.045	6	33.006	32.886	1
202209071800	44811.75	20.618	0.012	6	20.636	20.603	1	32.98	0.049	6	33.055	32.935	1
202209071900	44811.79167	20.636	0.013	6	20.649	20.616	1	33.045	0.03	6	33.085	33.015	1
202209072000	44811.83333	20.592	0.008	6	20.603	20.58	1	33.005	0.01	6	33.025	32.995	1
202209072100	44811.875	20.593	0.013	6	20.611	20.575	1	32.975	0.03	6	33.005	32.935	1
202209072200	44811.91667	20.568	0.012	6	20.583	20.546	1	32.934	0.006	6	32.944	32.924	1
202209072300	44811.95833	20.699	0.049	6	20.796	20.659	1	32.909	0.019	6	32.914	32.864	1
202209080000	44812	20.508	0.054	6	20.586	20.454	1	32.919	0.015	6	32.944	32.904	1
202209080100	44812.04167	20.439	0.014	6	20.465	20.428	1	32.959	0.014	6	32.974	32.944	1
202209080200	44812.08333	20.417	0.023	6	20.47	20.408	1	32.913	0.017	6	32.953	32.913	1
202209080300	44812.125	20.384	0.014	6	20.402	20.362	1	32.908	0.005	6	32.913	32.903	1
202209080400	44812.16667	20.398	0.028	6	20.409	20.337	1	32.833	0.025	6	32.893	32.833	1
202209080500	44812.20833	20.409	0.009	6	20.425	20.401	1	32.838	0.037	6	32.913	32.823	1
202209080600	44812.25	20.431	0.012	6	20.443	20.408	1	32.922	0.031	6	32.972	32.882	1
202209080700	44812.29167	20.451	0.029	6	20.468	20.402	1	32.997	0.028	6	33.002	32.942	1
202209080800	44812.33333	20.425	0.042	6	20.456	20.35	1	32.957	0.029	6	32.982	32.902	1
202209080900	44812.375	20.306	0.017	6	20.325	20.279	1	32.837	0.024	6	32.862	32.792	1
202209081000	44812.41667	20.238	0.04	6	20.285	20.186	1	32.826	0.016	6	32.831	32.791	1
202209081100	44812.45833	20.234	0.055	6	20.264	20.112	1	32.796	0.025	6	32.811	32.741	1
202209081200	44812.5	20.16	0.124	6	20.341	20.022	1	32.731	0.063	6	32.851	32.671	1
202209081300	44812.54167	20.348	0.029	6	20.365	20.287	1	32.901	0.05	6	32.931	32.791	1
202209081400	44812.58333	20.404	0.016	6	20.436	20.389	1	32.85	0.022	6	32.87	32.81	1
202209081500	44812.625	20.467	0.038	6	20.502	20.403	1	32.81	0.006	6	32.82	32.8	1
202209081600	44812.66667	20.493	0.008	6	20.502	20.479	1	32.805	0.005	6	32.81	32.8	1
202209081700	44812.70833	20.439	0.022	6	20.464	20.409	1	32.8	0.005	6	32.8	32.79	1
202209081800	44812.75	20.381	0.019	6	20.407	20.362	1	32.789	0.005	6	32.799	32.789	1
202209081900	44812.79167	20.403	0.016	6	20.425	20.383	1	32.824	0.013	6	32.829	32.799	1
202209082000	44812.83333	20.453	0.031	6	20.476	20.393	1	32.904	0.034	6	32.919	32.829	1
202209082100	44812.875	20.413	0.046	6	20.452	20.332	1	32.899	0.004	6	32.909	32.899	1
202209082200	44812.91667	20.187	0.048	6	20.283	20.142	1	32.783	0.06	6	32.888	32.708	1
202209082300	44812.95833	20.18	0.011	6	20.197	20.168	1	32.698	0.012	6	32.718	32.688	1
202209090000	44813	20.094	0.043	6	20.139	20.011	1	32.683	0.019	6	32.708	32.658	1
202209090100	44813.04167	20.219	0.049	6	20.227	20.102	1	32.813	0.02	6	32.818	32.768	1
202209090200	44813.08333	20.223	0.009	6	20.231	20.206	1	32.797	0.008	6	32.807	32.787	1
202209090300	44813.125	20.163	0.022	6	20.197	20.135	1	32.787	0.004	6	32.787	32.777	1
202209090400	44813.16667	20.085	0.017	6	20.117	20.075	1	32.782	0.005	6	32.787	32.777	1
202209090500	44813.20833	20.089	0.012	6	20.107	20.078	1	32.787	0	6	32.787	32.787	1
202209090600	44813.25	20.024	0.023	6	20.062	20	1	32.791	0.005	6	32.796	32.786	1
202209090700	44813.29167	20.28	0.086	6	20.336	20.092	1	32.851	0.019	6	32.856	32.806	1
202209090800	44813.33333	20.308	0.016	6	20.337	20.291	1	32.836	0.008	6	32.846	32.826	1
202209090900	44813.375	20.305	0.014	6	20.324	20.288	1	32.836	0.005	6	32.846	32.836	1
202209091000	44813.41667	20.223	0.062	6	20.268	20.11	1	32.82	0.008	6	32.825	32.805	1
202209091100	44813.45833	20.147	0.024	6	20.165	20.109	1	32.815	0.005	6	32.815	32.805	1
202209091200	44813.5	20.171	0.016	6	20.192	20.155	1	32.815	0.005	6	32.815	32.805	1
202209091300	44813.54167	20.007	0.123	6	20.212	19.91	1	32.785	0.034	6	32.815	32.735	1
202209091400	44813.58333	20.091	0.027	6	20.117	20.054	1	32.934	0.033	6	32.954	32.874	1
202209091500	44813.625	20.139	0.02	6	20.151	20.1	1	32.884	0.032	6	32.904	32.834	1
202209091600	44813.66667	20.148	0.005	6	20.158	20.143	1	32.824	0.008	6	32.824	32.804	1
202209091700	44813.70833	20.138	0.009	6	20.154	20.128	1	32.814	0	6	32.814	32.814	1
202209091800	44813.75	20.124	0.016	6	20.155	20.123	1	32.813	0.005	6	32.823	32.813	1
202209091900	44813.79167	20.117	0.052	6	20.231	20.102	1	32.818	0.008	6	32.823	32.803	1
202209092000	44813.83333	20.29	0.081	6	20.438	20.242	1	32.778	0.029	6	32.803	32.723	1
202209092100	44813.875	20.35	0.035	6	20.409	20.312	1	32.778	0.023	6	32.793	32.733	1
202209092200	44813.91667	20.264	0.063	6	20.295	20.15	1	32.777	0.018	6	32.792	32.752	1
202209092300	44813.95833	20.078	0.056	6	20.116	19.966	1	32.782	0.008	6	32.792	32.772	1
202209100000	44814	19.941	0.032	6	19.952	19.873	1	32.807	0.012	6	32.822	32.792	1
202209100100	44814.04167	19.777	0.07	6	19.861	19.672	1	32.812	0.008	6	32.822	32.802	1
202209100200	44814.08333	19.861	0.087	6	19.966	19.741	1	32.836	0.015	6	32.851	32.811	1
202209100300	44814.125	19.971	0.007	6	19.983	19.967	1	32.841	0	6	32.841	32.841	1
202209100400	44814.16667	19.982	0.004	6	19.988	19.978	1	32.841	0.004	6	32.841	32.831	1
202209100500	44814.20833	20.031	0.023	6	20.056	19.995	1	32.851	0.005	6	32.851	32.841	1
202209100600	44814.25	20.059	0.013	6	20.078	20.037	1	32.85	0.004	6	32.85	32.84	1
202209100700	44814.29167	20.12	0.027	6	20.135	20.073	1	32.775	0.054	6	32.84	32.7	1
202209100800	44814.33333	20.21	0.044	6	20.287	20.165	1	32.585	0.06	6	32.64	32.48	1
202209100900	44814.375	20.298	0.036	6	20.325	20.241	1	32.52	0.08	6	32.61	32.44	1
202209101000	44814.41667	20.313	0.035	6	20.371	20.279	1	32.599	0.004	6	32.609	32.599	1
202209101100	44814.45833	20.415	0.032	6	20.453	20.376	1	32.599	0.004	6	32.609	32.599	1
202209101200	44814.5	20.573	0.083	6	20.7	20.47	1	32.639	0.005	6	32.639	32.629	1
202209101300	44814.54167	20.632	0.076	6	20.716	20.505	1	32.689	0.029	6	32.719	32.639	1
202209101400	44814.58333	20.525	0.116	6	20.571	20.307	1	32.738	0.017	6	32.768	32.718	1
202209101500	44814.625	20.103	0.049	6	20.196	20.052	1	32.953	0.037	6	32.988	32.878	1
202209101600	44814.66667	20.162	0.041	6	20.224	20.108	1	32.923	0.027	6	32.958	32.878	1
202209101700	44814.70833	20.215	0.015	6	20.226	20.19	1	32.903	0.01	6	32.918	32.898	1
202209101800	44814.75	20.185	0.01	6	20.201	20.178	1	32.897	0.008	6	32.907	32.887	1
202209101900	44814.79167	20.3	0.048	6	20.314	20.19	1	32.837	0.018	6	32.877	32.827	1
202209102000	44814.83333	20.45	0.052	6	20.485	20.34	1	32.652	0.072	6	32.797	32.607	1
202209102100	44814.875	20.467	0.017	6	20.492	20.447	1	32.616	0.018	6	32.616	32.576	1
202209102200	44814.91667	20.359	0.04	6	20.438	20.345	1	32.746	0.07	6	32.756	32.616	1
202209102300	44814.95833	20.332	0.006	6	20.344	20.329	1	32.746	0.005	6	32.756	32.746	1
202209110000	44815	20.3	0.051	6	20.333	20.216	1	32.731	0.019	6	32.776	32.726	1
202209110100	44815.04167	20.141	0.059	6	20.158	20.006	1	32.79	0.023	6	32.825	32.755	1
202209110200	44815.08333	19.96	0.073	6	19.981	19.801	1	32.82	0.008	6	32.835	32.815	1
202209110300	44815.125	19.759	0.047	6	19.859	19.741	1	32.995	0.023	6	33.005	32.945	1
202209110400	44815.16667	19.83	0.034	6	19.88	19.793	1	32.95	0.015	6	32.975	32.935	1
202209110500	44815.20833	19.93	0.02	6	19.952	19.906	1	32.874	0.024	6	32.914	32.854	1
202209110600	44815.25	19.962	0.012	6	19.983	19.951	1	32.849	0.005	6	32.854	32.844	1
202209110700	44815.29167	19.998	0.034	6	20.037	19.956	1	32.829	0.029	6	32.854	32.784	1
202209110800	44815.33333	20.132	0.064	6	20.24	20.056	1	32.679	0.077	6	32.764	32.544	1
202209110900	44815.375	20.297	0.046	6	20.377	20.253	1	32.513	0.022	6	32.533	32.473	1
202209111000	44815.41667	20.389	0.051	6	20.452	20.327	1	32.483	0.063	6	32.533	32.403	1
202209111100	44815.45833	20.399	0.019	6	20.415	20.368	1	32.533	0.005	6	32.543	32.533	1
202209111200	44815.5	20.467	0.033	6	20.514	20.429	1	32.553	0.008	6	32.563	32.543	1
202209111300	44815.54167	20.554	0.028	6	20.609	20.527	1	32.592	0.025	6	32.622	32.552	1
202209111400	44815.58333	20.66	0.091	6	20.754	20.558	1	32.687	0.019	6	32.702	32.652	1
202209111500	44815.625	20.374	0.24	6	20.584	19.933	1	32.797	0.092	6	32.952	32.712	1
202209111600	44815.66667	19.913	0.127	6	20.17	19.844	1	32.952	0.051	6	32.972	32.842	1
202209111700	44815.70833	20.066	0.035	6	20.101	20.01	1	32.901	0.013	6	32.921	32.881	1
202209111800	44815.75	20.194	0.042	6	20.241	20.128	1	32.856	0.037	6	32.891	32.801	1
202209111900	44815.79167	20.26	0.013	6	20.266	20.231	1	32.781	0.004	6	32.791	32.781	1
202209112000	44815.83333	20.328	0.045	6	20.389	20.26	1	32.746	0.03	6	32.781	32.701	1
202209112100	44815.875	20.448	0.042	6	20.501	20.389	1	32.58	0.064	6	32.68	32.52	1
202209112200	44815.91667	20.431	0.026	6	20.487	20.413	1	32.55	0.022	6	32.58	32.52	1
202209112300	44815.95833	20.306	0.03	6	20.343	20.259	1	32.68	0.01	6	32.69	32.66	1
202209120000	44816	20.236	0.016	6	20.262	20.227	1	32.665	0.008	6	32.67	32.65	1
202209120100	44816.04167	20.164	0.033	6	20.188	20.11	1	32.634	0.032	6	32.689	32.599	1
202209120200	44816.08333	20.079	0.036	6	20.097	20.013	1	32.719	0.02	6	32.739	32.689	1
202209120300	44816.125	19.978	0.088	6	20.007	19.798	1	32.739	0.068	6	32.889	32.719	1
202209120400	44816.16667	19.782	0.026	6	19.819	19.749	1	32.939	0.02	6	32.959	32.909	1
202209120500	44816.20833	19.837	0.013	6	19.852	19.825	1	32.868	0.023	6	32.878	32.818	1
202209120600	44816.25	19.822	0.012	6	19.848	19.815	1	32.813	0.024	6	32.828	32.768	1
202209120700	44816.29167	19.853	0.013	6	19.874	19.837	1	32.753	0.008	6	32.768	32.748	1
202209120800	44816.33333	19.954	0.072	6	20.081	19.886	1	32.673	0.062	6	32.738	32.568	1
202209120900	44816.375	20.113	0.043	6	20.206	20.097	1	32.557	0.031	6	32.567	32.487	1
202209121000	44816.41667	20.318	0.023	6	20.329	20.267	1	32.362	0.028	6	32.407	32.337	1
202209121100	44816.45833	20.292	0.024	6	20.343	20.272	1	32.457	0.024	6	32.477	32.407	1
202209121200	44816.5	20.444	0.059	6	20.513	20.372	1	32.442	0.012	6	32.457	32.427	1
202209121300	44816.54167	20.415	0.057	6	20.482	20.327	1	32.571	0.064	6	32.636	32.466	1
202209121400	44816.58333	20.361	0.011	6	20.376	20.346	1	32.656	0.015	6	32.666	32.636	1
202209121500	44816.625	20.422	0.046	6	20.48	20.36	1	32.726	0.033	6	32.756	32.676	1
202209121600	44816.66667	20.184	0.167	6	20.496	20.087	1	32.861	0.085	6	32.906	32.716	1
202209121700	44816.70833	20.111	0.024	6	20.146	20.086	1	32.87	0.025	6	32.875	32.825	1
202209121800	44816.75	20.168	0.026	6	20.2	20.124	1	32.755	0.03	6	32.795	32.725	1
202209121900	44816.79167	20.164	0.004	6	20.173	20.162	1	32.715	0.028	6	32.735	32.675	1
202209122000	44816.83333	20.159	0.005	6	20.162	20.15	1	32.67	0.005	6	32.675	32.665	1
202209122100	44816.875	20.135	0.076	6	20.287	20.117	1	32.659	0.063	6	32.674	32.534	1
202209122200	44816.91667	20.372	0.028	6	20.403	20.32	1	32.419	0.057	6	32.514	32.364	1
202209122300	44816.95833	20.372	0.048	6	20.392	20.263	1	32.389	0.045	6	32.494	32.374	1
202209130000	44817	20.264	0.009	6	20.271	20.245	1	32.464	0.019	6	32.484	32.434	1
202209130100	44817.04167	20.241	0.016	6	20.259	20.22	1	32.403	0.019	6	32.433	32.383	1
202209130200	44817.08333	20.129	0.048	6	20.181	20.052	1	32.503	0.027	6	32.543	32.463	1
202209130300	44817.125	20.002	0.06	6	20.051	19.914	1	32.583	0.014	6	32.593	32.563	1
202209130400	44817.16667	19.973	0.009	6	19.982	19.962	1	32.718	0.084	6	32.813	32.613	1
202209130500	44817.20833	19.993	0.014	6	20.017	19.98	1	32.767	0.028	6	32.792	32.712	1
202209130600	44817.25	20.029	0.004	6	20.035	20.026	1	32.677	0.015	6	32.692	32.652	1
202209130700	44817.29167	20.041	0.006	6	20.047	20.03	1	32.632	0.005	6	32.642	32.632	1
202209130800	44817.33333	20.058	0.033	6	20.132	20.045	1	32.617	0.038	6	32.632	32.532	1
202209130900	44817.375	20.178	0.035	6	20.258	20.163	1	32.496	0.035	6	32.501	32.411	1
202209131000	44817.41667	20.302	0.024	6	20.326	20.264	1	32.346	0.041	6	32.441	32.331	1
202209131100	44817.45833	20.337	0.01	6	20.349	20.323	1	32.351	0.013	6	32.361	32.331	1
202209131200	44817.5	20.426	0.032	6	20.457	20.371	1	32.371	0.018	6	32.411	32.361	1
202209131300	44817.54167	20.462	0.019	6	20.489	20.446	1	32.395	0.024	6	32.44	32.37	1
202209131400	44817.58333	20.448	0.025	6	20.468	20.404	1	32.49	0.028	6	32.55	32.48	1
202209131500	44817.625	20.449	0.009	6	20.463	20.441	1	32.565	0.008	6	32.57	32.55	1
202209131600	44817.66667	20.389	0.036	6	20.455	20.35	1	32.61	0.033	6	32.67	32.58	1
202209131700	44817.70833	20.189	0.038	6	20.272	20.167	1	32.824	0.035	6	32.849	32.759	1
202209131800	44817.75	20.21	0.013	6	20.222	20.187	1	32.739	0.02	6	32.779	32.729	1
202209131900	44817.79167	20.157	0.01	6	20.171	20.142	1	32.689	0.014	6	32.699	32.659	1
202209132000	44817.83333	20.16	0.006	6	20.164	20.149	1	32.599	0.012	6	32.629	32.599	1
202209132100	44817.875	20.207	0.057	6	20.271	20.138	1	32.558	0.041	6	32.608	32.508	1
202209132200	44817.91667	20.31	0.025	6	20.337	20.273	1	32.423	0.036	6	32.488	32.408	1
202209132300	44817.95833	20.277	0.028	6	20.297	20.221	1	32.418	0.029	6	32.488	32.408	1
202209140000	44818	20.184	0.013	6	20.201	20.172	1	32.478	0.018	6	32.508	32.468	1
202209140100	44818.04167	20.134	0.025	6	20.164	20.103	1	32.462	0.012	6	32.477	32.447	1
202209140200	44818.08333	20.094	0.039	6	20.113	20.012	1	32.457	0.005	6	32.457	32.447	1
202209140300	44818.125	20.034	0.059	6	20.051	19.893	1	32.547	0.046	6	32.617	32.487	1
202209140400	44818.16667	19.822	0.026	6	19.864	19.794	1	32.667	0.023	6	32.697	32.627	1
202209140500	44818.20833	19.816	0.054	6	19.895	19.738	1	32.861	0.079	6	32.896	32.686	1
202209140600	44818.25	19.854	0.048	6	19.933	19.792	1	32.836	0.04	6	32.876	32.776	1
202209140700	44818.29167	19.927	0.024	6	19.964	19.9	1	32.746	0.05	6	32.796	32.656	1
202209140800	44818.33333	19.969	0.004	6	19.975	19.965	1	32.686	0.004	6	32.696	32.686	1
202209140900	44818.375	19.972	0.178	5	20.036	19.601	4.167	32.695	0.047	5	32.735	32.615	4.167
202209141000	44818.41667	20.079	0.049	6	20.158	20.039	1	32.625	0.063	6	32.625	32.485	1
202209141100	44818.45833	20.186	0.014	6	20.192	20.158	1	32.435	0.026	6	32.475	32.405	1
202209141200	44818.5	20.214	0.017	6	20.243	20.199	1	32.46	0.019	6	32.475	32.425	1
202209141300	44818.54167	20.288	0.04	6	20.375	20.265	1	32.479	0.016	6	32.504	32.464	1
202209141400	44818.58333	20.377	0.042	6	20.418	20.306	1	32.509	0.012	6	32.524	32.494	1
202209141500	44818.625	20.302	0.034	6	20.37	20.278	1	32.619	0.027	6	32.634	32.564	1
202209141600	44818.66667	20.337	0.025	6	20.374	20.299	1	32.724	0.023	6	32.754	32.684	1
202209141700	44818.70833	20.166	0.113	6	20.257	20.027	1	32.758	0.05	6	32.813	32.693	1
202209141800	44818.75	20.024	0.022	6	20.058	19.999	1	32.793	0.035	6	32.803	32.713	1
202209141900	44818.79167	20.092	0.022	6	20.119	20.059	1	32.698	0.01	6	32.713	32.693	1
202209142000	44818.83333	20.079	0.004	6	20.087	20.075	1	32.633	0.013	6	32.663	32.633	1
202209142100	44818.875	20.042	0.021	6	20.059	20.003	1	32.637	0.005	6	32.642	32.632	1
202209142200	44818.91667	20.211	0.044	6	20.237	20.124	1	32.517	0.063	6	32.582	32.392	1
202209142300	44818.95833	20.229	0.03	6	20.282	20.192	1	32.467	0.046	6	32.482	32.362	1
202209150000	44819	20.138	0.033	6	20.187	20.112	1	32.516	0.022	6	32.531	32.481	1
202209150100	44819.04167	20.068	0.028	6	20.105	20.028	1	32.511	0.004	6	32.511	32.501	1
202209150200	44819.08333	19.939	0.043	6	20.005	19.881	1	32.531	0.035	6	32.581	32.501	1
202209150300	44819.125	19.833	0.048	6	19.885	19.776	1	32.601	0.026	6	32.631	32.571	1
202209150400	44819.16667	19.662	0.09	6	19.787	19.547	1	32.65	0.024	6	32.68	32.61	1
202209150500	44819.20833	19.578	0.039	6	19.589	19.491	1	32.715	0.053	6	32.81	32.68	1
202209150600	44819.25	19.605	0.03	6	19.673	19.596	1	32.78	0.023	6	32.81	32.75	1
202209150700	44819.29167	19.666	0.012	6	19.68	19.65	1	32.71	0.038	6	32.75	32.64	1
202209150800	44819.33333	19.645	0.041	6	19.65	19.557	1	32.624	0.015	6	32.649	32.609	1
202209150900	44819.375	19.559	0.019	6	19.581	19.528	1	32.609	0.006	6	32.619	32.599	1
202209151000	44819.41667	19.639	0.02	6	19.665	19.604	1	32.569	0.01	6	32.589	32.559	1
202209151100	44819.45833	19.729	0.012	6	19.736	19.702	1	32.519	0.012	6	32.539	32.509	1
202209151200	44819.5	19.731	0.005	6	19.735	19.722	1	32.538	0.012	6	32.548	32.518	1
202209151300	44819.54167	19.719	0.013	6	19.73	19.691	1	32.538	0	6	32.538	32.538	1
202209151400	44819.58333	19.644	0.031	6	19.675	19.594	1	32.573	0.018	6	32.578	32.538	1
202209151500	44819.625	19.592	0.036	6	19.616	19.52	1	32.608	0.01	6	32.628	32.598	1
202209151600	44819.66667	19.498	0.037	6	19.541	19.434	1	32.642	0.01	6	32.647	32.627	1
202209151700	44819.70833	19.384	0.039	6	19.416	19.313	1	32.657	0.02	6	32.677	32.627	1
202209151800	44819.75	19.433	0.032	6	19.472	19.387	1	32.787	0.047	6	32.797	32.697	1
202209151900	44819.79167	19.459	0.04	6	19.503	19.394	1	32.672	0.029	6	32.737	32.657	1
202209152000	44819.83333	19.454	0.042	6	19.476	19.376	1	32.631	0.016	6	32.646	32.606	1
202209152100	44819.875	19.344	0.027	6	19.377	19.304	1	32.606	0.004	6	32.616	32.606	1
202209152200	44819.91667	19.284	0.061	6	19.407	19.239	1	32.606	0.033	6	32.606	32.526	1
202209152300	44819.95833	19.412	0.021	6	19.44	19.384	1	32.511	0.016	6	32.536	32.496	1
202209160000	44820	19.446	0.054	6	19.516	19.376	1	32.5	0.015	6	32.525	32.485	1
202209160100	44820.04167	19.34	0.057	6	19.37	19.215	1	32.525	0.011	6	32.535	32.505	1
202209160200	44820.08333	19.122	0.038	6	19.175	19.08	1	32.52	0.008	6	32.525	32.505	1
202209160300	44820.125	18.97	0.089	6	19.13	18.899	1	32.58	0.029	6	32.595	32.515	1
202209160400	44820.16667	18.785	0.064	6	18.879	18.706	1	32.579	0.008	6	32.584	32.564	1
202209160500	44820.20833	18.605	0.033	6	18.653	18.553	1	32.629	0.02	6	32.634	32.594	1
202209160600	44820.25	18.623	0.052	6	18.712	18.594	1	32.789	0.078	6	32.834	32.634	1
202209160700	44820.29167	18.78	0.078	6	18.842	18.658	1	32.769	0.02	6	32.794	32.734	1
202209160800	44820.33333	18.773	0.089	6	18.923	18.727	1	32.638	0.044	6	32.683	32.583	1
202209160900	44820.375	18.61	0.055	6	18.703	18.557	1	32.563	0.005	6	32.573	32.563	1
202209161000	44820.41667	18.64	0.025	6	18.685	18.627	1	32.553	0.004	6	32.553	32.543	1
202209161100	44820.45833	18.79	0.113	6	18.933	18.691	1	32.538	0.023	6	32.553	32.503	1
202209161200	44820.5	18.93	0.023	6	18.964	18.9	1	32.537	0.015	6	32.552	32.512	1
202209161300	44820.54167	18.892	0.01	6	18.912	18.885	1	32.552	0	6	32.552	32.552	1
202209161400	44820.58333	18.899	0.007	6	18.911	18.895	1	32.552	0	6	32.552	32.552	1
202209161500	44820.625	18.804	0.085	6	18.897	18.644	1	32.572	0.025	6	32.622	32.552	1
202209161600	44820.66667	18.668	0.022	6	18.701	18.644	1	32.611	0.006	6	32.621	32.601	1
202209161700	44820.70833	18.636	0.035	6	18.705	18.599	1	32.616	0.008	6	32.631	32.611	1
202209161800	44820.75	18.682	0.109	6	18.798	18.545	1	32.656	0.046	6	32.741	32.611	1
202209161900	44820.79167	18.732	0.021	6	18.76	18.708	1	32.746	0.03	6	32.761	32.681	1
202209162000	44820.83333	18.639	0.177	6	18.719	18.297	1	32.65	0.02	6	32.66	32.62	1
202209162100	44820.875	18.283	0.007	6	18.288	18.268	1	32.63	0	6	32.63	32.63	1
202209162200	44820.91667	18.274	0.05	6	18.373	18.25	1	32.63	0.004	6	32.64	32.63	1
202209162300	44820.95833	18.37	0.019	6	18.376	18.33	1	32.64	0.012	6	32.66	32.63	1
202209170000	44821	18.234	0.04	6	18.31	18.224	1	32.654	0.005	6	32.659	32.649	1
202209170100	44821.04167	18.13	0.037	6	18.189	18.09	1	32.644	0.005	6	32.649	32.639	1
202209170200	44821.08333	18.087	0.023	6	18.123	18.066	1	32.639	0.005	6	32.649	32.639	1
202209170300	44821.125	17.955	0.037	6	18.007	17.907	1	32.649	0.006	6	32.659	32.639	1
202209170400	44821.16667	17.859	0.124	6	17.933	17.625	1	32.648	0.005	6	32.658	32.648	1
202209170500	44821.20833	17.476	0.062	6	17.531	17.36	1	32.673	0.026	6	32.728	32.658	1
202209170600	44821.25	17.266	0.041	6	17.336	17.238	1	32.728	0.033	6	32.788	32.698	1
202209170700	44821.29167	16.851	0.151	6	17.176	16.75	1	32.828	0.024	6	32.848	32.778	1
202209170800	44821.33333	16.941	0.13	6	17.116	16.782	1	32.842	0.01	6	32.847	32.827	1
202209170900	44821.375	17.276	0.081	6	17.466	17.256	1	32.837	0.012	6	32.837	32.807	1
202209171000	44821.41667	17.516	0.013	6	17.53	17.494	1	32.797	0.005	6	32.807	32.797	1
202209171100	44821.45833	17.788	0.049	6	17.815	17.676	1	32.967	0.042	6	33.017	32.887	1
202209171200	44821.5	17.797	0.198	6	18.128	17.638	1	32.826	0.035	6	32.886	32.786	1
202209171300	44821.54167	17.701	0.024	6	17.733	17.669	1	32.876	0.006	6	32.886	32.866	1
202209171400	44821.58333	17.743	0.004	6	17.745	17.735	1	32.866	0.004	6	32.876	32.866	1
202209171500	44821.625	17.743	0.024	6	17.749	17.685	1	32.866	0.01	6	32.876	32.846	1
202209171600	44821.66667	17.56	0.058	6	17.675	17.539	1	32.845	0.012	6	32.855	32.825	1
202209171700	44821.70833	17.158	0.215	6	17.532	16.915	1	32.835	0.008	6	32.845	32.825	1
202209171800	44821.75	16.746	0.154	6	16.891	16.526	1	32.845	0.014	6	32.865	32.835	1
202209171900	44821.79167	16.319	0.115	6	16.514	16.256	1	32.895	0.029	6	32.935	32.855	1
202209172000	44821.83333	16.38	0.053	6	16.464	16.325	1	32.914	0.017	6	32.934	32.884	1
202209172100	44821.875	16.685	0.148	6	16.89	16.502	1	32.949	0.037	6	32.994	32.894	1
202209172200	44821.91667	16.73	0.046	6	16.803	16.693	1	32.949	0.017	6	32.974	32.934	1
202209172300	44821.95833	17.293	0.19	6	17.366	16.852	1	33.114	0.065	6	33.144	32.974	1
202209180000	44822	16.939	0.178	6	17.329	16.844	1	33.013	0.044	6	33.113	32.993	1
202209180100	44822.04167	17.025	0.088	6	17.133	16.894	1	33.023	0.005	6	33.023	33.013	1
202209180200	44822.08333	16.78	0.112	6	16.982	16.718	1	33.028	0.005	6	33.033	33.023	1
202209180300	44822.125	16.803	0.117	6	16.873	16.597	1	33.033	0.027	6	33.043	32.983	1
202209180400	44822.16667	16.442	0.097	6	16.607	16.361	1	32.972	0.012	6	32.992	32.962	1
202209180500	44822.20833	16.225	0.074	6	16.364	16.139	1	32.977	0.008	6	32.982	32.962	1
202209180600	44822.25	16.04	0.067	6	16.152	15.961	1	32.962	0.005	6	32.972	32.962	1
202209180700	44822.29167	15.735	0.094	6	15.85	15.612	1	33.027	0.028	6	33.052	32.982	1
202209180800	44822.33333	15.678	0.055	6	15.774	15.626	1	33.051	0.008	6	33.061	33.041	1
202209180900	44822.375	15.944	0.285	6	16.496	15.838	1	33.031	0.041	6	33.111	33.011	1
202209181000	44822.41667	16.493	0.147	6	16.555	16.154	1	33.076	0.025	6	33.121	33.051	1
202209181100	44822.45833	16.533	0.253	6	16.992	16.414	1	33.116	0.08	6	33.281	33.071	1
202209181200	44822.5	16.93	0.149	6	17.054	16.628	1	33.205	0.042	6	33.27	33.14	1
202209181300	44822.54167	16.774	0.135	6	16.891	16.609	1	33.14	0.004	6	33.14	33.13	1
202209181400	44822.58333	16.729	0.032	6	16.78	16.699	1	33.13	0.008	6	33.14	33.12	1
202209181500	44822.625	16.636	0.067	6	16.741	16.548	1	33.11	0.008	6	33.12	33.1	1
202209181600	44822.66667	16.296	0.194	6	16.607	16.163	1	33.059	0.026	6	33.099	33.039	1
202209181700	44822.70833	16.074	0.023	6	16.122	16.057	1	33.034	0.008	6	33.049	33.029	1
202209181800	44822.75	15.98	0.072	6	16.06	15.883	1	33.029	0.005	6	33.039	33.029	1
202209181900	44822.79167	15.666	0.077	6	15.765	15.562	1	33.049	0.01	6	33.069	33.039	1
202209182000	44822.83333	15.549	0.058	6	15.588	15.436	1	33.058	0.005	6	33.068	33.058	1
202209182100	44822.875	15.778	0.106	6	15.923	15.626	1	33.053	0.016	6	33.088	33.048	1
202209182200	44822.91667	16.327	0.088	6	16.377	16.15	1	33.278	0.027	6	33.298	33.228	1
202209182300	44822.95833	16.418	0.046	6	16.518	16.397	1	33.318	0.022	6	33.358	33.298	1
202209190000	44823	16.628	0.133	6	16.647	16.335	1	33.407	0.039	6	33.407	33.327	1
202209190100	44823.04167	16.72	0.112	6	16.907	16.556	1	33.222	0.033	6	33.297	33.217	1
202209190200	44823.08333	16.533	0.066	6	16.655	16.515	1	33.292	0.031	6	33.307	33.237	1
202209190300	44823.125	16.458	0.023	6	16.504	16.446	1	33.292	0.008	6	33.297	33.277	1
202209190400	44823.16667	16.269	0.147	6	16.448	16.086	1	33.261	0.018	6	33.286	33.246	1
202209190500	44823.20833	15.948	0.188	6	16.066	15.656	1	33.226	0.028	6	33.256	33.186	1
202209190600	44823.25	15.176	0.273	6	15.592	14.986	1	33.141	0.031	6	33.196	33.116	1
202209190700	44823.29167	14.997	0.148	6	15.131	14.76	1	33.125	0.017	6	33.135	33.095	1
202209190800	44823.33333	15.047	0.147	6	15.242	14.834	1	33.14	0.008	6	33.145	33.125	1
202209190900	44823.375	14.873	0.035	6	14.951	14.855	1	33.135	0.006	6	33.145	33.125	1
202209191000	44823.41667	15.048	0.059	6	15.132	14.985	1	33.135	0	6	33.135	33.135	1
202209191100	44823.45833	15.205	0.037	6	15.277	15.167	1	33.124	0.004	6	33.134	33.124	1
202209191200	44823.5	15.932	0.335	6	16.149	15.321	1	33.204	0.042	6	33.244	33.134	1
202209191300	44823.54167	16.162	0.088	6	16.173	15.994	1	33.214	0.008	6	33.224	33.204	1
202209191400	44823.58333	15.998	0.015	6	16.018	15.973	1	33.149	0.014	6	33.174	33.134	1
202209191500	44823.625	16.045	0.02	6	16.061	16.008	1	33.178	0.01	6	33.183	33.163	1
202209191600	44823.66667	16.034	0.017	6	16.059	16.012	1	33.183	0.005	6	33.183	33.173	1
202209191700	44823.70833	15.968	0.15	6	16.058	15.691	1	33.173	0.015	6	33.183	33.153	1
202209191800	44823.75	15.58	0.039	6	15.619	15.517	1	33.153	0.008	6	33.163	33.143	1
202209191900	44823.79167	15.194	0.121	6	15.357	15.085	1	33.132	0.015	6	33.152	33.112	1
202209192000	44823.83333	14.831	0.183	6	15.21	14.71	1	33.122	0.02	6	33.162	33.102	1
202209192100	44823.875	14.698	0.044	6	14.729	14.613	1	33.122	0.005	6	33.122	33.112	1
202209192200	44823.91667	14.822	0.019	6	14.836	14.781	1	33.132	0.005	6	33.132	33.122	1
202209192300	44823.95833	15.184	0.495	6	15.997	14.873	1	33.251	0.151	6	33.481	33.121	1
202209200000	44824	16.243	0.082	6	16.381	16.155	1	33.506	0.03	6	33.541	33.451	1
202209200100	44824.04167	16.595	0.094	6	16.628	16.417	1	33.591	0.033	6	33.601	33.521	1
202209200200	44824.08333	16.559	0.042	6	16.604	16.507	1	33.466	0.046	6	33.531	33.411	1
202209200300	44824.125	16.362	0.086	6	16.525	16.316	1	33.335	0.026	6	33.38	33.31	1
202209200400	44824.16667	16.245	0.033	6	16.312	16.236	1	33.36	0.017	6	33.36	33.32	1
202209200500	44824.20833	16.222	0.022	6	16.231	16.171	1	33.365	0.008	6	33.37	33.35	1
202209200600	44824.25	16.041	0.152	6	16.141	15.743	1	33.335	0.016	6	33.35	33.31	1
202209200700	44824.29167	15.397	0.035	6	15.471	15.379	1	33.264	0.012	6	33.289	33.259	1
202209200800	44824.33333	15.23	0.088	6	15.304	15.078	1	33.209	0.028	6	33.239	33.169	1
202209200900	44824.375	14.971	0.135	6	15.21	14.821	1	33.164	0.035	6	33.229	33.129	1
202209201000	44824.41667	14.843	0.045	6	14.892	14.774	1	33.124	0.01	6	33.139	33.109	1
202209201100	44824.45833	15.027	0.12	6	15.094	14.782	1	33.123	0.008	6	33.138	33.118	1
202209201200	44824.5	15.077	0.036	6	15.145	15.044	1	33.118	0.004	6	33.128	33.118	1
202209201300	44824.54167	15.235	0.147	6	15.581	15.19	1	33.128	0.038	6	33.218	33.118	1
202209201400	44824.58333	15.854	0.051	6	15.895	15.757	1	33.203	0.012	6	33.208	33.178	1
202209201500	44824.625	15.826	0.053	6	15.862	15.723	1	33.187	0.008	6	33.197	33.177	1
202209201600	44824.66667	15.844	0.068	6	15.958	15.764	1	33.187	0.015	6	33.217	33.177	1
202209201700	44824.70833	15.755	0.009	6	15.768	15.742	1	33.177	0.005	6	33.187	33.177	1
202209201800	44824.75	15.746	0.014	6	15.761	15.718	1	33.187	0.004	6	33.187	33.177	1
202209201900	44824.79167	15.528	0.119	6	15.659	15.354	1	33.181	0.014	6	33.196	33.156	1
202209202000	44824.83333	15.384	0.085	6	15.4	15.205	1	33.161	0.015	6	33.176	33.136	1
202209202100	44824.875	15.163	0.115	6	15.299	15.004	1	33.126	0.023	6	33.166	33.106	1
202209202200	44824.91667	14.67	0.075	6	14.757	14.561	1	33.106	0.005	6	33.106	33.096	1
202209202300	44824.95833	14.777	0.084	6	14.812	14.593	1	33.115	0.004	6	33.115	33.105	1
202209210000	44825	14.901	0.046	6	14.953	14.823	1	33.115	0.005	6	33.125	33.115	1
202209210100	44825.04167	15.147	0.226	6	15.473	14.959	1	33.2	0.043	6	33.215	33.125	1
202209210200	44825.08333	15.598	0.043	6	15.628	15.53	1	33.195	0.004	6	33.205	33.195	1
202209210300	44825.125	15.608	0.246	6	16.079	15.565	1	33.224	0.09	6	33.394	33.194	1
202209210400	44825.16667	16.058	0.028	6	16.088	16.012	1	33.344	0.043	6	33.354	33.254	1
202209210500	44825.20833	15.788	0.111	6	15.994	15.712	1	33.204	0.016	6	33.224	33.184	1
202209210600	44825.25	15.702	0.021	6	15.725	15.672	1	33.224	0.012	6	33.234	33.204	1
202209210700	44825.29167	15.612	0.077	6	15.686	15.499	1	33.228	0.01	6	33.233	33.213	1
202209210800	44825.33333	15.406	0.039	6	15.469	15.367	1	33.198	0.01	6	33.213	33.183	1
202209210900	44825.375	15.408	0.219	5	15.815	15.224	4.167	33.163	0.044	5	33.183	33.093	4.167
202209211000	44825.41667	15.369	0.049	6	15.422	15.316	1	33.113	0.015	6	33.143	33.103	1
202209211100	44825.45833	15.236	0.155	6	15.405	14.975	1	33.074	0.028	6	33.144	33.074	1
202209211200	44825.5	15.006	0.106	6	15.182	14.891	1	33.084	0.023	6	33.104	33.044	1
202209211300	44825.54167	15.209	0.034	6	15.274	15.191	1	33.079	0.014	6	33.094	33.064	1
202209211400	44825.58333	15.326	0.107	6	15.464	15.201	1	33.065	0.004	6	33.075	33.065	1
202209211500	44825.625	15.588	0.087	6	15.678	15.486	1	33.085	0.013	6	33.095	33.065	1
202209211600	44825.66667	15.597	0.07	6	15.685	15.535	1	33.086	0.011	6	33.096	33.076	1
202209211700	44825.70833	15.734	0.268	6	16.252	15.537	1	33.121	0.062	6	33.256	33.086	1
202209211800	44825.75	16.027	0.156	6	16.173	15.744	1	33.171	0.026	6	33.206	33.136	1
202209211900	44825.79167	15.727	0.032	6	15.794	15.711	1	33.142	0.01	6	33.157	33.127	1
202209212000	44825.83333	15.666	0.036	6	15.688	15.587	1	33.142	0.008	6	33.147	33.127	1
202209212100	44825.875	15.58	0.027	6	15.606	15.535	1	33.137	0.006	6	33.147	33.127	1
202209212200	44825.91667	15.599	0.025	6	15.617	15.553	1	33.118	0.005	6	33.128	33.118	1
202209212300	44825.95833	15.192	0.223	6	15.384	14.928	1	33.068	0.029	6	33.108	33.038	1
202209220000	44826	14.776	0.053	6	14.873	14.742	1	33.048	0.017	6	33.088	33.048	1
202209220100	44826.04167	15.006	0.095	6	15.134	14.932	1	33.089	0.013	6	33.109	33.079	1
202209220200	44826.08333	15.221	0.078	6	15.307	15.097	1	33.084	0.005	6	33.089	33.079	1
202209220300	44826.125	15.359	0.048	6	15.42	15.293	1	33.12	0.01	6	33.13	33.1	1
202209220400	44826.16667	15.558	0.149	6	15.748	15.383	1	33.15	0.022	6	33.18	33.12	1
202209220500	44826.20833	16.141	0.179	6	16.233	15.75	1	33.27	0.041	6	33.3	33.19	1
202209220600	44826.25	16.029	0.133	6	16.241	15.862	1	33.241	0.029	6	33.291	33.211	1
202209220700	44826.29167	15.783	0.017	6	15.81	15.759	1	33.211	0.01	6	33.221	33.191	1
202209220800	44826.33333	15.792	0.029	6	15.837	15.763	1	33.216	0.016	6	33.251	33.211	1
202209220900	44826.375	15.483	0.128	6	15.741	15.383	1	33.172	0.017	6	33.202	33.152	1
202209221000	44826.41667	15.478	0.03	6	15.521	15.44	1	33.142	0.012	6	33.152	33.122	1
202209221100	44826.45833	15.329	0.149	6	15.549	15.177	1	33.102	0.022	6	33.132	33.082	1
202209221200	44826.5	15.137	0.113	6	15.294	14.995	1	33.063	0.048	6	33.093	32.963	1
202209221300	44826.54167	14.876	0.079	6	15.038	14.828	1	33.058	0.005	6	33.063	33.053	1
202209221400	44826.58333	15.19	0.101	6	15.298	15.04	1	33.084	0.018	6	33.104	33.054	1
202209221500	44826.625	15.29	0.034	6	15.343	15.257	1	33.059	0.012	6	33.084	33.054	1
202209221600	44826.66667	15.513	0.027	6	15.524	15.454	1	33.084	0.004	6	33.084	33.074	1
202209221700	44826.70833	15.467	0.026	6	15.483	15.412	1	33.08	0.008	6	33.085	33.065	1
202209221800	44826.75	15.774	0.148	6	15.972	15.574	1	33.145	0.033	6	33.175	33.095	1
202209221900	44826.79167	15.79	0.08	6	15.964	15.76	1	33.1	0.021	6	33.145	33.085	1
202209222000	44826.83333	15.719	0.013	6	15.73	15.696	1	33.111	0.005	6	33.116	33.106	1
202209222100	44826.875	15.661	0.033	6	15.691	15.617	1	33.116	0	6	33.116	33.116	1
202209222200	44826.91667	15.488	0.051	6	15.581	15.457	1	33.126	0.005	6	33.126	33.116	1
202209222300	44826.95833	15.434	0.051	6	15.453	15.314	1	33.117	0.005	6	33.127	33.117	1
202209230000	44827	15.088	0.133	6	15.272	14.915	1	33.097	0.023	6	33.117	33.057	1
202209230100	44827.04167	14.85	0.049	6	14.954	14.83	1	33.058	0.009	6	33.068	33.048	1
202209230200	44827.08333	14.963	0.058	6	15.016	14.868	1	33.068	0.012	6	33.078	33.048	1
202209230300	44827.125	15.186	0.108	6	15.26	15.018	1	33.103	0.013	6	33.108	33.078	1
202209230400	44827.16667	15.279	0.015	6	15.303	15.266	1	33.109	0	6	33.109	33.109	1
202209230500	44827.20833	15.297	0.02	6	15.303	15.254	1	33.104	0.005	6	33.109	33.099	1
202209230600	44827.25	15.597	0.144	6	15.618	15.246	1	33.139	0.01	6	33.159	33.129	1
202209230700	44827.29167	15.621	0.102	6	15.761	15.524	1	33.16	0.016	6	33.18	33.14	1
202209230800	44827.33333	15.518	0.002	6	15.52	15.516	1	33.15	0.004	6	33.15	33.14	1
202209230900	44827.375	15.501	0.016	6	15.514	15.473	1	33.141	0.011	6	33.151	33.121	1
202209231000	44827.41667	15.458	0.066	6	15.487	15.345	1	33.131	0.015	6	33.141	33.101	1
202209231100	44827.45833	15.233	0.107	6	15.375	15.125	1	33.091	0.016	6	33.101	33.061	1
202209231200	44827.5	15.143	0.04	6	15.196	15.085	1	33.102	0.006	6	33.112	33.092	1
202209231300	44827.54167	15	0.104	6	15.15	14.922	1	33.067	0.021	6	33.102	33.052	1
202209231400	44827.58333	14.925	0.133	6	15.095	14.788	1	33.062	0.015	6	33.072	33.042	1
202209231500	44827.625	15.085	0.041	6	15.146	15.026	1	33.053	0.008	6	33.063	33.043	1
202209231600	44827.66667	15.212	0.041	6	15.272	15.17	1	33.043	0.005	6	33.043	33.033	1
202209231700	44827.70833	15.271	0.01	6	15.28	15.255	1	33.033	0	6	33.033	33.033	1
202209231800	44827.75	15.388	0.117	6	15.555	15.263	1	33.044	0.014	6	33.064	33.034	1
202209231900	44827.79167	15.678	0.05	6	15.741	15.593	1	33.054	0.01	6	33.074	33.044	1
202209232000	44827.83333	15.628	0.032	6	15.669	15.584	1	33.035	0.01	6	33.055	33.025	1
202209232100	44827.875	15.506	0.009	6	15.527	15.504	1	33.035	0	6	33.035	33.035	1
202209232200	44827.91667	15.541	0.036	6	15.56	15.468	1	33.025	0.004	6	33.035	33.025	1
202209232300	44827.95833	15.358	0.041	6	15.433	15.322	1	33.001	0.012	6	33.026	32.996	1
202209240000	44828	15.252	0.076	6	15.305	15.105	1	33.006	0.026	6	33.016	32.956	1
202209240100	44828.04167	14.923	0.18	6	15.214	14.767	1	32.971	0.023	6	32.996	32.936	1
202209240200	44828.08333	14.701	0.028	6	14.739	14.662	1	33.007	0.006	6	33.017	32.997	1
202209240300	44828.125	14.937	0.095	6	15.009	14.758	1	32.997	0.005	6	33.007	32.997	1
202209240400	44828.16667	15.079	0.028	6	15.09	15.014	1	32.987	0.004	6	32.997	32.987	1
202209240500	44828.20833	15.108	0.014	6	15.123	15.086	1	32.998	0.005	6	32.998	32.988	1
202209240600	44828.25	15.254	0.129	6	15.363	15.085	1	33.023	0.023	6	33.048	32.988	1
202209240700	44828.29167	15.644	0.044	6	15.67	15.554	1	33.059	0.004	6	33.069	33.059	1
202209240800	44828.33333	15.454	0.081	6	15.597	15.396	1	33.039	0.008	6	33.049	33.029	1
202209240900	44828.375	15.453	0.026	6	15.475	15.409	1	33.034	0.005	6	33.039	33.029	1
202209241000	44828.41667	15.434	0.054	6	15.524	15.397	1	33.025	0.008	6	33.04	33.02	1
202209241100	44828.45833	15.53	0.039	6	15.6	15.487	1	33.02	0.014	6	33.04	33	1
202209241200	44828.5	15.502	0.025	6	15.524	15.453	1	33.005	0.005	6	33.01	33	1
202209241300	44828.54167	15.409	0.039	6	15.483	15.385	1	32.981	0.008	6	32.991	32.971	1
202209241400	44828.58333	14.885	0.127	6	15.108	14.775	1	32.996	0.005	6	33.001	32.991	1
202209241500	44828.625	14.73	0.022	6	14.751	14.703	1	33.001	0.004	6	33.011	33.001	1
202209241600	44828.66667	14.763	0.037	6	14.834	14.744	1	33.002	0	6	33.002	33.002	1
202209241700	44828.70833	14.903	0.037	6	14.924	14.834	1	32.992	0.013	6	33.002	32.972	1
202209241800	44828.75	14.904	0.014	6	14.93	14.893	1	32.958	0.019	6	32.983	32.933	1
202209241900	44828.79167	15.329	0.253	6	15.465	14.919	1	33.023	0.022	6	33.033	32.983	1
202209242000	44828.83333	15.456	0.061	6	15.556	15.396	1	33.023	0.01	6	33.043	33.013	1
202209242100	44828.875	15.115	0.095	6	15.348	15.105	1	32.994	0.01	6	33.014	32.984	1
202209242200	44828.91667	15.099	0.005	6	15.109	15.094	1	32.994	0.004	6	33.004	32.994	1
202209242300	44828.95833	15.15	0.045	6	15.174	15.072	1	33.019	0.015	6	33.024	32.994	1
202209250000	44829	14.93	0.16	6	15.051	14.663	1	32.97	0.041	6	33.015	32.905	1
202209250100	44829.04167	14.757	0.093	6	14.867	14.64	1	32.945	0.019	6	32.965	32.915	1
202209250200	44829.08333	14.647	0.057	6	14.769	14.622	1	32.986	0.023	6	33.006	32.946	1
202209250300	44829.125	14.62	0.031	6	14.68	14.606	1	33.001	0.005	6	33.006	32.996	1
202209250400	44829.16667	14.687	0.009	6	14.693	14.671	1	32.956	0.016	6	32.996	32.956	1
202209250500	44829.20833	14.687	0.004	6	14.692	14.681	1	32.852	0.05	6	32.967	32.837	1
202209250600	44829.25	14.715	0.008	6	14.72	14.698	1	32.907	0.016	6	32.907	32.867	1
202209250700	44829.29167	14.732	0.061	6	14.847	14.683	1	32.922	0.019	6	32.947	32.907	1
202209250800	44829.33333	14.834	0.055	6	14.931	14.788	1	32.953	0.015	6	32.978	32.938	1
202209250900	44829.375	15.035	0.025	6	15.046	14.98	1	32.988	0.008	6	32.998	32.978	1
202209251000	44829.41667	15.032	0.004	6	15.039	15.026	1	32.968	0.005	6	32.978	32.968	1
202209251100	44829.45833	15.054	0.033	6	15.079	14.999	1	32.954	0.008	6	32.959	32.939	1
202209251200	44829.5	15.074	0.033	6	15.122	15.027	1	32.939	0.006	6	32.949	32.929	1
202209251300	44829.54167	15.017	0.056	6	15.117	14.96	1	32.92	0.008	6	32.93	32.91	1
202209251400	44829.58333	14.996	0.064	6	15.069	14.895	1	32.915	0.018	6	32.95	32.9	1
202209251500	44829.625	14.768	0.035	6	14.807	14.72	1	33.04	0.021	6	33.05	33	1
202209251600	44829.66667	14.742	0.033	6	14.813	14.731	1	33.001	0.009	6	33.011	32.991	1
202209251700	44829.70833	14.769	0.019	6	14.794	14.748	1	32.941	0.073	6	32.981	32.811	1
202209251800	44829.75	14.789	0.006	6	14.792	14.779	1	32.766	0.027	6	32.811	32.751	1
202209251900	44829.79167	14.762	0.015	6	14.774	14.74	1	32.762	0.004	6	32.762	32.752	1
202209252000	44829.83333	14.75	0.015	6	14.766	14.725	1	32.812	0.01	6	32.822	32.792	1
202209252100	44829.875	14.776	0.06	6	14.888	14.732	1	32.842	0.008	6	32.852	32.832	1
202209252200	44829.91667	14.794	0.051	6	14.824	14.687	1	32.843	0.005	6	32.853	32.843	1
202209252300	44829.95833	14.639	0.042	6	14.68	14.571	1	32.858	0.023	6	32.893	32.833	1
202209260000	44830	14.625	0.012	6	14.631	14.602	1	32.894	0.013	6	32.924	32.894	1
202209260100	44830.04167	14.461	0.052	6	14.57	14.427	1	32.894	0.032	6	32.934	32.854	1
202209260200	44830.08333	14.478	0.028	6	14.516	14.434	1	32.854	0.016	6	32.894	32.854	1
202209260300	44830.125	14.545	0.018	6	14.562	14.512	1	32.855	0.008	6	32.865	32.845	1
202209260400	44830.16667	14.536	0.009	6	14.548	14.522	1	32.835	0.014	6	32.855	32.815	1
202209260500	44830.20833	14.526	0.038	6	14.608	14.502	1	32.865	0.021	6	32.875	32.825	1
202209260600	44830.25	14.569	0.035	6	14.591	14.506	1	32.881	0.017	6	32.916	32.866	1
202209260700	44830.29167	14.747	0.139	6	14.974	14.586	1	32.956	0.038	6	33.006	32.916	1
202209260800	44830.33333	14.701	0.091	6	14.84	14.595	1	32.947	0.022	6	32.987	32.927	1
202209260900	44830.375	14.927	0.048	6	14.972	14.832	1	32.987	0.008	6	32.997	32.977	1
202209261000	44830.41667	15.048	0.081	6	15.081	14.862	1	32.997	0.015	6	33.007	32.967	1
202209261100	44830.45833	14.578	0.127	6	14.844	14.536	1	32.903	0.028	6	32.958	32.898	1
202209261200	44830.5	14.626	0.04	6	14.706	14.601	1	32.893	0.008	6	32.908	32.888	1
202209261300	44830.54167	14.634	0.113	6	14.721	14.431	1	32.858	0.026	6	32.908	32.838	1
202209261400	44830.58333	14.553	0.1	6	14.758	14.469	1	32.859	0.014	6	32.869	32.829	1
202209261500	44830.625	14.658	0.07	6	14.694	14.499	1	32.819	0.01	6	32.839	32.809	1
202209261600	44830.66667	14.743	0.082	6	14.902	14.685	1	32.849	0.026	6	32.889	32.829	1
202209261700	44830.70833	14.954	0.027	6	14.964	14.899	1	32.91	0.008	6	32.91	32.89	1
202209261800	44830.75	14.954	0.008	6	14.966	14.947	1	32.905	0.005	6	32.91	32.9	1
202209261900	44830.79167	14.959	0.005	6	14.968	14.954	1	32.921	0.008	6	32.921	32.901	1
202209262000	44830.83333	15.001	0.075	6	15.105	14.927	1	32.941	0.024	6	32.971	32.911	1
202209262100	44830.875	15.055	0.021	6	15.089	15.043	1	32.961	0.008	6	32.971	32.951	1
202209262200	44830.91667	15.135	0.038	6	15.181	15.081	1	32.982	0.009	6	32.992	32.972	1
202209262300	44830.95833	14.99	0.067	6	15.101	14.913	1	32.962	0.014	6	32.992	32.952	1
202209270000	44831	14.868	0.029	6	14.909	14.825	1	32.957	0.005	6	32.962	32.952	1
202209270100	44831.04167	14.722	0.046	6	14.794	14.668	1	32.953	0.005	6	32.953	32.943	1
202209270200	44831.08333	14.623	0.033	6	14.645	14.554	1	32.953	0.008	6	32.953	32.933	1
202209270300	44831.125	14.331	0.093	6	14.439	14.199	1	32.868	0.028	6	32.903	32.823	1
202209270400	44831.16667	14.394	0.053	6	14.499	14.37	1	32.839	0.015	6	32.864	32.824	1
202209270500	44831.20833	14.49	0.028	6	14.518	14.449	1	32.879	0.027	6	32.924	32.864	1
202209270600	44831.25	14.499	0.028	6	14.517	14.451	1	32.955	0.01	6	32.965	32.935	1
202209270700	44831.29167	14.458	0.01	6	14.472	14.44	1	32.965	0.005	6	32.965	32.955	1
202209270800	44831.33333	14.651	0.126	6	14.74	14.464	1	32.995	0.016	6	33.005	32.965	1
202209270900	44831.375	14.893	0.048	6	14.99	14.859	1	33.036	0.011	6	33.056	33.026	1
202209271000	44831.41667	14.933	0.058	6	14.98	14.826	1	33.041	0.016	6	33.046	33.006	1
202209271100	44831.45833	14.778	0.031	6	14.823	14.743	1	33.006	0.01	6	33.016	32.986	1
202209271200	44831.5	14.829	0.045	6	14.88	14.751	1	33.002	0.021	6	33.007	32.957	1
202209271300	44831.54167	14.838	0.016	6	14.855	14.81	1	32.987	0.006	6	32.997	32.977	1
202209271400	44831.58333	14.678	0.187	6	14.848	14.39	1	32.917	0.048	6	32.987	32.867	1
202209271500	44831.625	14.5	0.239	6	14.753	14.184	1	32.913	0.048	6	32.958	32.838	1
202209271600	44831.66667	13.969	0.072	6	14.127	13.941	1	32.838	0.009	6	32.848	32.828	1
202209271700	44831.70833	14.104	0.08	6	14.158	13.956	1	32.834	0.016	6	32.859	32.809	1
202209271800	44831.75	14.223	0.05	6	14.25	14.14	1	32.789	0.027	6	32.819	32.749	1
202209271900	44831.79167	14.22	0.006	6	14.231	14.213	1	32.734	0.008	6	32.749	32.729	1
202209272000	44831.83333	14.167	0.025	6	14.209	14.146	1	32.73	0.004	6	32.73	32.72	1
202209272100	44831.875	14.48	0.116	6	14.598	14.31	1	32.87	0.039	6	32.9	32.81	1
202209272200	44831.91667	14.46	0.113	6	14.512	14.252	1	32.86	0.033	6	32.88	32.8	1
202209272300	44831.95833	14.482	0.038	6	14.53	14.429	1	32.871	0.011	6	32.881	32.851	1
202209280000	44832	14.139	0.138	6	14.449	14.081	1	32.776	0.04	6	32.871	32.761	1
202209280100	44832.04167	14.053	0.043	6	14.136	14.011	1	32.762	0.009	6	32.772	32.752	1
202209280200	44832.08333	13.79	0.076	6	13.862	13.691	1	32.577	0.057	6	32.672	32.512	1
202209280300	44832.125	13.731	0.119	6	13.962	13.63	1	32.557	0.049	6	32.632	32.512	1
202209280400	44832.16667	13.753	0.027	6	13.776	13.712	1	32.763	0.029	6	32.763	32.693	1
202209280500	44832.20833	13.897	0.051	6	13.917	13.78	1	32.728	0.035	6	32.763	32.663	1
202209280600	44832.25	13.956	0.011	6	13.964	13.934	1	32.518	0.059	6	32.643	32.503	1
202209280700	44832.29167	13.975	0.016	6	13.989	13.953	1	32.549	0.025	6	32.554	32.504	1
202209280800	44832.33333	14.053	0.018	6	14.06	14.011	1	32.594	0.011	6	32.604	32.574	1
202209280900	44832.375	14.333	0.369	6	14.836	14.063	1	32.699	0.132	6	32.844	32.574	1
202209281000	44832.41667	14.697	0.085	6	14.763	14.57	1	32.784	0.033	6	32.834	32.744	1
202209281100	44832.45833	14.701	0.022	6	14.744	14.684	1	32.779	0.014	6	32.794	32.764	1
202209281200	44832.5	14.732	0.014	6	14.763	14.722	1	32.759	0.005	6	32.764	32.754	1
202209281300	44832.54167	14.813	0.031	6	14.855	14.775	1	32.734	0.01	6	32.754	32.724	1
202209281400	44832.58333	14.669	0.197	6	14.839	14.419	1	32.699	0.045	6	32.744	32.644	1
202209281500	44832.625	14.246	0.064	6	14.367	14.223	1	32.618	0.023	6	32.653	32.593	1
202209281600	44832.66667	14.179	0.18	6	14.314	13.906	1	32.638	0.072	6	32.763	32.593	1
202209281700	44832.70833	13.988	0.032	6	14.01	13.924	1	32.738	0.021	6	32.753	32.693	1
202209281800	44832.75	14.054	0.032	6	14.101	14.031	1	32.628	0.042	6	32.663	32.553	1
202209281900	44832.79167	14.16	0.015	6	14.165	14.13	1	32.348	0.063	6	32.463	32.323	1
202209282000	44832.83333	14.154	0.01	6	14.162	14.134	1	32.373	0.021	6	32.403	32.343	1
202209282100	44832.875	14.131	0.037	6	14.223	14.128	1	32.402	0.056	6	32.522	32.382	1
202209282200	44832.91667	14.338	0.146	6	14.574	14.14	1	32.547	0.046	6	32.632	32.492	1
202209282300	44832.95833	14.386	0.097	6	14.398	14.148	1	32.572	0.029	6	32.582	32.502	1
202209290000	44833	14.334	0.053	6	14.377	14.237	1	32.537	0.016	6	32.552	32.512	1
202209290100	44833.04167	14.126	0.037	6	14.2	14.09	1	32.502	0.004	6	32.512	32.502	1
202209290200	44833.08333	13.991	0.066	6	14.072	13.894	1	32.517	0.013	6	32.522	32.492	1
202209290300	44833.125	13.848	0.13	6	14.013	13.694	1	32.516	0.01	6	32.531	32.501	1
202209290400	44833.16667	13.691	0.094	6	13.839	13.604	1	32.546	0.096	6	32.741	32.511	1
202209290500	44833.20833	13.708	0.033	6	13.734	13.637	1	32.676	0.025	6	32.731	32.661	1
202209290600	44833.25	13.792	0.026	6	13.823	13.756	1	32.561	0.038	6	32.621	32.521	1
202209290700	44833.29167	13.887	0.025	6	13.897	13.833	1	32.356	0.052	6	32.471	32.331	1
202209290800	44833.33333	13.898	0.005	6	13.905	13.893	1	32.401	0.037	6	32.451	32.341	1
202209290900	44833.375	13.96	0.02	6	13.983	13.928	1	32.43	0.008	6	32.44	32.42	1
202209291000	44833.41667	14.171	0.084	6	14.282	14.089	1	32.47	0.022	6	32.49	32.44	1
202209291100	44833.45833	14.276	0.075	6	14.378	14.187	1	32.495	0.016	6	32.52	32.48	1
202209291200	44833.5	14.467	0.032	6	14.502	14.418	1	32.495	0.01	6	32.51	32.48	1
202209291300	44833.54167	14.434	0.032	6	14.481	14.409	1	32.475	0.005	6	32.48	32.47	1
202209291400	44833.58333	14.348	0.056	6	14.423	14.297	1	32.475	0.019	6	32.48	32.43	1
202209291500	44833.625	14.28	0.019	6	14.304	14.257	1	32.474	0.01	6	32.479	32.459	1
202209291600	44833.66667	14.279	0.081	6	14.314	14.094	1	32.489	0.032	6	32.559	32.469	1
202209291700	44833.70833	13.958	0.041	6	14.004	13.899	1	32.634	0.023	6	32.669	32.619	1
202209291800	44833.75	13.993	0.041	6	14.006	13.91	1	32.594	0.028	6	32.639	32.569	1
202209291900	44833.79167	14.041	0.031	6	14.098	14.014	1	32.479	0.082	6	32.559	32.349	1
202209292000	44833.83333	14.097	0.004	6	14.104	14.094	1	32.314	0.013	6	32.319	32.289	1
202209292100	44833.875	14.109	0.007	6	14.123	14.104	1	32.288	0.026	6	32.338	32.278	1
202209292200	44833.91667	14.124	0.034	6	14.182	14.108	1	32.333	0.01	6	32.348	32.328	1
202209292300	44833.95833	14.094	0.05	6	14.214	14.088	1	32.348	0.008	6	32.368	32.348	1
202209300000	44834	14.147	0.018	6	14.16	14.113	1	32.348	0.008	6	32.358	32.338	1
202209300100	44834.04167	14.088	0.027	6	14.122	14.057	1	32.338	0	6	32.338	32.338	1
202209300200	44834.08333	13.981	0.028	6	14.004	13.933	1	32.358	0.032	6	32.428	32.338	1
202209300300	44834.125	13.962	0.013	6	13.989	13.952	1	32.407	0.013	6	32.427	32.397	1
202209300400	44834.16667	13.876	0.051	6	13.957	13.833	1	32.422	0.008	6	32.427	32.407	1
202209300500	44834.20833	13.709	0.049	6	13.787	13.663	1	32.647	0.075	6	32.707	32.517	1
202209300600	44834.25	13.726	0.023	6	13.761	13.694	1	32.582	0.154	6	32.677	32.317	1
202209300700	44834.29167	13.791	0.047	6	13.837	13.712	1	32.422	0.155	6	32.597	32.207	1
202209300800	44834.33333	13.859	0.016	6	13.877	13.838	1	32.107	0.06	6	32.227	32.097	1
202209300900	44834.375	13.901	0.027	6	13.945	13.884	1	32.221	0.04	6	32.246	32.146	1
202209301000	44834.41667	13.999	0.191	6	14.382	13.949	1	32.216	0.088	6	32.386	32.206	1
202209301100	44834.45833	14.58	0.24	6	14.963	14.306	1	32.431	0.076	6	32.566	32.366	1
202209301200	44834.5	14.462	0.114	6	14.561	14.276	1	32.421	0.019	6	32.436	32.386	1
202209301300	44834.54167	14.654	0.047	6	14.716	14.61	1	32.406	0.01	6	32.426	32.396	1
202209301400	44834.58333	14.492	0.058	6	14.563	14.4	1	32.411	0.016	6	32.436	32.396	1
202209301500	44834.625	14.418	0.034	6	14.463	14.366	1	32.405	0.004	6	32.415	32.405	1
202209301600	44834.66667	14.405	0.11	6	14.543	14.245	1	32.35	0.042	6	32.405	32.305	1
202209301700	44834.70833	14.121	0.058	6	14.179	14.042	1	32.365	0.05	6	32.405	32.285	1
202209301800	44834.75	14.107	0.026	6	14.165	14.092	1	32.375	0.038	6	32.405	32.305	1
202209301900	44834.79167	14.118	0.012	6	14.134	14.098	1	32.305	0.014	6	32.325	32.285	1
202209302000	44834.83333	14.051	0.033	6	14.115	14.03	1	32.255	0.035	6	32.325	32.225	1
202209302100	44834.875	14.026	0.028	6	14.045	13.973	1	32.254	0.015	6	32.274	32.234	1
202209302200	44834.91667	13.955	0.017	6	13.976	13.931	1	32.214	0.026	6	32.234	32.164	1
202209302300	44834.95833	13.899	0.037	6	13.959	13.865	1	32.134	0.009	6	32.144	32.124	1
202210010000	44835	13.824	0.022	6	13.845	13.781	1	32.069	0.019	6	32.084	32.034	1
202210010100	44835.04167	13.796	0.029	6	13.849	13.776	1	32.049	0.017	6	32.064	32.024	1
202210010200	44835.08333	13.899	0.102	6	14.061	13.786	1	32.094	0.044	6	32.184	32.064	1
202210010300	44835.125	13.89	0.207	6	14.1	13.594	1	32.088	0.076	6	32.183	31.983	1
202210010400	44835.16667	13.71	0.092	6	13.872	13.602	1	32.043	0.037	6	32.103	31.993	1
202210010500	44835.20833	14.037	0.061	6	14.072	13.932	1	32.088	0.021	6	32.123	32.073	1
202210010600	44835.25	14.115	0.028	6	14.15	14.074	1	32.128	0.037	6	32.163	32.073	1
202210010700	44835.29167	14.199	0.033	6	14.237	14.168	1	32.193	0.022	6	32.213	32.173	1
202210010800	44835.33333	14.242	0.026	6	14.261	14.2	1	32.208	0.012	6	32.223	32.193	1
202210010900	44835.375	14.295	0.203	6	14.726	14.161	1	32.212	0.036	6	32.292	32.192	1
202210011000	44835.41667	14.826	0.268	6	15.089	14.441	1	32.327	0.057	6	32.362	32.242	1
202210011100	44835.45833	14.968	0.411	6	15.682	14.638	1	32.342	0.083	6	32.472	32.252	1
202210011200	44835.5	15.478	0.07	6	15.596	15.408	1	32.407	0.016	6	32.432	32.392	1
202210011300	44835.54167	15.648	0.188	6	15.749	15.286	1	32.442	0.038	6	32.462	32.372	1
202210011400	44835.58333	15.337	0.029	6	15.368	15.281	1	32.362	0.008	6	32.372	32.352	1
202210011500	44835.625	14.752	0.174	6	15.169	14.719	1	32.171	0.067	6	32.331	32.161	1
202210011600	44835.66667	14.805	0.114	6	14.838	14.564	1	32.181	0.039	6	32.201	32.101	1
202210011700	44835.70833	14.543	0.063	6	14.675	14.532	1	32.106	0.054	6	32.211	32.091	1
202210011800	44835.75	14.669	0.058	6	14.81	14.658	1	32.236	0.02	6	32.271	32.211	1
202210011900	44835.79167	14.944	0.115	6	15.023	14.741	1	32.266	0.021	6	32.291	32.231	1
202210012000	44835.83333	15.261	0.078	6	15.295	15.126	1	32.306	0.01	6	32.311	32.291	1
202210012100	44835.875	15.331	0.027	6	15.337	15.268	1	32.31	0.004	6	32.32	32.31	1
202210012200	44835.91667	15.535	0.144	6	15.616	15.238	1	32.325	0.015	6	32.35	32.31	1
202210012300	44835.95833	15.79	0.119	6	15.937	15.645	1	32.295	0.06	6	32.33	32.19	1
202210020000	44836	15.869	0.049	6	15.931	15.818	1	32.145	0.035	6	32.19	32.1	1
202210020100	44836.04167	15.746	0.024	6	15.777	15.714	1	32.205	0.019	6	32.22	32.17	1
202210020200	44836.08333	15.674	0.029	6	15.713	15.637	1	32.21	0.008	6	32.22	32.2	1
202210020300	44836.125	15.565	0.111	6	15.636	15.356	1	32.184	0.034	6	32.229	32.149	1
202210020400	44836.16667	15.371	0.108	6	15.427	15.199	1	32.174	0.015	6	32.199	32.159	1
202210020500	44836.20833	14.822	0.317	6	15.069	14.345	1	32.159	0.016	6	32.169	32.129	1
202210020600	44836.25	14.536	0.089	6	14.661	14.411	1	32.189	0.004	6	32.199	32.189	1
202210020700	44836.29167	14.436	0.134	6	14.668	14.383	1	32.184	0.025	6	32.229	32.179	1
202210020800	44836.33333	14.729	0.109	6	14.975	14.707	1	32.234	0.012	6	32.249	32.219	1
202210020900	44836.375	14.904	0.048	6	14.95	14.824	1	32.233	0.008	6	32.238	32.218	1
202210021000	44836.41667	14.96	0.036	6	15.034	14.951	1	32.238	0.005	6	32.248	32.238	1
202210021100	44836.45833	15.577	0.262	6	15.715	15.004	1	32.308	0.035	6	32.338	32.238	1
202210021200	44836.5	15.762	0.037	6	15.807	15.713	1	32.308	0.015	6	32.328	32.288	1
202210021300	44836.54167	15.719	0.033	6	15.792	15.696	1	32.288	0	6	32.288	32.288	1
202210021400	44836.58333	15.758	0.029	6	15.789	15.721	1	32.288	0.004	6	32.298	32.288	1
202210021500	44836.625	15.777	0.01	6	15.789	15.762	1	32.287	0	6	32.287	32.287	1
202210021600	44836.66667	15.678	0.069	6	15.715	15.548	1	32.277	0.012	6	32.277	32.247	1
202210021700	44836.70833	15.178	0.134	6	15.406	15.047	1	32.222	0.012	6	32.237	32.207	1
202210021800	44836.75	14.934	0.056	6	15.039	14.886	1	32.207	0.006	6	32.217	32.197	1
202210021900	44836.79167	14.626	0.09	6	14.762	14.514	1	32.187	0.012	6	32.197	32.167	1
202210022000	44836.83333	14.849	0.082	6	14.895	14.672	1	32.217	0.01	6	32.227	32.197	1
202210022100	44836.875	15.064	0.14	6	15.17	14.859	1	32.251	0.024	6	32.276	32.216	1
202210022200	44836.91667	15.102	0.029	6	15.14	15.062	1	32.246	0.004	6	32.246	32.236	1
202210022300	44836.95833	15.172	0.056	6	15.24	15.093	1	32.266	0.005	6	32.266	32.256	1
202210030000	44837	15.459	0.108	6	15.487	15.227	1	32.286	0.014	6	32.306	32.266	1
202210030100	44837.04167	15.363	0.057	6	15.485	15.338	1	32.286	0.005	6	32.286	32.276	1
202210030200	44837.08333	15.319	0.021	6	15.334	15.281	1	32.281	0.005	6	32.286	32.276	1
202210030300	44837.125	15.208	0.044	6	15.258	15.151	1	32.275	0.01	6	32.275	32.255	1
202210030400	44837.16667	14.99	0.085	6	15.111	14.903	1	32.245	0.008	6	32.255	32.235	1
202210030500	44837.20833	14.891	0.088	6	14.918	14.681	1	32.235	0.008	6	32.245	32.225	1
202210030600	44837.25	14.613	0.105	6	14.776	14.524	1	32.215	0.011	6	32.225	32.205	1
202210030700	44837.29167	14.392	0.193	6	14.68	14.211	1	32.19	0.026	6	32.225	32.155	1
202210030800	44837.33333	14.184	0.059	6	14.313	14.161	1	32.175	0.01	6	32.185	32.155	1
202210030900	44837.375	14.444	0.06	6	14.558	14.411	1	32.194	0.008	6	32.204	32.184	1
202210031000	44837.41667	14.649	0.066	6	14.745	14.57	1	32.204	0.005	6	32.204	32.194	1
202210031100	44837.45833	14.789	0.026	6	14.814	14.74	1	32.204	0.004	6	32.204	32.194	1
202210031200	44837.5	15.087	0.319	6	15.581	14.774	1	32.274	0.056	6	32.354	32.204	1
202210031300	44837.54167	15.392	0.152	6	15.758	15.367	1	32.284	0.029	6	32.354	32.274	1
202210031400	44837.58333	15.374	0.054	6	15.416	15.284	1	32.274	0.014	6	32.284	32.254	1
202210031500	44837.625	15.339	0.059	6	15.435	15.292	1	32.263	0.012	6	32.283	32.253	1
202210031600	44837.66667	15.355	0.121	6	15.476	15.207	1	32.258	0.015	6	32.273	32.233	1
202210031700	44837.70833	15.147	0.025	6	15.175	15.125	1	32.223	0.004	6	32.223	32.213	1
202210031800	44837.75	15.152	0.03	6	15.169	15.086	1	32.213	0.008	6	32.213	32.193	1
202210031900	44837.79167	14.617	0.216	6	14.884	14.42	1	32.123	0.042	6	32.183	32.073	1
202210032000	44837.83333	14.412	0.076	6	14.54	14.357	1	32.108	0.017	6	32.133	32.093	1
202210032100	44837.875	14.691	0.055	6	14.717	14.567	1	32.162	0.01	6	32.172	32.142	1
202210032200	44837.91667	14.689	0.031	6	14.756	14.68	1	32.162	0.005	6	32.172	32.162	1
202210032300	44837.95833	14.796	0.02	6	14.821	14.763	1	32.182	0.004	6	32.182	32.172	1
202210040000	44838	14.938	0.093	6	15.08	14.812	1	32.197	0.005	6	32.202	32.192	1
202210040100	44838.04167	15.237	0.073	6	15.322	15.156	1	32.182	0.02	6	32.212	32.152	1
202210040200	44838.08333	15.132	0.043	6	15.156	15.037	1	32.162	0.005	6	32.172	32.162	1
202210040300	44838.125	14.98	0.022	6	15.029	14.968	1	32.181	0.005	6	32.181	32.171	1
202210040400	44838.16667	14.962	0.013	6	14.973	14.936	1	32.176	0.005	6	32.181	32.171	1
202210040500	44838.20833	14.759	0.063	6	14.872	14.678	1	32.181	0.005	6	32.181	32.171	1
202210040600	44838.25	14.612	0.11	6	14.754	14.504	1	32.171	0.014	6	32.191	32.161	1
202210040700	44838.29167	14.524	0.064	6	14.557	14.41	1	32.156	0.019	6	32.171	32.121	1
202210040800	44838.33333	14.422	0.128	6	14.631	14.252	1	32.096	0.06	6	32.171	32.011	1
202210040900	44838.375	14.422	0.076	6	14.442	14.24	1	32.04	0.027	6	32.08	32	1
202210041000	44838.41667	14.458	0.044	6	14.549	14.439	1	32.055	0.01	6	32.07	32.04	1
202210041100	44838.45833	14.647	0.046	6	14.711	14.592	1	32.09	0.004	6	32.09	32.08	1
202210041200	44838.5	14.717	0.024	6	14.752	14.69	1	32.09	0	6	32.09	32.09	1
202210041300	44838.54167	14.767	0.018	6	14.791	14.742	1	32.085	0.005	6	32.09	32.08	1
202210041400	44838.58333	14.744	0.014	6	14.772	14.732	1	32.08	0.004	6	32.08	32.07	1
202210041500	44838.625	14.859	0.099	6	14.991	14.768	1	32.089	0	6	32.089	32.089	1
202210041600	44838.66667	14.921	0.023	6	14.966	14.9	1	32.089	0	6	32.089	32.089	1
202210041700	44838.70833	14.943	0.052	6	15.043	14.892	1	32.089	0.005	6	32.099	32.089	1
202210041800	44838.75	15.071	0.018	6	15.102	15.057	1	32.099	0.006	6	32.109	32.089	1
202210041900	44838.79167	14.954	0.071	6	15.025	14.835	1	32.099	0	6	32.099	32.099	1
202210042000	44838.83333	14.836	0.033	6	14.869	14.774	1	32.099	0.008	6	32.099	32.079	1
202210042100	44838.875	14.815	0.047	6	14.919	14.787	1	32.088	0.005	6	32.098	32.088	1
202210042200	44838.91667	15.021	0.057	6	15.077	14.935	1	32.098	0.008	6	32.098	32.078	1
202210042300	44838.95833	15.095	0.028	6	15.125	15.043	1	32.068	0.01	6	32.088	32.058	1
202210050000	44839	15.123	0.017	6	15.151	15.102	1	32.058	0.004	6	32.058	32.048	1
202210050100	44839.04167	15.126	0.006	6	15.139	15.122	1	32.058	0.004	6	32.058	32.048	1
202210050200	44839.08333	15.521	0.144	6	15.557	15.183	1	31.963	0.047	6	32.048	31.928	1
202210050300	44839.125	15.577	0.022	6	15.609	15.545	1	31.912	0.029	6	31.937	31.857	1
202210050400	44839.16667	15.683	0.03	6	15.702	15.622	1	31.727	0.048	6	31.827	31.707	1
202210050500	44839.20833	15.654	0.099	6	15.688	15.426	1	31.742	0.058	6	31.867	31.707	1
202210050600	44839.25	15.402	0.032	6	15.453	15.365	1	31.912	0.014	6	31.927	31.897	1
202210050700	44839.29167	15.247	0.086	6	15.325	15.119	1	31.967	0.037	6	32.027	31.937	1
202210050800	44839.33333	15.199	0.031	6	15.225	15.152	1	31.997	0.01	6	32.007	31.977	1
202210050900	44839.375	15.279	0.023	6	15.286	15.23	1	31.996	0.006	6	32.006	31.986	1
202210051000	44839.41667	15.262	0.019	6	15.283	15.237	1	32.006	0.01	6	32.006	31.986	1
202210051100	44839.45833	15.344	0.064	6	15.431	15.274	1	31.961	0.027	6	31.986	31.926	1
202210051200	44839.5	15.537	0.047	6	15.562	15.452	1	31.906	0.014	6	31.926	31.896	1
202210051300	44839.54167	15.592	0.045	6	15.645	15.54	1	31.906	0.012	6	31.926	31.896	1
202210051400	44839.58333	15.651	0.033	6	15.709	15.621	1	31.896	0.012	6	31.906	31.876	1
202210051500	44839.625	15.653	0.028	6	15.705	15.623	1	31.895	0.008	6	31.905	31.885	1
202210051600	44839.66667	15.747	0.03	6	15.749	15.672	1	31.855	0.032	6	31.885	31.805	1
202210051700	44839.70833	15.759	0.026	6	15.806	15.736	1	31.745	0.047	6	31.815	31.685	1
202210051800	44839.75	15.768	0.016	6	15.804	15.757	1	31.725	0.024	6	31.735	31.675	1
202210051900	44839.79167	15.716	0.05	6	15.777	15.672	1	31.725	0.034	6	31.735	31.655	1
202210052000	44839.83333	15.671	0.019	6	15.699	15.66	1	31.715	0.023	6	31.745	31.685	1
202210052100	44839.875	15.604	0.044	6	15.659	15.541	1	31.794	0.042	6	31.854	31.734	1
202210052200	44839.91667	15.482	0.04	6	15.534	15.445	1	31.819	0.033	6	31.854	31.774	1
202210052300	44839.95833	15.475	0.037	6	15.531	15.454	1	31.789	0.048	6	31.834	31.724	1
202210060000	44840	15.54	0.02	6	15.579	15.534	1	31.624	0.065	6	31.704	31.544	1
202210060100	44840.04167	15.561	0.019	6	15.582	15.536	1	31.554	0.008	6	31.564	31.544	1
202210060200	44840.08333	15.546	0.023	6	15.579	15.518	1	31.539	0.008	6	31.554	31.534	1
202210060300	44840.125	15.465	0.027	6	15.471	15.403	1	31.568	0.014	6	31.583	31.543	1
202210060400	44840.16667	15.797	0.064	6	15.851	15.678	1	31.473	0.026	6	31.503	31.433	1
202210060500	44840.20833	15.835	0.027	6	15.854	15.782	1	31.423	0	6	31.423	31.423	1
202210060600	44840.25	15.648	0.049	6	15.743	15.623	1	31.488	0.033	6	31.513	31.433	1
202210060700	44840.29167	15.215	0.213	6	15.459	14.868	1	31.568	0.111	6	31.703	31.423	1
202210060800	44840.33333	14.972	0.073	6	15.081	14.861	1	31.668	0.05	6	31.713	31.583	1
202210060900	44840.375	14.933	0.05	6	15.004	14.87	1	31.652	0.027	6	31.662	31.592	1
202210061000	44840.41667	14.991	0.076	6	15.146	14.936	1	31.637	0.035	6	31.672	31.572	1
202210061100	44840.45833	15.186	0.05	6	15.281	15.167	1	31.652	0.018	6	31.672	31.622	1
202210061200	44840.5	15.327	0.103	6	15.572	15.295	1	31.752	0.027	6	31.792	31.722	1
202210061300	44840.54167	15.438	0.047	6	15.459	15.329	1	31.652	0.015	6	31.682	31.642	1
202210061400	44840.58333	15.545	0.062	6	15.64	15.465	1	31.562	0.066	6	31.622	31.442	1
202210061500	44840.625	15.61	0.041	6	15.653	15.568	1	31.452	0.03	6	31.482	31.412	1
202210061600	44840.66667	15.548	0.01	6	15.56	15.531	1	31.492	0.008	6	31.492	31.472	1
202210061700	44840.70833	15.555	0.02	6	15.566	15.514	1	31.457	0.008	6	31.472	31.452	1
202210061800	44840.75	15.599	0.063	6	15.647	15.463	1	31.353	0.055	6	31.483	31.333	1
202210061900	44840.79167	15.571	0.053	6	15.584	15.452	1	31.353	0.029	6	31.423	31.343	1
202210062000	44840.83333	15.458	0.05	6	15.469	15.341	1	31.458	0.032	6	31.533	31.453	1
202210062100	44840.875	15.364	0.058	6	15.395	15.244	1	31.533	0.035	6	31.603	31.523	1
202210062200	44840.91667	15.146	0.074	6	15.228	15.044	1	31.633	0.022	6	31.663	31.603	1
202210062300	44840.95833	15.145	0.025	6	15.177	15.101	1	31.608	0.012	6	31.623	31.593	1
202210070000	44841	15.096	0.02	6	15.133	15.078	1	31.778	0.049	6	31.803	31.673	1
202210070100	44841.04167	15.152	0.034	6	15.21	15.113	1	31.728	0.03	6	31.763	31.673	1
202210070200	44841.08333	15.292	0.029	6	15.338	15.255	1	31.563	0.045	6	31.633	31.513	1
202210070300	44841.125	15.332	0.011	6	15.347	15.321	1	31.529	0.008	6	31.534	31.514	1
202210070400	44841.16667	15.324	0.012	6	15.338	15.302	1	31.504	0.021	6	31.514	31.464	1
202210070500	44841.20833	15.379	0.024	6	15.43	15.367	1	31.444	0.036	6	31.444	31.354	1
202210070600	44841.25	15.473	0.042	6	15.544	15.445	1	31.274	0.081	6	31.294	31.114	1
202210070700	44841.29167	15.532	0.007	6	15.547	15.527	1	31.149	0.021	6	31.184	31.134	1
202210070800	44841.33333	15.509	0.042	6	15.524	15.418	1	31.169	0.045	6	31.264	31.144	1
202210070900	44841.375	15.362	0.056	6	15.456	15.318	1	31.329	0.043	6	31.374	31.264	1
202210071000	44841.41667	15.313	0.056	6	15.418	15.258	1	31.399	0.049	6	31.444	31.324	1
202210071100	44841.45833	15.204	0.1	6	15.393	15.188	1	31.524	0.033	6	31.534	31.454	1
202210071200	44841.5	15.315	0.024	6	15.362	15.294	1	31.53	0.049	6	31.635	31.505	1
202210071300	44841.54167	15.245	0.03	6	15.294	15.202	1	31.705	0.049	6	31.735	31.595	1
202210071400	44841.58333	15.289	0.033	6	15.334	15.259	1	31.625	0.037	6	31.665	31.585	1
202210071500	44841.625	15.529	0.072	6	15.586	15.398	1	31.495	0.039	6	31.575	31.485	1
202210071600	44841.66667	15.54	0.042	6	15.62	15.529	1	31.485	0.015	6	31.495	31.455	1
202210071700	44841.70833	15.518	0.039	6	15.536	15.427	1	31.485	0.03	6	31.525	31.435	1
202210071800	44841.75	15.559	0.058	6	15.63	15.463	1	31.315	0.135	6	31.495	31.135	1
202210071900	44841.79167	15.614	0.011	6	15.628	15.597	1	31.1	0.029	6	31.145	31.055	1
202210072000	44841.83333	15.648	0.024	6	15.672	15.605	1	30.94	0.067	6	31.045	30.865	1
202210072100	44841.875	15.629	0.029	6	15.666	15.597	1	30.901	0.036	6	30.946	30.866	1
202210072200	44841.91667	15.521	0.022	6	15.563	15.502	1	31.091	0.039	6	31.156	31.046	1
202210072300	44841.95833	15.517	0.041	6	15.545	15.431	1	31.126	0.051	6	31.236	31.096	1
202210080000	44842	15.383	0.027	6	15.405	15.338	1	31.321	0.013	6	31.326	31.296	1
202210080100	44842.04167	15.325	0.015	6	15.355	15.316	1	31.496	0.034	6	31.516	31.426	1
202210080200	44842.08333	15.379	0.026	6	15.408	15.346	1	31.381	0.076	6	31.456	31.276	1
202210080300	44842.125	15.445	0.004	6	15.452	15.443	1	31.111	0.025	6	31.166	31.096	1
202210080400	44842.16667	15.429	0.01	6	15.442	15.419	1	31.091	0.018	6	31.096	31.056	1
202210080500	44842.20833	15.4	0.014	6	15.417	15.382	1	31.007	0.019	6	31.037	30.997	1
202210080600	44842.25	15.403	0.064	6	15.516	15.359	1	30.972	0.038	6	31.007	30.907	1
202210080700	44842.29167	15.521	0.019	6	15.555	15.512	1	30.767	0.074	6	30.877	30.687	1
202210080800	44842.33333	15.472	0.028	6	15.51	15.441	1	30.797	0.031	6	30.827	30.737	1
202210080900	44842.375	15.412	0.021	6	15.435	15.371	1	30.837	0.05	6	30.947	30.807	1
202210081000	44842.41667	15.227	0.128	6	15.374	15.062	1	31.082	0.173	6	31.157	30.777	1
202210081100	44842.45833	15.261	0.086	6	15.417	15.174	1	31.052	0.022	6	31.077	31.017	1
202210081200	44842.5	15.296	0.113	6	15.44	15.179	1	31.092	0.037	6	31.157	31.067	1
202210081300	44842.54167	15.188	0.032	6	15.209	15.122	1	31.197	0.039	6	31.267	31.177	1
202210081400	44842.58333	15.148	0.032	6	15.205	15.124	1	31.483	0.056	6	31.538	31.398	1
202210081500	44842.625	15.196	0.044	6	15.266	15.154	1	31.418	0.058	6	31.518	31.358	1
202210081600	44842.66667	15.272	0.034	6	15.309	15.215	1	31.253	0.063	6	31.378	31.198	1
202210081700	44842.70833	15.284	0.01	6	15.293	15.27	1	31.203	0.026	6	31.238	31.168	1
202210081800	44842.75	15.421	0.086	6	15.457	15.266	1	31.083	0.042	6	31.158	31.068	1
202210081900	44842.79167	15.478	0.016	6	15.498	15.456	1	31.048	0.012	6	31.068	31.038	1
202210082000	44842.83333	15.487	0.025	6	15.497	15.431	1	30.953	0.031	6	31.018	30.938	1
202210082100	44842.875	15.394	0.016	6	15.409	15.37	1	31.008	0.012	6	31.028	30.998	1
202210082200	44842.91667	15.314	0.034	6	15.362	15.278	1	31.003	0.005	6	31.008	30.998	1
202210082300	44842.95833	15.205	0.049	6	15.255	15.154	1	31.039	0.056	6	31.159	31.009	1
202210090000	44843	14.969	0.087	6	15.128	14.897	1	31.394	0.07	6	31.429	31.239	1
202210090100	44843.04167	14.772	0.078	6	14.874	14.679	1	31.449	0.035	6	31.499	31.409	1
202210090200	44843.08333	14.414	0.189	6	14.665	14.109	1	31.479	0.038	6	31.539	31.429	1
202210090300	44843.125	14.434	0.166	6	14.63	14.211	1	31.484	0.035	6	31.539	31.449	1
202210090400	44843.16667	14.7	0.057	6	14.768	14.623	1	31.439	0.036	6	31.519	31.419	1
202210090500	44843.20833	14.764	0.01	6	14.777	14.755	1	31.444	0.008	6	31.459	31.439	1
202210090600	44843.25	14.783	0.058	6	14.893	14.744	1	31.429	0.042	6	31.459	31.359	1
202210090700	44843.29167	15.023	0.134	6	15.185	14.892	1	31.179	0.187	6	31.339	30.939	1
202210090800	44843.33333	15.234	0.034	6	15.259	15.182	1	30.81	0.068	6	30.92	30.75	1
202210090900	44843.375	15.159	0.038	6	15.238	15.137	1	30.97	0.077	6	31	30.8	1
202210091000	44843.41667	15.193	0.025	6	15.233	15.17	1	30.97	0.015	6	30.98	30.94	1
202210091100	44843.45833	15.321	0.026	6	15.333	15.264	1	30.92	0.039	6	30.97	30.87	1
202210091200	44843.5	15.096	0.146	6	15.321	14.973	1	31.12	0.084	6	31.19	30.99	1
202210091300	44843.54167	15.031	0.069	6	15.067	14.879	1	31.21	0.032	6	31.27	31.17	1
202210091400	44843.58333	14.818	0.216	6	14.978	14.478	1	31.285	0.038	6	31.32	31.22	1
202210091500	44843.625	14.146	0.071	6	14.252	14.086	1	31.26	0.021	6	31.28	31.22	1
202210091600	44843.66667	14.395	0.116	6	14.547	14.291	1	31.32	0.033	6	31.37	31.29	1
202210091700	44843.70833	14.572	0.134	6	14.825	14.473	1	31.396	0.054	6	31.471	31.341	1
202210091800	44843.75	14.809	0.039	6	14.885	14.77	1	31.426	0.017	6	31.441	31.391	1
202210091900	44843.79167	14.909	0.009	6	14.926	14.904	1	31.351	0.042	6	31.381	31.271	1
202210092000	44843.83333	14.995	0.028	6	15.027	14.959	1	31.146	0.051	6	31.231	31.111	1
202210092100	44843.875	14.984	0.056	6	15.068	14.914	1	31.156	0.068	6	31.221	31.051	1
202210092200	44843.91667	14.822	0.005	6	14.827	14.813	1	31.306	0.014	6	31.321	31.281	1
202210092300	44843.95833	14.742	0.047	6	14.804	14.68	1	31.336	0.012	6	31.351	31.321	1
202210100000	44844	14.564	0.07	6	14.667	14.477	1	31.256	0.038	6	31.321	31.221	1
202210100100	44844.04167	14.406	0.126	6	14.461	14.139	1	31.347	0.024	6	31.372	31.302	1
202210100200	44844.08333	14.092	0.202	6	14.324	13.846	1	31.252	0.034	6	31.302	31.202	1
202210100300	44844.125	13.909	0.085	6	13.956	13.753	1	31.102	0.096	6	31.162	30.952	1
202210100400	44844.16667	13.98	0.026	6	14.02	13.948	1	31.207	0.035	6	31.242	31.152	1
202210100500	44844.20833	14.028	0.062	6	14.138	13.962	1	31.262	0.054	6	31.332	31.182	1
202210100600	44844.25	14.133	0.1	6	14.361	14.08	1	31.332	0.035	6	31.342	31.252	1
202210100700	44844.29167	14.565	0.051	6	14.615	14.479	1	31.222	0.043	6	31.272	31.162	1
202210100800	44844.33333	14.659	0.053	6	14.754	14.616	1	31.127	0.039	6	31.162	31.052	1
202210100900	44844.375	14.867	0.016	6	14.876	14.839	1	30.977	0.008	6	30.982	30.962	1
202210101000	44844.41667	14.839	0.013	6	14.85	14.816	1	30.988	0.008	6	31.003	30.983	1
202210101100	44844.45833	14.65	0.081	6	14.779	14.557	1	31.048	0.032	6	31.093	31.003	1
202210101200	44844.5	14.49	0.071	6	14.573	14.407	1	31.113	0.018	6	31.123	31.083	1
202210101300	44844.54167	14.162	0.094	6	14.321	14.09	1	31.133	0.008	6	31.133	31.113	1
202210101400	44844.58333	14.225	0.036	6	14.242	14.151	1	31.153	0.012	6	31.163	31.133	1
202210101500	44844.625	14.255	0.021	6	14.273	14.212	1	31.248	0.046	6	31.293	31.183	1
202210101600	44844.66667	14.353	0.059	6	14.408	14.272	1	31.228	0.025	6	31.283	31.213	1
202210101700	44844.70833	14.435	0.089	6	14.54	14.322	1	31.183	0.026	6	31.213	31.153	1
202210101800	44844.75	14.559	0.003	6	14.562	14.555	1	31.163	0.004	6	31.173	31.163	1
202210101900	44844.79167	14.543	0.021	6	14.554	14.508	1	31.174	0.004	6	31.174	31.164	1
202210102000	44844.83333	14.684	0.223	6	15.062	14.507	1	31.174	0.019	6	31.204	31.154	1
202210102100	44844.875	14.994	0.024	6	15.002	14.95	1	31.054	0.065	6	31.154	30.994	1
202210102200	44844.91667	14.822	0.034	6	14.893	14.805	1	31.124	0.017	6	31.144	31.094	1
202210102300	44844.95833	14.808	0.006	6	14.814	14.8	1	31.104	0.004	6	31.114	31.104	1
202210110000	44845	14.736	0.095	6	14.788	14.545	1	31.094	0.009	6	31.104	31.084	1
202210110100	44845.04167	14.528	0.1	6	14.618	14.367	1	31.099	0.023	6	31.144	31.094	1
202210110200	44845.08333	14.162	0.08	6	14.312	14.109	1	31.149	0.005	6	31.154	31.144	1
202210110300	44845.125	13.925	0.151	6	14.081	13.702	1	31.169	0.2	6	31.184	30.704	1
202210110400	44845.16667	13.742	0.135	6	13.972	13.615	1	30.795	0.178	6	31.065	30.585	1
202210110500	44845.20833	13.982	0.072	6	14.132	13.941	1	31.06	0.046	6	31.145	31.025	1
202210110600	44845.25	14.166	0.018	6	14.195	14.146	1	31.155	0.008	6	31.155	31.135	1
202210110700	44845.29167	14.137	0.281	6	14.735	14.113	1	31.125	0.141	6	31.425	31.125	1
202210110800	44845.33333	14.723	0.047	6	14.827	14.693	1	31.425	0.036	6	31.505	31.405	1
202210110900	44845.375	14.857	0.071	6	14.892	14.702	1	31.235	0.103	6	31.425	31.175	1
202210111000	44845.41667	14.723	0.036	6	14.792	14.683	1	31.225	0.034	6	31.275	31.195	1
202210111100	44845.45833	14.804	0.022	6	14.827	14.775	1	31.245	0.015	6	31.255	31.225	1
202210111200	44845.5	14.828	0.028	6	14.853	14.775	1	31.215	0.008	6	31.225	31.205	1
202210111300	44845.54167	14.662	0.056	6	14.709	14.573	1	31.156	0.008	6	31.166	31.146	1
202210111400	44845.58333	14.274	0.251	6	14.755	14.078	1	30.916	0.162	6	31.156	30.686	1
202210111500	44845.625	14.237	0.144	6	14.435	14.052	1	30.876	0.16	6	31.116	30.696	1
202210111600	44845.66667	13.601	0.179	6	14.031	13.566	1	30.196	0.22	6	30.716	30.136	1
202210111700	44845.70833	13.71	0.035	6	13.756	13.667	1	30.346	0.054	6	30.416	30.286	1
202210111800	44845.75	13.762	0.122	6	14.003	13.751	1	30.436	0.151	6	30.726	30.426	1
202210111900	44845.79167	14.056	0.023	6	14.096	14.032	1	30.826	0.032	6	30.876	30.786	1
202210112000	44845.83333	14.144	0.1	6	14.357	14.127	1	30.906	0.067	6	31.036	30.886	1
202210112100	44845.875	14.37	0.064	6	14.484	14.321	1	31.057	0.038	6	31.117	31.017	1
202210112200	44845.91667	14.435	0.026	6	14.452	14.393	1	31.112	0.02	6	31.137	31.097	1
202210112300	44845.95833	14.324	0.04	6	14.384	14.281	1	31.047	0.023	6	31.087	31.027	1
202210120000	44846	14.228	0.107	6	14.272	13.99	1	31.027	0.018	6	31.037	30.987	1
202210120100	44846.04167	13.827	0.063	6	13.899	13.711	1	30.807	0.063	6	30.907	30.727	1
202210120200	44846.08333	13.488	0.06	6	13.552	13.388	1	30.542	0.064	6	30.647	30.477	1
202210120300	44846.125	13.307	0.027	6	13.354	13.286	1	30.397	0.069	6	30.517	30.317	1
202210120400	44846.16667	13.371	0.024	6	13.401	13.335	1	30.267	0.036	6	30.357	30.267	1
202210120500	44846.20833	13.389	0.012	6	13.398	13.37	1	30.272	0.023	6	30.307	30.247	1
202210120600	44846.25	13.396	0.034	6	13.46	13.358	1	30.328	0.037	6	30.398	30.298	1
202210120700	44846.29167	13.467	0.029	6	13.49	13.419	1	30.398	0.016	6	30.428	30.388	1
202210120800	44846.33333	13.791	0.174	6	13.92	13.509	1	30.703	0.158	6	30.798	30.448	1
202210120900	44846.375	14.108	0.216	6	14.177	13.62	1	30.973	0.181	6	31.088	30.648	1
202210121000	44846.41667	14.334	0.079	6	14.402	14.173	1	31.148	0.071	6	31.198	30.998	1
202210121100	44846.45833	14.45	0.021	6	14.485	14.432	1	31.208	0.027	6	31.228	31.168	1
202210121200	44846.5	14.41	0.021	6	14.426	14.371	1	31.104	0.028	6	31.159	31.079	1
202210121300	44846.54167	14.286	0.165	6	14.444	14.017	1	30.879	0.156	6	31.089	30.719	1
202210121400	44846.58333	13.987	0.046	5	14.038	13.916	1	30.649	0.041	5	30.699	30.599	1
202210121500	44846.625	13.816	0.023	6	13.862	13.798	1	30.539	0.024	6	30.559	30.499	1
202210121600	44846.66667	13.619	0.075	6	13.774	13.588	1	30.214	0.153	6	30.529	30.149	1
202210121700	44846.70833	13.607	0.034	6	13.62	13.529	1	30.205	0.07	6	30.22	30.04	1
202210121800	44846.75	13.64	0.007	6	13.649	13.632	1	30.3	0.029	6	30.35	30.28	1
202210121900	44846.79167	13.711	0.034	6	13.737	13.655	1	30.46	0.048	6	30.49	30.36	1
202210122000	44846.83333	13.711	0.014	6	13.726	13.691	1	30.475	0.018	6	30.49	30.44	1
202210122100	44846.875	13.689	0.06	6	13.79	13.622	1	30.471	0.053	6	30.561	30.431	1
202210122200	44846.91667	14.053	0.082	6	14.134	13.917	1	30.871	0.097	6	30.981	30.751	1
202210122300	44846.95833	14.131	0.02	6	14.161	14.11	1	31.021	0.021	6	31.061	31.001	1
202210130000	44847	14.058	0.056	6	14.098	13.963	1	30.956	0.045	6	30.991	30.861	1
202210130100	44847.04167	13.727	0.091	6	13.851	13.598	1	30.676	0.112	6	30.801	30.491	1
202210130200	44847.08333	13.375	0.103	6	13.608	13.347	1	30.382	0.056	6	30.482	30.322	1
202210130300	44847.125	13.225	0.089	6	13.356	13.096	1	30.257	0.031	6	30.302	30.222	1
202210130400	44847.16667	13.426	0.034	6	13.482	13.384	1	30.117	0.05	6	30.222	30.092	1
202210130500	44847.20833	13.46	0.027	6	13.466	13.401	1	30.037	0.042	6	30.062	29.952	1
202210130600	44847.25	13.499	0.042	6	13.6	13.488	1	30.178	0.069	6	30.333	30.133	1
202210130700	44847.29167	13.602	0.035	6	13.651	13.563	1	30.328	0.032	6	30.363	30.273	1
202210130800	44847.33333	13.696	0.143	6	13.972	13.615	1	30.523	0.201	6	30.823	30.333	1
202210130900	44847.375	14.117	0.029	6	14.167	14.087	1	30.938	0.035	6	31.003	30.903	1
202210131000	44847.41667	14.256	0.037	6	14.304	14.199	1	31.078	0.05	6	31.133	30.993	1
202210131100	44847.45833	14.355	0.041	6	14.383	14.267	1	31.144	0.033	6	31.164	31.074	1
202210131200	44847.5	14.299	0.017	6	14.329	14.279	1	31.059	0.029	6	31.114	31.044	1
202210131300	44847.54167	14.235	0.067	6	14.311	14.155	1	30.869	0.105	6	31.044	30.794	1
202210131400	44847.58333	14.103	0.068	6	14.25	14.065	1	30.739	0.07	6	30.854	30.654	1
202210131500	44847.625	14.123	0.041	6	14.156	14.064	1	30.675	0.034	6	30.685	30.595	1
202210131600	44847.66667	13.718	0.14	6	14.019	13.664	1	30.13	0.188	6	30.555	30.045	1
202210131700	44847.70833	13.557	0.118	6	13.823	13.496	1	29.9	0.212	6	30.345	29.745	1
202210131800	44847.75	13.59	0.037	6	13.663	13.576	1	30.005	0.081	6	30.165	29.975	1
202210131900	44847.79167	13.804	0.055	6	13.811	13.67	1	30.465	0.118	6	30.465	30.175	1
202210132000	44847.83333	13.789	0.009	6	13.802	13.777	1	30.426	0.015	6	30.456	30.416	1
202210132100	44847.875	13.808	0.099	6	14.045	13.805	1	30.481	0.134	6	30.776	30.436	1
202210132200	44847.91667	14.14	0.132	6	14.338	14.018	1	30.831	0.129	6	31.056	30.726	1
202210132300	44847.95833	14.369	0.042	6	14.427	14.304	1	31.056	0.029	6	31.096	31.006	1
202210140000	44848	14.143	0.066	6	14.249	14.062	1	30.847	0.068	6	30.957	30.767	1
202210140100	44848.04167	13.997	0.034	6	14.042	13.959	1	30.732	0.012	6	30.747	30.717	1
202210140200	44848.08333	13.415	0.237	6	13.926	13.312	1	30.167	0.252	6	30.697	30.047	1
202210140300	44848.125	13.262	0.038	6	13.324	13.23	1	30.017	0.031	6	30.067	29.987	1
202210140400	44848.16667	13.355	0.022	6	13.37	13.315	1	29.802	0.094	6	29.907	29.637	1
202210140500	44848.20833	13.313	0.044	6	13.35	13.258	1	29.478	0.203	6	29.778	29.278	1
202210140600	44848.25	13.307	0.011	6	13.327	13.296	1	29.358	0.059	6	29.498	29.348	1
202210140700	44848.29167	13.334	0.048	6	13.427	13.313	1	29.528	0.162	6	29.838	29.468	1
202210140800	44848.33333	13.424	0.024	6	13.452	13.403	1	29.783	0.045	6	29.838	29.738	1
202210140900	44848.375	13.603	0.108	6	13.664	13.395	1	30.124	0.204	6	30.229	29.729	1
202210141000	44848.41667	13.756	0.179	6	13.95	13.544	1	30.379	0.285	6	30.609	29.959	1
202210141100	44848.45833	13.998	0.11	6	14.1	13.808	1	30.684	0.162	6	30.799	30.389	1
202210141200	44848.5	14.074	0.059	6	14.122	13.959	1	30.769	0.094	6	30.839	30.589	1
202210141300	44848.54167	13.871	0.024	6	13.917	13.857	1	30.404	0.068	6	30.519	30.359	1
202210141400	44848.58333	13.847	0.03	6	13.894	13.821	1	30.305	0.068	6	30.34	30.17	1
202210141500	44848.625	13.693	0.093	6	13.813	13.588	1	29.97	0.169	6	30.16	29.72	1
202210141600	44848.66667	13.557	0.047	6	13.655	13.525	1	29.605	0.153	6	29.95	29.55	1
202210141700	44848.70833	13.45	0.068	6	13.581	13.416	1	29.365	0.167	6	29.69	29.29	1
202210141800	44848.75	13.46	0.019	6	13.482	13.444	1	29.411	0.057	6	29.471	29.361	1
202210141900	44848.79167	13.556	0.042	6	13.594	13.488	1	29.741	0.147	6	29.861	29.511	1
202210142000	44848.83333	13.601	0.008	6	13.618	13.594	1	29.871	0.021	6	29.901	29.841	1
202210142100	44848.875	14.202	0.237	6	14.295	13.719	1	30.761	0.285	6	30.861	30.161	1
202210142200	44848.91667	14.245	0.12	6	14.449	14.137	1	30.811	0.144	6	31.041	30.651	1
202210142300	44848.95833	14.495	0.08	6	14.523	14.31	1	31.107	0.094	6	31.152	30.892	1
202210150000	44849	14.494	0.046	6	14.543	14.424	1	31.087	0.046	6	31.132	31.012	1
202210150100	44849.04167	14.333	0.037	6	14.372	14.288	1	30.907	0.042	6	30.952	30.852	1
202210150200	44849.08333	14.121	0.148	6	14.29	13.902	1	30.627	0.234	6	30.882	30.292	1
202210150300	44849.125	13.843	0.046	6	13.934	13.797	1	30.163	0.088	6	30.333	30.063	1
202210150400	44849.16667	13.677	0.049	6	13.722	13.58	1	29.883	0.075	6	29.983	29.763	1
202210150500	44849.20833	13.622	0.032	6	13.683	13.585	1	29.793	0.083	6	29.953	29.713	1
202210150600	44849.25	13.462	0.04	6	13.497	13.403	1	29.378	0.112	6	29.473	29.233	1
202210150700	44849.29167	13.502	0.058	6	13.616	13.477	1	29.508	0.172	6	29.843	29.443	1
202210150800	44849.33333	13.719	0.049	6	13.732	13.601	1	30.004	0.094	6	30.044	29.784	1
202210150900	44849.375	13.745	0.005	6	13.75	13.736	1	30.034	0.004	6	30.034	30.024	1
202210151000	44849.41667	13.791	0.071	6	13.907	13.743	1	30.044	0.104	6	30.234	30.014	1
202210151100	44849.45833	14.095	0.135	6	14.316	13.938	1	30.509	0.193	6	30.784	30.244	1
202210151200	44849.5	14.359	0.039	6	14.413	14.302	1	30.805	0.042	6	30.855	30.735	1
202210151300	44849.54167	14.234	0.033	6	14.271	14.175	1	30.655	0.072	6	30.705	30.525	1
202210151400	44849.58333	14.151	0.039	6	14.19	14.093	1	30.275	0.165	6	30.415	30.035	1
202210151500	44849.625	14.083	0.026	6	14.093	14.029	1	29.91	0.122	6	30.085	29.775	1
202210151600	44849.66667	14.052	0.052	6	14.082	13.943	1	29.765	0.077	6	29.895	29.675	1
202210151700	44849.70833	13.718	0.076	6	13.857	13.64	1	29.476	0.154	6	29.706	29.276	1
202210151800	44849.75	13.651	0.025	6	13.664	13.609	1	29.366	0.083	6	29.406	29.216	1
202210151900	44849.79167	13.738	0.039	6	13.769	13.66	1	29.596	0.181	6	29.926	29.436	1
202210152000	44849.83333	13.807	0.017	6	13.82	13.776	1	29.846	0.082	6	29.976	29.786	1
202210152100	44849.875	13.811	0.012	6	13.836	13.803	1	29.902	0.056	6	30.007	29.857	1
202210152200	44849.91667	13.82	0.004	6	13.828	13.816	1	29.982	0.016	6	29.997	29.957	1
202210152300	44849.95833	13.841	0.11	6	14.088	13.799	1	30.047	0.169	6	30.437	29.997	1
202210160000	44850	14.578	0.13	6	14.653	14.289	1	31.027	0.147	6	31.097	30.697	1
202210160100	44850.04167	14.599	0.105	6	14.64	14.379	1	31.057	0.115	6	31.117	30.817	1
202210160200	44850.08333	14.18	0.125	6	14.298	13.994	1	30.508	0.177	6	30.708	30.228	1
202210160300	44850.125	13.784	0.115	6	13.985	13.653	1	29.968	0.142	6	30.178	29.768	1
202210160400	44850.16667	13.636	0.011	6	13.649	13.619	1	29.763	0.026	6	29.778	29.708	1
202210160500	44850.20833	13.763	0.1	6	13.813	13.596	1	30.043	0.168	6	30.108	29.748	1
202210160600	44850.25	13.735	0.043	6	13.807	13.689	1	29.874	0.102	6	30.039	29.769	1
202210160700	44850.29167	13.767	0.038	6	13.843	13.761	1	29.994	0.074	6	30.149	29.979	1
202210160800	44850.33333	13.953	0.032	6	14.019	13.944	1	30.389	0.053	6	30.469	30.329	1
202210160900	44850.375	13.994	0.049	6	14.083	13.945	1	30.429	0.086	6	30.549	30.309	1
202210161000	44850.41667	14.06	0.014	6	14.075	14.042	1	30.489	0.046	6	30.549	30.429	1
202210161100	44850.45833	14.157	0.162	6	14.445	14.073	1	30.57	0.216	6	30.96	30.46	1
202210161200	44850.5	14.559	0.033	6	14.583	14.496	1	31.075	0.036	6	31.1	31.01	1
202210161300	44850.54167	14.581	0.014	6	14.594	14.556	1	31.05	0.044	6	31.1	30.99	1
202210161400	44850.58333	14.469	0.041	6	14.523	14.406	1	30.865	0.047	6	30.91	30.79	1
202210161500	44850.625	14.299	0.027	6	14.325	14.251	1	30.571	0.056	6	30.611	30.451	1
202210161600	44850.66667	14.194	0.018	6	14.212	14.166	1	30.321	0.041	6	30.351	30.241	1
202210161700	44850.70833	14.161	0.047	6	14.182	14.056	1	30.321	0.064	6	30.341	30.171	1
202210161800	44850.75	13.824	0.098	6	14.015	13.76	1	29.726	0.2	6	30.121	29.611	1
202210161900	44850.79167	13.826	0.02	6	13.843	13.784	1	29.801	0.056	6	29.841	29.681	1
202210162000	44850.83333	13.987	0.144	6	14.171	13.845	1	30.207	0.288	6	30.492	29.872	1
202210162100	44850.875	14.19	0.021	6	14.198	14.141	1	30.532	0.035	6	30.542	30.452	1
202210162200	44850.91667	14.253	0.119	6	14.405	14.115	1	30.677	0.19	6	30.902	30.462	1
202210162300	44850.95833	14.534	0.086	6	14.685	14.443	1	31.037	0.11	6	31.182	30.862	1
202210170000	44851	14.621	0.037	6	14.653	14.557	1	31.118	0.067	6	31.133	30.963	1
202210170100	44851.04167	14.629	0.044	6	14.657	14.544	1	31.128	0.055	6	31.153	31.013	1
202210170200	44851.08333	14.459	0.054	6	14.521	14.391	1	30.918	0.062	6	31.003	30.843	1
202210170300	44851.125	14.232	0.08	6	14.362	14.167	1	30.588	0.137	6	30.823	30.483	1
202210170400	44851.16667	13.962	0.148	6	14.113	13.729	1	30.138	0.144	6	30.413	30.013	1
202210170500	44851.20833	13.812	0.059	6	13.924	13.748	1	29.774	0.182	6	30.104	29.664	1
202210170600	44851.25	13.715	0.038	6	13.795	13.694	1	29.619	0.205	6	29.924	29.404	1
202210170700	44851.29167	13.679	0.04	6	13.767	13.662	1	29.349	0.12	6	29.604	29.294	1
202210170800	44851.33333	13.795	0.022	6	13.838	13.776	1	29.614	0.044	6	29.714	29.594	1
202210170900	44851.375	13.902	0.044	6	13.953	13.851	1	29.84	0.077	6	29.935	29.735	1
202210171000	44851.41667	14.05	0.049	6	14.073	13.965	1	30.075	0.091	6	30.135	29.925	1
202210171100	44851.45833	14.253	0.047	6	14.272	14.146	1	30.405	0.067	6	30.525	30.335	1
202210171200	44851.5	14.372	0.118	6	14.528	14.239	1	30.57	0.169	6	30.745	30.305	1
202210171300	44851.54167	14.543	0.025	6	14.578	14.518	1	30.745	0.037	6	30.825	30.725	1
202210171400	44851.58333	14.484	0.046	6	14.534	14.429	1	30.591	0.16	6	30.766	30.436	1
202210171500	44851.625	14.364	0.058	6	14.393	14.263	1	30.156	0.117	6	30.336	30.046	1
202210171600	44851.66667	14.301	0.021	6	14.344	14.282	1	29.821	0.08	6	29.986	29.766	1
202210171700	44851.70833	14.285	0.061	6	14.324	14.157	1	29.806	0.045	6	29.856	29.746	1
202210171800	44851.75	13.995	0.086	6	14.15	13.939	1	29.592	0.13	6	29.797	29.497	1
202210171900	44851.79167	13.855	0.059	6	13.995	13.836	1	29.402	0.1	6	29.617	29.347	1
202210172000	44851.83333	13.888	0.008	6	13.898	13.879	1	29.492	0.015	6	29.507	29.467	1
202210172100	44851.875	13.916	0.056	6	14.037	13.895	1	29.597	0.145	6	29.897	29.497	1
202210172200	44851.91667	14.123	0.009	6	14.134	14.106	1	30.107	0.021	6	30.117	30.057	1
202210172300	44851.95833	14.307	0.089	6	14.373	14.12	1	30.473	0.158	6	30.578	30.138	1
202210180000	44852	14.471	0.094	6	14.63	14.371	1	30.678	0.083	6	30.798	30.588	1
202210180100	44852.04167	14.573	0.035	6	14.63	14.545	1	30.833	0.029	6	30.888	30.818	1
202210180200	44852.08333	14.506	0.027	6	14.544	14.475	1	30.768	0.033	6	30.818	30.728	1
202210180300	44852.125	14.363	0.136	6	14.44	14.115	1	30.639	0.26	6	30.679	30.099	1
202210180400	44852.16667	14.057	0.049	6	14.105	13.984	1	30.019	0.079	6	30.149	29.949	1
202210180500	44852.20833	13.9	0.056	6	13.995	13.856	1	29.919	0.094	6	30.079	29.799	1
202210180600	44852.25	13.869	0.034	6	13.891	13.808	1	29.804	0.046	6	29.859	29.749	1
202210180700	44852.29167	13.822	0.04	6	13.896	13.78	1	29.549	0.132	6	29.809	29.449	1
202210180800	44852.33333	13.85	0.036	6	13.891	13.79	1	29.585	0.061	6	29.64	29.47	1
202210180900	44852.375	13.915	0.021	6	13.942	13.888	1	29.7	0.061	6	29.78	29.63	1
202210181000	44852.41667	14.166	0.091	6	14.208	13.958	1	30.22	0.179	6	30.25	29.79	1
202210181100	44852.45833	14.241	0.022	6	14.286	14.221	1	30.24	0.062	6	30.39	30.23	1
202210181200	44852.5	14.476	0.032	6	14.514	14.421	1	30.726	0.061	6	30.821	30.641	1
202210181300	44852.54167	14.505	0.037	6	14.538	14.446	1	30.786	0.059	6	30.831	30.681	1
202210181400	44852.58333	14.545	0.011	6	14.562	14.532	1	30.816	0.022	6	30.841	30.781	1
202210181500	44852.625	14.531	0.009	6	14.548	14.523	1	30.771	0.019	6	30.791	30.751	1
202210181600	44852.66667	14.284	0.14	6	14.526	14.23	1	30.181	0.335	6	30.761	30.041	1
202210181700	44852.70833	14.25	0.045	6	14.317	14.197	1	30.092	0.111	6	30.282	29.982	1
202210181800	44852.75	14.282	0.058	6	14.325	14.163	1	29.997	0.08	6	30.072	29.882	1
202210181900	44852.79167	14.072	0.022	6	14.117	14.06	1	29.762	0.054	6	29.872	29.722	1
202210182000	44852.83333	13.952	0.055	6	14.035	13.891	1	29.502	0.117	6	29.672	29.382	1
202210182100	44852.875	14.002	0.011	6	14.012	13.979	1	29.673	0.034	6	29.703	29.603	1
202210182200	44852.91667	14.05	0.125	6	14.288	14.026	1	29.848	0.291	6	30.403	29.793	1
202210182300	44852.95833	14.375	0.058	6	14.454	14.315	1	30.583	0.11	6	30.723	30.453	1
202210190000	44853	14.526	0.025	6	14.548	14.474	1	30.863	0.05	6	30.913	30.763	1
202210190100	44853.04167	14.513	0.015	6	14.54	14.498	1	30.868	0.019	6	30.903	30.853	1
202210190200	44853.08333	14.513	0.01	6	14.523	14.497	1	30.869	0.016	6	30.884	30.844	1
202210190300	44853.125	14.456	0.027	6	14.489	14.42	1	30.754	0.039	6	30.814	30.734	1
202210190400	44853.16667	14.148	0.128	6	14.407	14.093	1	30.199	0.274	6	30.714	30.014	1
202210190500	44853.20833	14.03	0.075	6	14.187	13.977	1	30.004	0.149	6	30.354	29.944	1
202210190600	44853.25	13.874	0.038	6	13.938	13.831	1	29.73	0.168	6	29.955	29.555	1
202210190700	44853.29167	13.754	0.037	6	13.806	13.711	1	29.51	0.029	6	29.555	29.475	1
202210190800	44853.33333	13.614	0.143	5	13.654	13.306	4.167	28.905	0.207	5	29.225	28.795	4.167
202210190900	44853.375	13.603	0.006	6	13.615	13.598	1	28.875	0.041	6	28.935	28.815	1
202210191000	44853.41667	13.626	0.023	6	13.665	13.611	1	28.825	0.133	6	29.025	28.635	1
202210191100	44853.45833	13.711	0.02	6	13.734	13.679	1	28.85	0.017	6	28.865	28.815	1
202210191200	44853.5	13.76	0.024	6	13.805	13.739	1	28.9	0.128	6	29.175	28.845	1
202210191300	44853.54167	13.827	0.02	6	13.863	13.813	1	29.225	0.056	6	29.295	29.145	1
202210191400	44853.58333	13.854	0.006	6	13.86	13.842	1	29.25	0.026	6	29.305	29.235	1
202210191500	44853.625	13.93	0.026	6	13.951	13.893	1	29.519	0.1	6	29.584	29.354	1
202210191600	44853.66667	13.857	0.063	6	13.938	13.77	1	29.339	0.27	6	29.614	28.834	1
202210191700	44853.70833	13.664	0.033	6	13.722	13.63	1	28.304	0.048	6	28.354	28.214	1
202210191800	44853.75	13.556	0.034	6	13.605	13.513	1	28.409	0.127	6	28.654	28.344	1
202210191900	44853.79167	13.451	0.028	6	13.491	13.416	1	28.109	0.058	6	28.214	28.044	1
202210192000	44853.83333	13.385	0.029	6	13.411	13.33	1	28.009	0.01	6	28.024	27.994	1
202210192100	44853.875	13.272	0.032	6	13.337	13.262	1	27.969	0.603	6	28.004	26.664	1
202210192200	44853.91667	13.255	0.056	6	13.361	13.206	1	26.704	0.279	6	27.284	26.524	1
202210192300	44853.95833	13.337	0.018	6	13.371	13.319	1	27.439	0.053	6	27.494	27.364	1
202210200000	44854	13.301	0.055	6	13.388	13.246	1	27.599	0.217	6	27.964	27.424	1
202210200100	44854.04167	13.496	0.031	6	13.511	13.44	1	28.589	0.252	6	28.784	28.204	1
202210200200	44854.08333	13.494	0.095	6	13.713	13.461	1	28.834	0.187	6	29.264	28.774	1
202210200300	44854.125	13.674	0.063	6	13.722	13.577	1	29.369	0.24	6	29.574	28.994	1
202210200400	44854.16667	13.599	0.081	6	13.671	13.462	1	29.304	0.196	6	29.504	29.034	1
202210200500	44854.20833	13.684	0.052	6	13.749	13.59	1	29.584	0.106	6	29.664	29.384	1
202210200600	44854.25	13.648	0.025	6	13.689	13.627	1	29.439	0.059	6	29.474	29.314	1
202210200700	44854.29167	13.468	0.104	6	13.599	13.351	1	29.084	0.38	6	29.424	28.584	1
202210200800	44854.33333	13.228	0.04	6	13.303	13.184	1	27.908	0.279	6	28.483	27.733	1
202210200900	44854.375	13.174	0.011	6	13.189	13.162	1	27.733	0.119	6	27.993	27.683	1
202210201000	44854.41667	13.071	0.075	6	13.087	12.894	1	27.968	0.209	6	28.223	27.653	1
202210201100	44854.45833	13.077	0.009	6	13.084	13.061	1	27.353	0.115	6	27.583	27.283	1
202210201200	44854.5	13.165	0.034	6	13.224	13.152	1	27.663	0.029	6	27.683	27.613	1
202210201300	44854.54167	13.241	0.037	6	13.292	13.207	1	27.708	0.095	6	27.913	27.683	1
202210201400	44854.58333	13.353	0.083	6	13.483	13.267	1	28.033	0.238	6	28.393	27.773	1
202210201500	44854.625	13.553	0.202	6	13.919	13.494	1	28.533	0.725	6	29.963	28.403	1
202210201600	44854.66667	13.988	0.172	6	14.004	13.566	1	30.123	0.614	6	30.183	28.613	1
202210201700	44854.70833	13.915	0.117	6	14.042	13.755	1	29.848	0.376	6	30.233	29.313	1
202210201800	44854.75	13.925	0.091	6	14.03	13.792	1	29.938	0.275	6	30.213	29.493	1
202210201900	44854.79167	13.676	0.038	6	13.762	13.655	1	29.158	0.101	6	29.373	29.083	1
202210202000	44854.83333	13.497	0.063	6	13.645	13.469	1	28.608	0.202	6	29.073	28.513	1
202210202100	44854.875	13.31	0.041	6	13.39	13.283	1	27.558	0.29	6	27.993	27.263	1
202210202200	44854.91667	13.238	0.03	6	13.304	13.218	1	27.563	0.251	6	27.913	27.173	1
202210202300	44854.95833	13.172	0.026	6	13.21	13.146	1	26.843	0.155	6	27.123	26.723	1
202210210000	44855	13.26	0.033	6	13.34	13.254	1	27.368	0.163	6	27.743	27.303	1
202210210100	44855.04167	13.927	0.276	6	13.964	13.254	1	29.887	1.028	6	29.972	27.352	1
202210210200	44855.08333	13.974	0.035	6	14.016	13.913	1	29.987	0.126	6	30.122	29.752	1
202210210300	44855.125	14.014	0.017	6	14.041	13.996	1	30.102	0.179	6	30.502	30.012	1
202210210400	44855.16667	14.113	0.072	6	14.274	14.079	1	30.592	0.198	6	30.882	30.312	1
202210210500	44855.20833	14.427	0.075	6	14.503	14.281	1	31.107	0.131	6	31.272	30.892	1
202210210600	44855.25	14.354	0.065	6	14.452	14.255	1	30.942	0.155	6	31.172	30.692	1
202210210700	44855.29167	14.146	0.101	6	14.166	13.904	1	30.432	0.319	6	30.472	29.662	1
202210210800	44855.33333	13.858	0.013	6	13.881	13.841	1	29.487	0.051	6	29.572	29.412	1
202210210900	44855.375	13.834	0.054	6	13.847	13.705	1	29.372	0.182	6	29.402	28.932	1
202210211000	44855.41667	13.591	0.058	6	13.669	13.523	1	28.497	0.22	6	28.792	28.252	1
202210211100	44855.45833	13.642	0.053	6	13.682	13.532	1	28.447	0.189	6	28.742	28.232	1
202210211200	44855.5	13.569	0.018	6	13.605	13.552	1	28.212	0.107	6	28.422	28.122	1
202210211300	44855.54167	13.695	0.034	6	13.722	13.633	1	28.502	0.063	6	28.532	28.372	1
202210211400	44855.58333	13.77	0.058	6	13.873	13.723	1	28.737	0.329	6	29.262	28.402	1
202210211500	44855.625	13.943	0.019	6	13.971	13.921	1	29.457	0.179	6	29.712	29.152	1
202210211600	44855.66667	14.113	0.122	6	14.259	13.953	1	30.207	0.464	6	30.572	29.422	1
202210211700	44855.70833	14.297	0.066	6	14.398	14.216	1	30.697	0.229	6	30.942	30.332	1
202210211800	44855.75	14.482	0.039	6	14.522	14.415	1	31.091	0.072	6	31.171	30.981	1
202210211900	44855.79167	14.283	0.1	6	14.431	14.136	1	30.606	0.266	6	30.931	30.171	1
202210212000	44855.83333	14.03	0.091	6	14.111	13.858	1	29.896	0.289	6	30.111	29.311	1
202210212100	44855.875	13.743	0.042	6	13.812	13.696	1	28.906	0.128	6	29.131	28.781	1
202210212200	44855.91667	13.658	0.017	6	13.683	13.635	1	28.681	0.031	6	28.731	28.641	1
202210212300	44855.95833	13.597	0.046	6	13.63	13.518	1	28.531	0.196	6	28.661	28.211	1
202210220000	44856	13.505	0.025	6	13.545	13.479	1	28.191	0.08	6	28.331	28.121	1
202210220100	44856.04167	13.601	0.009	6	13.618	13.596	1	28.501	0.024	6	28.531	28.471	1
202210220200	44856.08333	13.672	0.101	6	13.851	13.633	1	28.766	0.358	6	29.351	28.571	1
202210220300	44856.125	13.938	0.02	6	13.939	13.891	1	29.581	0.056	6	29.601	29.451	1
202210220400	44856.16667	14.074	0.098	6	14.234	13.951	1	30.086	0.308	6	30.551	29.651	1
202210220500	44856.20833	14.267	0.053	6	14.348	14.216	1	30.636	0.155	6	30.841	30.461	1
202210220600	44856.25	14.45	0.062	6	14.51	14.339	1	31.091	0.164	6	31.251	30.791	1
202210220700	44856.29167	14.423	0.047	6	14.528	14.408	1	30.946	0.111	6	31.191	30.891	1
202210220800	44856.33333	14.262	0.058	6	14.385	14.218	1	30.491	0.149	6	30.811	30.371	1
202210220900	44856.375	14.109	0.079	6	14.227	14.036	1	29.941	0.291	6	30.371	29.661	1
202210221000	44856.41667	13.893	0.035	6	13.952	13.856	1	29.141	0.179	6	29.381	28.901	1
202210221100	44856.45833	13.918	0.036	6	13.969	13.878	1	28.96	0.087	6	29.03	28.78	1
202210221200	44856.5	13.978	0.099	6	14.008	13.741	1	29.09	0.247	6	29.17	28.51	1
202210221300	44856.54167	13.731	0.037	6	13.796	13.711	1	28.585	0.092	6	28.74	28.51	1
202210221400	44856.58333	13.886	0.051	6	13.934	13.804	1	28.885	0.102	6	28.97	28.71	1
202210221500	44856.625	13.977	0.043	6	14.054	13.936	1	29.06	0.177	6	29.43	28.94	1
202210221600	44856.66667	14.139	0.034	6	14.159	14.069	1	29.875	0.115	6	29.94	29.63	1
202210221700	44856.70833	14.178	0.147	6	14.503	14.131	1	29.975	0.378	6	30.77	29.81	1
202210221800	44856.75	14.448	0.122	6	14.569	14.247	1	30.67	0.285	6	30.98	30.21	1
202210221900	44856.79167	14.527	0.061	6	14.623	14.438	1	31	0.185	6	31.17	30.68	1
202210222000	44856.83333	14.505	0.027	6	14.533	14.457	1	30.9	0.06	6	30.94	30.79	1
202210222100	44856.875	14.257	0.152	6	14.429	14.044	1	30.32	0.384	6	30.73	29.75	1
202210222200	44856.91667	14.059	0.112	6	14.169	13.921	1	29.625	0.172	6	29.77	29.35	1
202210222300	44856.95833	13.942	0.043	6	13.974	13.872	1	29.065	0.163	6	29.34	28.89	1
202210230000	44857	13.686	0.099	6	13.842	13.584	1	28.59	0.251	6	29.01	28.33	1
202210230100	44857.04167	13.554	0.057	6	13.68	13.537	1	28.285	0.157	6	28.63	28.21	1
202210230200	44857.08333	13.684	0.009	6	13.705	13.68	1	28.65	0.041	6	28.75	28.64	1
202210230300	44857.125	13.841	0.054	6	13.9	13.768	1	29.22	0.176	6	29.38	28.95	1
202210230400	44857.16667	13.949	0.011	6	13.952	13.925	1	29.459	0.019	6	29.469	29.419	1
202210230500	44857.20833	14.224	0.148	6	14.349	13.939	1	30.374	0.452	6	30.699	29.459	1
202210230600	44857.25	14.503	0.049	6	14.544	14.412	1	31.039	0.097	6	31.149	30.859	1
202210230700	44857.29167	14.642	0.064	6	14.658	14.488	1	31.269	0.139	6	31.299	30.939	1
202210230800	44857.33333	14.351	0.102	6	14.475	14.252	1	30.634	0.236	6	30.899	30.389	1
202210230900	44857.375	14.219	0.071	6	14.262	14.117	1	30.284	0.223	6	30.409	29.939	1
202210231000	44857.41667	14.057	0.043	6	14.122	14.014	1	29.704	0.151	6	29.939	29.589	1
202210231100	44857.45833	13.879	0.107	6	14.047	13.814	1	29.094	0.331	6	29.619	28.909	1
202210231200	44857.5	13.781	0.064	6	13.864	13.675	1	28.729	0.192	6	28.959	28.439	1
202210231300	44857.54167	13.702	0.154	6	13.783	13.418	1	28.534	0.43	6	28.789	27.749	1
202210231400	44857.58333	13.44	0.041	6	13.493	13.397	1	27.854	0.101	6	27.969	27.729	1
202210231500	44857.625	13.553	0.068	6	13.677	13.5	1	28.094	0.204	6	28.429	27.949	1
202210231600	44857.66667	13.765	0.053	6	13.859	13.717	1	28.729	0.171	6	29.019	28.569	1
202210231700	44857.70833	13.85	0.012	6	13.866	13.835	1	28.959	0.047	6	29.019	28.889	1
202210231800	44857.75	14.154	0.201	6	14.342	13.85	1	29.904	0.584	6	30.409	28.969	1
202210231900	44857.79167	14.259	0.109	6	14.426	14.16	1	30.159	0.306	6	30.669	29.949	1
202210232000	44857.83333	14.318	0.033	6	14.337	14.256	1	30.299	0.1	6	30.439	30.149	1
202210232100	44857.875	14.156	0.055	6	14.278	14.126	1	29.943	0.132	6	30.228	29.848	1
202210232200	44857.91667	13.86	0.172	6	14.149	13.767	1	29.098	0.504	6	29.938	28.828	1
202210232300	44857.95833	13.735	0.019	6	13.761	13.712	1	28.783	0.028	6	28.818	28.738	1
202210240000	44858	13.606	0.044	6	13.677	13.573	1	28.358	0.172	6	28.638	28.258	1
202210240100	44858.04167	13.553	0.039	6	13.601	13.487	1	28.278	0.134	6	28.398	28.018	1
202210240200	44858.08333	13.579	0.038	6	13.587	13.499	1	28.278	0.106	6	28.298	28.058	1
202210240300	44858.125	13.632	0.024	6	13.654	13.589	1	28.443	0.075	6	28.508	28.308	1
202210240400	44858.16667	13.704	0.036	6	13.742	13.645	1	28.708	0.12	6	28.828	28.488	1
202210240500	44858.20833	13.826	0.075	6	13.867	13.682	1	29.053	0.226	6	29.208	28.628	1
202210240600	44858.25	13.876	0.076	6	14.008	13.829	1	29.243	0.255	6	29.708	29.078	1
202210240700	44858.29167	13.951	0.039	6	14.023	13.911	1	29.498	0.145	6	29.778	29.368	1
202210240800	44858.33333	13.992	0.055	6	14.093	13.956	1	29.633	0.184	6	29.918	29.488	1
202210240900	44858.375	14.37	0.084	6	14.466	14.214	1	30.478	0.17	6	30.728	30.228	1
202210241000	44858.41667	13.97	0.105	6	14.18	13.904	1	29.443	0.317	6	29.988	29.138	1
202210241100	44858.45833	13.893	0.027	6	13.921	13.849	1	28.948	0.088	6	29.018	28.788	1
202210241200	44858.5	14.012	0.067	6	14.121	13.941	1	28.973	0.211	6	29.278	28.748	1
202210241300	44858.54167	14.192	0.089	6	14.308	14.1	1	29.488	0.307	6	30.038	29.258	1
202210241400	44858.58333	14.274	0.019	6	14.285	14.242	1	29.947	0.063	6	30.017	29.847	1
202210241500	44858.625	14.362	0.033	6	14.43	14.334	1	30.252	0.068	6	30.357	30.177	1
202210241600	44858.66667	14.466	0.022	6	14.486	14.435	1	30.427	0.077	6	30.527	30.347	1
202210241700	44858.70833	14.404	0.018	6	14.433	14.382	1	30.287	0.058	6	30.377	30.217	1
202210241800	44858.75	14.444	0.027	6	14.5	14.436	1	30.487	0.088	6	30.647	30.437	1
202210241900	44858.79167	14.441	0.04	6	14.508	14.417	1	30.522	0.117	6	30.717	30.447	1
202210242000	44858.83333	14.597	0.075	6	14.712	14.532	1	30.957	0.154	6	31.157	30.777	1
202210242100	44858.875	14.707	0.011	6	14.722	14.69	1	31.157	0.021	6	31.187	31.127	1
202210242200	44858.91667	14.591	0.09	6	14.675	14.447	1	30.852	0.343	6	31.077	30.217	1
202210242300	44858.95833	14.394	0.084	6	14.527	14.307	1	30.157	0.243	6	30.547	29.917	1
202210250000	44859	14.258	0.067	6	14.328	14.144	1	29.922	0.162	6	30.077	29.637	1
202210250100	44859.04167	14.178	0.065	6	14.255	14.084	1	29.897	0.266	6	30.127	29.547	1
202210250200	44859.08333	14.117	0.081	6	14.228	14.003	1	29.762	0.25	6	30.097	29.407	1
202210250300	44859.125	14.167	0.074	6	14.344	14.161	1	29.952	0.218	6	30.457	29.897	1
202210250400	44859.16667	14.384	0.005	6	14.39	14.378	1	30.597	0.009	6	30.607	30.587	1
202210250500	44859.20833	14.39	0.026	6	14.428	14.348	1	30.627	0.084	6	30.707	30.467	1
202210250600	44859.25	14.456	0.071	6	14.58	14.366	1	30.786	0.148	6	31.016	30.576	1
202210250700	44859.29167	14.564	0.032	6	14.584	14.497	1	31.021	0.052	6	31.046	30.906	1
202210250800	44859.33333	14.653	0.023	6	14.674	14.606	1	31.211	0.029	6	31.236	31.156	1
202210250900	44859.375	14.693	0.013	6	14.707	14.678	1	31.241	0.016	6	31.246	31.206	1
202210251000	44859.41667	14.649	0.035	6	14.675	14.587	1	31.096	0.064	6	31.176	30.996	1
202210251100	44859.45833	14.462	0.063	6	14.554	14.394	1	30.641	0.157	6	30.906	30.496	1
202210251200	44859.5	14.396	0.031	6	14.45	14.368	1	30.441	0.075	6	30.536	30.316	1
202210251300	44859.54167	14.398	0.025	6	14.433	14.359	1	30.281	0.068	6	30.376	30.186	1
202210251400	44859.58333	14.412	0.075	6	14.498	14.301	1	30.186	0.157	6	30.326	29.916	1
202210251500	44859.625	14.195	0.053	6	14.224	14.108	1	29.656	0.159	6	29.746	29.386	1
202210251600	44859.66667	14.235	0.025	6	14.294	14.227	1	29.776	0.084	6	29.976	29.756	1
202210251700	44859.70833	14.502	0.041	6	14.535	14.417	1	30.496	0.111	6	30.586	30.286	1
202210251800	44859.75	14.491	0.017	6	14.527	14.484	1	30.516	0.045	6	30.596	30.466	1
202210251900	44859.79167	14.5	0.037	6	14.584	14.498	1	30.556	0.101	6	30.766	30.536	1
202210252000	44859.83333	14.67	0.081	6	14.817	14.614	1	30.861	0.099	6	31.066	30.806	1
202210252100	44859.875	14.716	0.018	6	14.742	14.693	1	31.011	0.039	6	31.056	30.946	1
202210252200	44859.91667	14.731	0.025	6	14.741	14.686	1	31.036	0.022	6	31.046	30.996	1
202210252300	44859.95833	14.64	0.011	6	14.655	14.632	1	30.945	0.01	6	30.965	30.935	1
202210260000	44860	14.075	0.199	6	14.564	14.055	1	30.035	0.31	6	30.795	29.995	1
202210260100	44860.04167	14.018	0.035	6	14.068	13.97	1	29.93	0.143	6	29.995	29.615	1
202210260200	44860.08333	13.917	0.033	6	13.944	13.853	1	29.485	0.227	6	29.755	29.105	1
202210260300	44860.125	13.789	0.062	6	13.895	13.717	1	28.75	0.245	6	29.175	28.475	1
202210260400	44860.16667	13.841	0.049	6	13.951	13.825	1	28.895	0.205	6	29.325	28.795	1
202210260500	44860.20833	14.054	0.052	6	14.093	13.95	1	29.695	0.19	6	29.795	29.265	1
202210260600	44860.25	14.137	0.047	6	14.23	14.109	1	29.89	0.135	6	30.165	29.825	1
202210260700	44860.29167	14.235	0.018	6	14.239	14.192	1	30.16	0.046	6	30.195	30.075	1
202210260800	44860.33333	14.227	0.174	6	14.506	14.089	1	30.25	0.39	6	30.845	29.885	1
202210260900	44860.375	14.542	0.048	6	14.557	14.445	1	30.88	0.078	6	30.905	30.735	1
202210261000	44860.41667	14.587	0.009	6	14.597	14.573	1	30.94	0.025	6	30.955	30.885	1
202210261100	44860.45833	14.586	0.04	6	14.604	14.493	1	30.71	0.195	6	30.905	30.325	1
202210261200	44860.5	14.303	0.044	6	14.377	14.268	1	29.745	0.217	6	30.045	29.555	1
202210261300	44860.54167	14.28	0.032	6	14.34	14.243	1	29.405	0.162	6	29.575	29.195	1
202210261400	44860.58333	14.329	0.041	6	14.387	14.283	1	29.315	0.085	6	29.475	29.235	1
202210261500	44860.625	14.028	0.093	6	14.171	13.951	1	28.795	0.249	6	29.195	28.565	1
202210261600	44860.66667	14.014	0.026	6	14.05	13.968	1	28.88	0.082	6	28.945	28.705	1
202210261700	44860.70833	14.117	0.053	6	14.192	14.055	1	29.075	0.163	6	29.365	28.945	1
202210261800	44860.75	14.214	0.022	6	14.243	14.188	1	29.39	0.091	6	29.515	29.295	1
202210261900	44860.79167	14.234	0.007	6	14.245	14.23	1	29.575	0.046	6	29.625	29.505	1
202210262000	44860.83333	14.302	0.027	6	14.32	14.251	1	29.835	0.101	6	29.905	29.655	1
202210262100	44860.875	14.404	0.042	6	14.464	14.35	1	30.205	0.155	6	30.435	30.045	1
202210262200	44860.91667	14.56	0.03	6	14.575	14.494	1	30.67	0.09	6	30.735	30.485	1
202210262300	44860.95833	14.557	0.038	6	14.596	14.506	1	30.74	0.061	6	30.795	30.655	1
202210270000	44861	14.343	0.099	6	14.498	14.262	1	30.13	0.348	6	30.645	29.795	1
202210270100	44861.04167	14.2	0.047	6	14.268	14.154	1	29.65	0.138	6	29.885	29.525	1
202210270200	44861.08333	14.126	0.019	6	14.144	14.094	1	29.39	0.082	6	29.555	29.325	1
202210270300	44861.125	13.916	0.13	6	14.11	13.816	1	28.745	0.43	6	29.375	28.395	1
202210270400	44861.16667	13.875	0.042	6	13.882	13.784	1	28.645	0.159	6	28.655	28.295	1
202210270500	44861.20833	14.016	0.118	6	14.128	13.881	1	29.155	0.444	6	29.575	28.655	1
202210270600	44861.25	14.141	0.015	6	14.158	14.116	1	29.575	0.042	6	29.655	29.545	1
202210270700	44861.29167	14.239	0.075	6	14.319	14.145	1	29.925	0.228	6	30.145	29.625	1
202210270800	44861.33333	14.345	0.013	6	14.365	14.328	1	30.2	0.043	6	30.265	30.145	1
202210270900	44861.375	14.39	0.101	6	14.553	14.292	1	30.131	0.322	6	30.706	29.856	1
202210271000	44861.41667	14.548	0.029	6	14.609	14.543	1	30.636	0.044	6	30.706	30.596	1
202210271100	44861.45833	14.609	0.027	6	14.64	14.572	1	30.671	0.038	6	30.716	30.626	1
202210271200	44861.5	14.667	0.048	6	14.699	14.574	1	30.556	0.074	6	30.636	30.436	1
202210271300	44861.54167	14.388	0.086	6	14.548	14.342	1	29.791	0.222	6	30.146	29.526	1
202210271400	44861.58333	14.359	0.02	6	14.394	14.336	1	29.326	0.169	6	29.716	29.266	1
202210271500	44861.625	14.252	0.086	6	14.397	14.173	1	29.026	0.121	6	29.226	28.886	1
202210271600	44861.66667	14.059	0.038	6	14.092	14.007	1	28.636	0.161	6	28.886	28.496	1
202210271700	44861.70833	14.153	0.053	6	14.256	14.099	1	29.136	0.237	6	29.536	28.856	1
202210271800	44861.75	14.286	0.029	6	14.317	14.242	1	29.626	0.143	6	29.836	29.466	1
202210271900	44861.79167	14.347	0.086	6	14.504	14.311	1	29.911	0.239	6	30.286	29.766	1
202210272000	44861.83333	14.529	0.045	6	14.551	14.432	1	30.331	0.112	6	30.356	30.066	1
202210272100	44861.875	14.593	0.152	6	14.738	14.376	1	30.426	0.314	6	30.706	29.926	1
202210272200	44861.91667	14.812	0.009	6	14.827	14.802	1	30.836	0.016	6	30.856	30.816	1
202210272300	44861.95833	14.739	0.057	6	14.811	14.665	1	30.736	0.093	6	30.836	30.606	1
202210280000	44862	14.628	0.017	6	14.655	14.61	1	30.531	0.028	6	30.586	30.526	1
202210280100	44862.04167	14.434	0.066	6	14.543	14.37	1	29.971	0.219	6	30.316	29.766	1
202210280200	44862.08333	14.277	0.087	6	14.357	14.155	1	29.561	0.217	6	29.776	29.296	1
202210280300	44862.125	14.092	0.047	6	14.141	14.025	1	29.111	0.152	6	29.266	28.856	1
202210280400	44862.16667	13.955	0.088	6	14.121	13.905	1	28.521	0.317	6	29.126	28.366	1
202210280500	44862.20833	13.958	0.027	6	14.008	13.95	1	28.586	0.107	6	28.776	28.546	1
202210280600	44862.25	14.148	0.079	6	14.197	14	1	29.371	0.307	6	29.536	28.766	1
202210280700	44862.29167	14.221	0.008	6	14.231	14.207	1	29.626	0.034	6	29.646	29.566	1
202210280800	44862.33333	14.397	0.011	6	14.405	14.378	1	30.081	0.037	6	30.146	30.036	1
202210280900	44862.375	14.481	0.107	6	14.625	14.382	1	30.351	0.27	6	30.656	30.016	1
202210281000	44862.41667	14.764	0.05	6	14.771	14.648	1	30.801	0.051	6	30.836	30.696	1
202210281100	44862.45833	14.715	0.045	6	14.766	14.653	1	30.691	0.068	6	30.736	30.576	1
202210281200	44862.5	14.667	0.024	6	14.695	14.626	1	30.456	0.143	6	30.556	30.166	1
202210281300	44862.54167	14.453	0.034	6	14.519	14.439	1	29.451	0.249	6	29.796	29.116	1
202210281400	44862.58333	14.454	0.025	6	14.477	14.411	1	29.111	0.037	6	29.186	29.086	1
202210281500	44862.625	14.541	0.023	6	14.567	14.498	1	28.986	0.079	6	29.106	28.896	1
202210281600	44862.66667	14.297	0.171	6	14.578	14.118	1	28.806	0.243	6	28.986	28.416	1
202210281700	44862.70833	14.083	0.012	6	14.101	14.072	1	28.496	0.07	6	28.546	28.346	1
202210281800	44862.75	14.193	0.051	6	14.268	14.151	1	28.931	0.201	6	29.206	28.706	1
202210281900	44862.79167	14.285	0.013	6	14.304	14.269	1	29.386	0.109	6	29.506	29.246	1
202210282000	44862.83333	14.406	0.106	6	14.538	14.308	1	29.831	0.29	6	30.126	29.496	1
202210282100	44862.875	14.536	0.109	6	14.759	14.464	1	30.131	0.272	6	30.716	29.986	1
202210282200	44862.91667	14.747	0.072	6	14.841	14.664	1	30.686	0.174	6	30.896	30.456	1
202210282300	44862.95833	14.782	0.043	6	14.84	14.743	1	30.777	0.092	6	30.887	30.667	1
202210290000	44863	14.686	0.039	6	14.741	14.637	1	30.537	0.064	6	30.657	30.497	1
202210290100	44863.04167	14.452	0.101	6	14.614	14.335	1	29.982	0.384	6	30.487	29.377	1
202210290200	44863.08333	14.284	0.024	6	14.322	14.261	1	29.352	0.062	6	29.457	29.267	1
202210290300	44863.125	14.213	0.048	6	14.285	14.152	1	29.182	0.114	6	29.367	29.027	1
202210290400	44863.16667	14.052	0.062	6	14.148	13.999	1	28.532	0.32	6	28.997	28.257	1
202210290500	44863.20833	13.991	0.021	6	14.024	13.969	1	28.212	0.108	6	28.337	28.077	1
202210290600	44863.25	14.017	0.028	6	14.068	13.989	1	28.387	0.167	6	28.697	28.247	1
202210290700	44863.29167	14.135	0.032	6	14.15	14.062	1	29.052	0.174	6	29.107	28.647	1
202210290800	44863.33333	14.242	0.112	6	14.409	14.133	1	29.487	0.364	6	29.987	29.037	1
202210290900	44863.375	14.483	0.114	6	14.589	14.32	1	30.182	0.322	6	30.477	29.707	1
202210291000	44863.41667	14.698	0.06	6	14.725	14.561	1	30.767	0.153	6	30.827	30.417	1
202210291100	44863.45833	14.767	0.006	6	14.778	14.762	1	30.872	0.04	6	30.897	30.797	1
202210291200	44863.5	14.683	0.056	6	14.758	14.618	1	30.577	0.192	6	30.787	30.327	1
202210291300	44863.54167	14.518	0.042	6	14.583	14.489	1	29.932	0.182	6	30.217	29.747	1
202210291400	44863.58333	14.508	0.043	6	14.602	14.485	1	29.592	0.334	6	30.057	29.067	1
202210291500	44863.625	14.333	0.051	6	14.421	14.276	1	28.867	0.068	6	28.947	28.787	1
202210291600	44863.66667	14.36	0.135	6	14.468	14.172	1	28.672	0.189	6	28.837	28.417	1
202210291700	44863.70833	14.103	0.03	6	14.163	14.091	1	28.157	0.109	6	28.357	28.107	1
202210291800	44863.75	14.128	0.024	6	14.174	14.112	1	28.337	0.101	6	28.537	28.267	1
202210291900	44863.79167	14.231	0.028	6	14.26	14.195	1	28.857	0.167	6	29.017	28.657	1
202210292000	44863.83333	14.268	0.07	6	14.437	14.261	1	29.057	0.307	6	29.797	29.027	1
202210292100	44863.875	14.597	0.06	6	14.618	14.464	1	30.032	0.188	6	30.187	29.677	1
202210292200	44863.91667	14.674	0.056	6	14.807	14.654	1	30.407	0.171	6	30.817	30.367	1
202210292300	44863.95833	14.849	0.055	6	14.886	14.733	1	30.917	0.124	6	31.067	30.727	1
202210300000	44864	14.793	0.03	6	14.843	14.751	1	30.807	0.086	6	30.947	30.687	1
202210300100	44864.04167	14.654	0.062	6	14.717	14.539	1	30.427	0.189	6	30.587	30.037	1.5
202210300200	44864.08333	14.38	0.121	6	14.468	14.161	1	29.367	0.473	6	29.807	28.547	1.5
202210300300	44864.125	14.181	0.016	6	14.216	14.171	1	28.642	0.073	6	28.787	28.577	1
202210300400	44864.16667	14.174	0.021	6	14.189	14.13	1	28.667	0.088	6	28.737	28.497	1
202210300500	44864.20833	14.105	0.03	6	14.134	14.045	1	28.382	0.166	6	28.507	28.027	1
202210300600	44864.25	14.059	0.017	6	14.071	14.03	1	28.112	0.102	6	28.177	27.927	1
202210300700	44864.29167	14.076	0.025	6	14.128	14.061	1	28.287	0.175	6	28.637	28.157	1
202210300800	44864.33333	14.19	0.026	6	14.212	14.145	1	28.847	0.126	6	28.907	28.607	1
202210300900	44864.375	14.234	0.036	6	14.314	14.219	1	28.837	0.178	6	29.277	28.827	1
202210301000	44864.41667	14.452	0.032	6	14.506	14.417	1	29.812	0.108	6	30.007	29.717	1
202210301100	44864.45833	14.649	0.051	6	14.687	14.547	1	30.427	0.133	6	30.517	30.167	1
202210301200	44864.5	14.738	0.057	6	14.779	14.626	1	30.437	0.209	6	30.817	30.287	1
202210301300	44864.54167	14.55	0.041	6	14.642	14.531	1	29.737	0.123	6	30.037	29.727	1
202210301400	44864.58333	14.451	0.04	6	14.536	14.439	1	29.158	0.297	6	29.728	28.998	1
202210301500	44864.625	14.501	0.092	6	14.618	14.401	1	28.768	0.095	6	28.918	28.638	1
202210301600	44864.66667	14.493	0.044	6	14.545	14.429	1	28.533	0.09	6	28.638	28.388	1
202210301700	44864.70833	14.369	0.071	6	14.449	14.258	1	28.398	0.115	6	28.598	28.318	1
202210301800	44864.75	14.222	0.018	6	14.241	14.197	1	28.143	0.103	6	28.258	28.008	1
202210301900	44864.79167	14.244	0.014	6	14.268	14.228	1	28.363	0.078	6	28.458	28.238	1
202210302000	44864.83333	14.301	0.012	6	14.329	14.3	1	28.613	0.019	6	28.638	28.588	1
202210302100	44864.875	14.298	0.139	6	14.582	14.286	1	28.663	0.556	6	29.818	28.628	1
202210302200	44864.91667	14.614	0.115	6	14.735	14.501	1	30.033	0.43	6	30.398	29.528	1
202210302300	44864.95833	14.844	0.077	6	14.942	14.734	1	30.873	0.261	6	31.168	30.488	1
202210310000	44865	14.85	0.094	6	14.923	14.665	1	30.903	0.37	6	31.158	30.148	1
202210310100	44865.04167	14.803	0.096	6	14.826	14.622	1	30.793	0.324	6	30.848	30.178	1
202210310200	44865.08333	14.539	0.104	6	14.631	14.369	1	29.938	0.39	6	30.248	29.278	1
202210310300	44865.125	14.281	0.064	6	14.361	14.193	1	29.078	0.141	6	29.308	28.908	1
202210310400	44865.16667	14.134	0.025	6	14.151	14.094	1	28.673	0.07	6	28.808	28.598	1
202210310500	44865.20833	14.031	0.028	6	14.086	13.999	1	28.548	0.072	6	28.608	28.438	1
202210310600	44865.25	14.079	0.031	6	14.147	14.069	1	28.083	0.216	6	28.538	27.948	1
202210310700	44865.29167	14.072	0.01	6	14.079	14.054	1	28.048	0.099	6	28.058	27.828	1
202210310800	44865.33333	14.093	0.031	6	14.162	14.081	1	28.268	0.227	6	28.698	28.098	1
202210310900	44865.375	14.154	0.018	6	14.181	14.135	1	28.648	0.052	6	28.678	28.538	1
202210311000	44865.41667	14.224	0.088	6	14.386	14.185	1	28.778	0.405	6	29.548	28.698	1
202210311100	44865.45833	14.458	0.085	6	14.591	14.373	1	29.808	0.453	6	30.378	29.138	1
202210311200	44865.5	14.62	0.07	6	14.78	14.581	1	30.313	0.247	6	30.828	30.098	1
202210311300	44865.54167	14.707	0.054	6	14.772	14.628	1	30.198	0.35	6	30.748	29.858	1
202210311400	44865.58333	14.54	0.034	6	14.598	14.511	1	29.428	0.169	6	29.718	29.268	1
202210311500	44865.625	14.463	0.023	6	14.509	14.454	1	29.018	0.114	6	29.268	28.998	1
202210311600	44865.66667	14.514	0.034	6	14.536	14.457	1	28.983	0.132	6	29.078	28.748	1
202210311700	44865.70833	14.388	0.065	6	14.504	14.355	1	28.383	0.071	6	28.498	28.288	1
202210311800	44865.75	14.249	0.057	6	14.372	14.219	1	28.018	0.159	6	28.268	27.848	1
202210311900	44865.79167	14.218	0.015	6	14.249	14.208	1	27.958	0.067	6	28.018	27.848	1
202210312000	44865.83333	14.214	0.008	6	14.223	14.202	1	28.018	0.063	6	28.128	27.978	1
202210312100	44865.875	14.25	0.014	6	14.261	14.22	1	28.418	0.148	6	28.498	28.108	1
202210312200	44865.91667	14.288	0.014	6	14.3	14.266	1	28.668	0.069	6	28.758	28.548	1
202210312300	44865.95833	14.456	0.092	6	14.558	14.289	1	29.438	0.396	6	29.938	28.758	1
202211010000	44866	14.563	0.054	6	14.632	14.513	1	29.928	0.249	6	30.268	29.638	1
202211010100	44866.04167	14.543	0.078	6	14.697	14.474	1	29.833	0.286	6	30.438	29.618	1
202211010200	44866.08333	14.434	0.043	6	14.533	14.422	1	29.438	0.175	6	29.848	29.398	1
202211010300	44866.125	14.412	0.056	6	14.434	14.282	1	29.393	0.162	6	29.428	29.008	1
202211010400	44866.16667	14.122	0.079	6	14.181	13.958	1	28.439	0.151	6	28.659	28.209	1
202211010500	44866.20833	14.085	0.07	6	14.151	13.982	1	28.449	0.067	6	28.499	28.339	1
202211010600	44866.25	14.141	0.01	6	14.154	14.125	1	28.234	0.105	6	28.439	28.159	1
202211010700	44866.29167	14.155	0.01	6	14.168	14.143	1	28.369	0.11	6	28.559	28.219	1
202211010800	44866.33333	14.154	0.033	6	14.184	14.09	1	28.804	0.154	6	29.039	28.579	1
202211010900	44866.375	14.133	0.047	6	14.194	14.067	1	28.909	0.125	6	29.129	28.799	1
202211011000	44866.41667	14.15	0.05	6	14.245	14.124	1	29.004	0.206	6	29.429	28.929	1
202211011100	44866.45833	14.215	0.038	6	14.286	14.186	1	29.199	0.239	6	29.539	28.989	1
202211011200	44866.5	14.273	0.037	6	14.318	14.239	1	29.629	0.234	6	29.859	29.319	1
202211011300	44866.54167	14.293	0.04	6	14.367	14.256	1	29.774	0.153	6	30.009	29.559	1
202211011400	44866.58333	14.326	0.018	6	14.359	14.311	1	29.754	0.08	6	29.929	29.719	1
202211011500	44866.625	14.271	0.061	6	14.293	14.129	1	29.624	0.151	6	29.689	29.279	1
202211011600	44866.66667	14.03	0.02	6	14.071	14.024	1	29.019	0.053	6	29.139	28.999	1
202211011700	44866.70833	14.146	0.074	6	14.19	14.009	1	29.459	0.257	6	29.589	28.969	1
202211011800	44866.75	14.203	0.076	6	14.376	14.179	1	29.789	0.195	6	30.149	29.599	1
202211011900	44866.79167	14.424	0.037	6	14.462	14.354	1	30.149	0.056	6	30.239	30.069	1
202211012000	44866.83333	14.479	0.027	6	14.508	14.43	1	30.409	0.107	6	30.509	30.259	1
202211012100	44866.875	14.427	0.056	6	14.549	14.389	1	30.414	0.255	6	30.969	30.259	1
202211012200	44866.91667	14.398	0.061	6	14.494	14.339	1	30.504	0.158	6	30.789	30.439	1
202211012300	44866.95833	14.353	0.029	6	14.402	14.315	1	30.584	0.106	6	30.719	30.399	1
202211020000	44867	14.344	0.059	6	14.383	14.243	1	30.774	0.138	6	30.879	30.559	1
202211020100	44867.04167	14.222	0.031	6	14.283	14.195	1	30.914	0.084	6	30.949	30.769	1
202211020200	44867.08333	14.158	0.027	6	14.19	14.119	1	30.974	0.01	6	30.989	30.969	1
202211020300	44867.125	14.225	0.07	6	14.287	14.101	1	31.119	0.083	6	31.179	30.959	1
202211020400	44867.16667	13.892	0.156	6	14.137	13.769	1	30.584	0.322	6	31.059	30.319	1
202211020500	44867.20833	13.262	0.096	6	13.436	13.157	1	29.724	0.149	6	30.039	29.629	1
202211020600	44867.25	13.792	0.071	6	13.938	13.742	1	30.599	0.09	6	30.689	30.459	1
202211020700	44867.29167	14.273	0.12	6	14.334	14.016	1	31.169	0.114	6	31.289	30.969	1
202211020800	44867.33333	14.31	0.043	6	14.374	14.255	1	31.314	0.095	6	31.399	31.159	1
202211020900	44867.375	14.259	0.013	5	14.271	14.237	1	31.359	0.035	5	31.399	31.319	1
202211021000	44867.41667	14.222	0.054	6	14.335	14.185	1	31.349	0.061	6	31.429	31.279	1
202211021100	44867.45833	14.168	0.028	6	14.206	14.127	1	31.309	0.045	6	31.349	31.249	1
202211021200	44867.5	14.231	0.1	6	14.314	14.076	1	31.334	0.089	6	31.389	31.179	1
202211021300	44867.54167	14.215	0.042	6	14.247	14.137	1	31.384	0.062	6	31.419	31.269	1
202211021400	44867.58333	13.824	0.088	6	13.981	13.729	1	31.059	0.065	6	31.109	30.919	1
202211021500	44867.625	13.638	0.033	6	13.688	13.594	1	30.869	0.044	6	30.939	30.819	1
202211021600	44867.66667	13.637	0.066	6	13.678	13.508	1	30.894	0.054	6	30.929	30.799	1
202211021700	44867.70833	13.475	0.044	6	13.555	13.448	1	30.814	0.036	6	30.879	30.789	1
202211021800	44867.75	13.447	0.05	6	13.509	13.378	1	30.804	0.038	6	30.849	30.749	1
202211021900	44867.79167	13.389	0.092	6	13.577	13.336	1	30.854	0.065	6	30.979	30.799	1
202211022000	44867.83333	14.001	0.269	6	14.271	13.611	1	31.269	0.172	6	31.409	30.979	1
202211022100	44867.875	14.244	0.035	6	14.303	14.202	1	31.429	0.051	6	31.459	31.319	1
202211022200	44867.91667	14.109	0.094	6	14.169	13.932	1	31.409	0.076	6	31.459	31.269	1
202211022300	44867.95833	13.917	0.074	6	13.999	13.807	1	31.264	0.079	6	31.399	31.189	1
202211030000	44868	14.101	0.144	6	14.299	13.982	1	31.439	0.069	6	31.489	31.319	1
202211030100	44868.04167	14.268	0.019	6	14.285	14.228	1	31.489	0	6	31.489	31.489	1
202211030200	44868.08333	14.26	0.016	6	14.272	14.238	1	31.424	0.027	6	31.479	31.409	1
202211030300	44868.125	14.252	0.034	6	14.287	14.213	1	31.378	0.027	6	31.428	31.358	1
202211030400	44868.16667	14.178	0.046	6	14.26	14.155	1	31.378	0.004	6	31.378	31.368	1
202211030500	44868.20833	14.163	0.038	6	14.187	14.08	1	31.378	0.004	6	31.378	31.368	1
202211030600	44868.25	14.059	0.019	6	14.072	14.018	1	31.363	0.012	6	31.378	31.348	1
202211030700	44868.29167	13.534	0.213	6	14.015	13.439	1	31.238	0.061	6	31.368	31.208	1
202211030800	44868.33333	13.331	0.142	6	13.536	13.177	1	31.138	0.048	6	31.208	31.088	1
202211030900	44868.375	13.421	0.177	6	13.686	13.148	1	31.183	0.046	6	31.248	31.118	1
202211031000	44868.41667	13.981	0.061	6	14.086	13.926	1	31.183	0.061	6	31.318	31.148	1
202211031100	44868.45833	14.171	0.034	6	14.2	14.117	1	31.413	0.042	6	31.448	31.348	1
202211031200	44868.5	13.936	0.108	6	14.174	13.88	1	31.298	0.048	6	31.408	31.278	1
202211031300	44868.54167	13.887	0.18	6	14.22	13.817	1	31.293	0.076	6	31.438	31.268	1
202211031400	44868.58333	14.21	0.023	6	14.23	14.169	1	31.433	0.008	6	31.438	31.418	1
202211031500	44868.625	14.215	0.03	6	14.249	14.175	1	31.373	0.103	6	31.448	31.198	1
202211031600	44868.66667	14.152	0.012	6	14.17	14.137	1	31.183	0.036	6	31.238	31.138	1
202211031700	44868.70833	14.141	0.009	6	14.157	14.133	1	31.047	0.023	6	31.097	31.037	1
202211031800	44868.75	14.168	0.029	6	14.195	14.111	1	31.072	0.019	6	31.097	31.047	1
202211031900	44868.79167	14.042	0.063	6	14.157	13.977	1	31.092	0.027	6	31.127	31.047	1
202211032000	44868.83333	13.944	0.075	6	14.096	13.903	1	31.197	0.057	6	31.247	31.097	1
202211032100	44868.875	13.858	0.09	6	14.038	13.786	1	31.222	0.034	6	31.277	31.177	1
202211032200	44868.91667	14.186	0.066	6	14.215	14.052	1	31.302	0.029	6	31.357	31.277	1
202211032300	44868.95833	14.124	0.045	6	14.196	14.095	1	31.217	0.054	6	31.267	31.117	1
202211040000	44869	14.077	0.007	6	14.091	14.073	1	31.047	0.015	6	31.077	31.037	1
202211040100	44869.04167	14.068	0.012	6	14.078	14.047	1	30.992	0.027	6	31.037	30.957	1
202211040200	44869.08333	14.026	0.011	6	14.045	14.014	1	30.957	0.005	6	30.957	30.947	1
202211040300	44869.125	14.074	0.08	6	14.222	13.998	1	30.947	0.046	6	31.057	30.937	1
202211040400	44869.16667	14.185	0.042	6	14.273	14.157	1	31.027	0.039	6	31.097	30.987	1
202211040500	44869.20833	14.163	0.02	6	14.177	14.13	1	31.057	0.021	6	31.077	31.027	1
202211040600	44869.25	14.022	0.064	6	14.103	13.918	1	31.001	0.013	6	31.026	30.996	1
202211040700	44869.29167	13.885	0.127	6	13.906	13.583	1	30.996	0.024	6	31.006	30.956	1
202211040800	44869.33333	13.651	0.09	6	13.709	13.505	1	30.991	0.025	6	31.016	30.956	1
202211040900	44869.375	13.653	0.073	6	13.781	13.603	1	31.011	0.015	6	31.036	30.996	1
202211041000	44869.41667	13.593	0.049	6	13.67	13.556	1	31.051	0.018	6	31.066	31.026	1
202211041100	44869.45833	13.761	0.113	6	13.937	13.693	1	31.141	0.099	6	31.276	31.046	1
202211041200	44869.5	13.946	0.012	6	13.962	13.928	1	31.256	0.023	6	31.286	31.226	1
202211041300	44869.54167	14.003	0.046	6	14.022	13.909	1	31.206	0.021	6	31.226	31.166	1
202211041400	44869.58333	14.024	0.008	6	14.037	14.017	1	31.171	0.019	6	31.196	31.146	1
202211041500	44869.625	14.011	0.021	6	14.052	13.999	1	31.106	0.04	6	31.166	31.076	1
202211041600	44869.66667	14.028	0.009	6	14.043	14.018	1	31.086	0.011	6	31.096	31.066	1
202211041700	44869.70833	14.032	0.007	6	14.038	14.018	1	31.041	0.013	6	31.066	31.036	1
202211041800	44869.75	14.013	0.008	6	14.027	14.008	1	31.061	0.005	6	31.066	31.056	1
202211041900	44869.79167	13.964	0.043	6	14.016	13.925	1	31.06	0.005	6	31.065	31.055	1
202211042000	44869.83333	13.813	0.044	6	13.863	13.755	1	31.065	0.009	6	31.075	31.055	1
202211042100	44869.875	13.646	0.078	6	13.761	13.584	1	31.085	0.005	6	31.085	31.075	1
202211042200	44869.91667	13.555	0.025	6	13.571	13.506	1	31.085	0.005	6	31.095	31.085	1
202211042300	44869.95833	13.469	0.103	6	13.477	13.22	1	31.03	0.103	6	31.095	30.855	1
202211050000	44870	13.484	0.084	6	13.673	13.464	1	30.775	0.124	6	31.035	30.715	1
202211050100	44870.04167	13.649	0.021	6	13.685	13.637	1	31.06	0.038	6	31.095	31.005	1
202211050200	44870.08333	13.536	0.036	6	13.618	13.523	1	31.055	0.013	6	31.075	31.035	1
202211050300	44870.125	13.54	0.007	6	13.547	13.53	1	31.045	0.006	6	31.055	31.035	1
202211050400	44870.16667	13.52	0.022	6	13.537	13.477	1	31.045	0.004	6	31.055	31.045	1
202211050500	44870.20833	13.847	0.148	6	13.891	13.497	1	31.33	0.121	6	31.365	31.045	1
202211050600	44870.25	13.848	0.034	6	13.878	13.79	1	31.345	0.03	6	31.375	31.305	1
202211050700	44870.29167	13.792	0.105	6	13.88	13.649	1	31.315	0.048	6	31.375	31.255	1
202211050800	44870.33333	13.464	0.127	6	13.643	13.276	1	31.145	0.075	6	31.245	31.035	1
202211050900	44870.375	13.221	0.042	6	13.297	13.169	1	31.049	0.01	6	31.064	31.044	1
202211051000	44870.41667	13.18	0.093	6	13.211	12.98	1	31.019	0.04	6	31.044	30.944	1
202211051100	44870.45833	13.079	0.094	6	13.18	12.925	1	30.989	0.027	6	31.024	30.954	1
202211051200	44870.5	13.23	0.157	6	13.287	12.869	1	30.964	0.067	6	30.974	30.824	1
202211051300	44870.54167	13.331	0.075	6	13.417	13.246	1	30.724	0.096	6	30.844	30.624	1
202211051400	44870.58333	13.32	0.07	6	13.452	13.28	1	30.899	0.053	6	30.974	30.824	1
202211051500	44870.625	13.396	0.062	6	13.465	13.307	1	30.964	0.02	6	30.994	30.944	1
202211051600	44870.66667	13.325	0.019	6	13.353	13.304	1	30.974	0.019	6	30.994	30.944	1
202211051700	44870.70833	13.307	0.03	6	13.363	13.278	1	30.974	0.017	6	31.004	30.954	1
202211051800	44870.75	13.382	0.064	6	13.494	13.327	1	30.989	0.023	6	31.034	30.984	1
202211051900	44870.79167	13.52	0.033	6	13.544	13.456	1	31.039	0.014	6	31.054	31.014	1
202211052000	44870.83333	13.504	0.055	6	13.593	13.427	1	31.049	0.023	6	31.084	31.024	1
202211052100	44870.875	13.189	0.147	6	13.406	13.042	1	30.954	0.058	6	31.034	30.894	1
202211052200	44870.91667	12.838	0.13	6	13.096	12.809	1	30.823	0.044	6	30.903	30.813	1
202211052300	44870.95833	12.801	0.146	6	13.119	12.731	1	30.853	0.054	6	30.963	30.813	1
202211060000	44871	13.364	0.068	6	13.465	13.274	1	30.983	0.016	6	31.003	30.963	1
202211060100	44871.04167	13.482	0.015	6	13.504	13.457	1	31.028	0.021	6	31.053	31.003	1
202211060200	44871.08333	13.48	0.04	6	13.506	13.405	1	31.058	0.016	6	31.073	31.033	1
202211060300	44871.125	13.479	0.039	6	13.528	13.413	1	31.073	0.019	6	31.093	31.043	1
202211060400	44871.16667	13.467	0.025	6	13.525	13.46	1	31.083	0.005	6	31.093	31.083	1
202211060500	44871.20833	13.421	0.023	6	13.464	13.4	1	31.083	0.004	6	31.083	31.073	1
202211060600	44871.25	13.386	0.04	6	13.479	13.375	1	31.078	0.018	6	31.113	31.073	1
202211060700	44871.29167	13.588	0.033	6	13.601	13.512	1	31.183	0.026	6	31.193	31.123	1
202211060800	44871.33333	13.721	0.043	6	13.75	13.627	1	31.293	0.035	6	31.313	31.213	1
202211060900	44871.375	13.334	0.148	6	13.574	13.195	1	31.078	0.076	6	31.213	31.003	1
202211061000	44871.41667	13.092	0.052	6	13.186	13.052	1	30.983	0.019	6	31.013	30.963	1
202211061100	44871.45833	12.918	0.087	6	13.039	12.82	1	30.942	0.035	6	30.972	30.872	1
202211061200	44871.5	12.818	0.096	6	13.052	12.798	1	30.902	0.033	6	30.972	30.882	1
202211061300	44871.54167	13.421	0.113	6	13.531	13.232	1	31.052	0.037	6	31.092	31.002	1
202211061400	44871.58333	13.418	0.149	6	13.533	13.197	1	31.052	0.063	6	31.092	30.962	1
202211061500	44871.625	13.343	0.019	6	13.379	13.329	1	31.007	0.015	6	31.032	30.992	1
202211061600	44871.66667	13.349	0.107	6	13.486	13.244	1	31.007	0.046	6	31.062	30.962	1
202211061700	44871.70833	13.308	0.06	6	13.42	13.272	1	31.002	0.019	6	31.032	30.992	1
202211061800	44871.75	13.212	0.06	6	13.267	13.115	1	30.982	0.02	6	31.002	30.952	1
202211061900	44871.79167	13.116	0.039	6	13.168	13.079	1	30.967	0.016	6	31.002	30.962	1
202211062000	44871.83333	13.075	0.048	6	13.108	12.993	1	30.962	0.018	6	30.992	30.942	1
202211062100	44871.875	13.366	0.111	6	13.518	13.186	1	31.077	0.079	6	31.212	30.972	1
202211062200	44871.91667	13.032	0.223	6	13.253	12.75	1	30.912	0.107	6	31.052	30.782	1
202211062300	44871.95833	12.704	0.158	6	12.751	12.411	1	30.737	0.121	6	30.782	30.512	1
202211070000	44872	12.707	0.257	6	13.078	12.373	1	30.727	0.154	6	30.912	30.502	1
202211070100	44872.04167	13.29	0.077	6	13.391	13.163	1	31.046	0.04	6	31.081	30.971	1
202211070200	44872.08333	13.333	0.024	6	13.356	13.295	1	31.096	0.031	6	31.121	31.051	1
202211070300	44872.125	13.3	0.09	6	13.431	13.188	1	31.096	0.058	6	31.181	31.021	1
202211070400	44872.16667	13.237	0.052	6	13.359	13.219	1	31.071	0.029	6	31.141	31.071	1
202211070500	44872.20833	13.199	0.024	6	13.231	13.174	1	31.076	0.012	6	31.101	31.071	1
202211070600	44872.25	13.172	0.018	6	13.2	13.153	1	31.061	0.014	6	31.091	31.051	1
202211070700	44872.29167	13.575	0.082	6	13.625	13.398	1	31.471	0.078	6	31.531	31.301	1
202211070800	44872.33333	13.575	0.008	6	13.586	13.565	1	31.461	0.004	6	31.471	31.461	1
202211070900	44872.375	13.436	0.092	6	13.581	13.306	1	31.331	0.083	6	31.461	31.211	1
202211071000	44872.41667	13.093	0.078	6	13.253	13.026	1	31.011	0.056	6	31.131	30.971	1
202211071100	44872.45833	12.943	0.097	6	13.116	12.855	1	30.911	0.07	6	31.021	30.821	1
202211071200	44872.5	12.782	0.012	6	12.802	12.769	1	30.781	0.016	6	30.791	30.751	1
202211071300	44872.54167	12.903	0.22	6	13.306	12.789	1	30.816	0.142	6	31.051	30.721	1
202211071400	44872.58333	13.425	0.024	6	13.463	13.403	1	31.125	0.019	6	31.16	31.11	1
202211071500	44872.625	13.466	0.1	6	13.484	13.27	1	31.16	0.06	6	31.17	31.05	1
202211071600	44872.66667	13.396	0.046	6	13.449	13.324	1	31.12	0.027	6	31.15	31.07	1
202211071700	44872.70833	13.441	0.047	6	13.521	13.393	1	31.115	0.038	6	31.17	31.07	1
202211071800	44872.75	13.426	0.052	6	13.464	13.334	1	31.1	0.028	6	31.12	31.05	1
202211071900	44872.79167	13.437	0.053	6	13.497	13.356	1	31.105	0.035	6	31.15	31.06	1
202211072000	44872.83333	13.468	0.097	6	13.624	13.379	1	31.14	0.043	6	31.19	31.07	1
202211072100	44872.875	13.628	0.011	6	13.646	13.611	1	31.18	0.008	6	31.19	31.17	1
202211072200	44872.91667	13.529	0.092	6	13.641	13.375	1	31.15	0.076	6	31.18	30.98	1
202211072300	44872.95833	13.203	0.043	6	13.281	13.155	1	30.795	0.044	6	30.87	30.74	1
202211080000	44873	13.134	0.009	6	13.142	13.118	1	30.72	0.005	6	30.72	30.71	1
202211080100	44873.04167	13.125	0.059	6	13.254	13.101	1	30.795	0.094	6	30.97	30.72	1
202211080200	44873.08333	13.454	0.045	6	13.471	13.35	1	31.165	0.044	6	31.18	31.06	1
202211080300	44873.125	13.475	0.025	6	13.494	13.434	1	31.189	0.023	6	31.209	31.159	1
202211080400	44873.16667	13.396	0.03	6	13.455	13.383	1	31.159	0.022	6	31.199	31.139	1
202211080500	44873.20833	13.372	0.032	6	13.388	13.309	1	31.164	0.018	6	31.189	31.139	1
202211080600	44873.25	13.268	0.051	6	13.36	13.219	1	31.109	0.044	6	31.199	31.079	1
202211080700	44873.29167	13.402	0.046	6	13.475	13.34	1	31.124	0.085	6	31.239	31.009	1
202211080800	44873.33333	13.506	0.008	6	13.522	13.501	1	30.949	0.028	6	30.969	30.889	1
202211080900	44873.375	13.533	0.003	6	13.534	13.526	1	30.824	0.037	6	30.879	30.779	1
202211081000	44873.41667	13.506	0.025	6	13.524	13.464	1	30.884	0.041	6	30.929	30.839	1
202211081100	44873.45833	13.42	0.058	6	13.466	13.333	1	30.914	0.054	6	30.999	30.859	1
202211081200	44873.5	13.163	0.158	6	13.314	12.937	1	31.019	0.01	6	31.029	30.999	1
202211081300	44873.54167	13.179	0.061	6	13.216	13.066	1	31.019	0.015	6	31.049	31.009	1
202211081400	44873.58333	13.324	0.03	6	13.34	13.261	1	31.129	0.031	6	31.149	31.079	1
202211081500	44873.625	13.379	0.025	6	13.397	13.335	1	31.129	0.012	6	31.129	31.099	1
202211081600	44873.66667	13.386	0.043	6	13.448	13.335	1	31.079	0.005	6	31.089	31.079	1
202211081700	44873.70833	13.378	0.023	6	13.413	13.351	1	31.093	0.005	6	31.098	31.088	1
202211081800	44873.75	13.336	0.02	6	13.373	13.317	1	31.088	0.015	6	31.118	31.078	1
202211081900	44873.79167	13.359	0.049	6	13.418	13.275	1	31.098	0.005	6	31.098	31.088	1
202211082000	44873.83333	13.331	0.035	6	13.368	13.273	1	31.078	0.006	6	31.088	31.068	1
202211082100	44873.875	13.439	0.098	6	13.539	13.289	1	30.928	0.147	6	31.088	30.698	1
202211082200	44873.91667	13.53	0.016	6	13.548	13.507	1	30.793	0.097	6	30.918	30.678	1
202211082300	44873.95833	13.472	0.015	6	13.498	13.463	1	30.798	0.086	6	30.938	30.718	1
202211090000	44874	13.365	0.059	6	13.456	13.284	1	30.953	0.057	6	30.978	30.828	1
202211090100	44874.04167	13.176	0.096	6	13.265	13.043	1	30.998	0.014	6	31.008	30.968	1
202211090200	44874.08333	13.257	0.121	6	13.343	13.048	1	31.058	0.053	6	31.098	30.978	1
202211090300	44874.125	13.345	0.011	6	13.366	13.333	1	31.058	0.045	6	31.108	30.978	1
202211090400	44874.16667	13.348	0.014	6	13.368	13.33	1	30.958	0.012	6	30.978	30.948	1
202211090500	44874.20833	13.35	0.006	6	13.361	13.342	1	30.958	0.004	6	30.958	30.948	1
202211090600	44874.25	13.358	0.026	6	13.375	13.304	1	30.977	0.028	6	31.007	30.937	1
202211090700	44874.29167	13.312	0.029	6	13.337	13.259	1	30.922	0.023	6	30.947	30.877	1
202211090800	44874.33333	13.326	0.007	6	13.34	13.319	1	30.822	0.014	6	30.837	30.797	1
202211090900	44874.375	13.458	0.048	6	13.477	13.352	1	30.707	0.039	6	30.787	30.687	1
202211091000	44874.41667	13.466	0.003	6	13.471	13.463	1	30.697	0	6	30.697	30.697	1
202211091100	44874.45833	13.244	0.121	6	13.418	13.051	1	30.762	0.028	6	30.797	30.727	1
202211091200	44874.5	13.171	0.046	6	13.247	13.129	1	30.787	0.025	6	30.797	30.737	1
202211091300	44874.54167	13.086	0.017	6	13.115	13.072	1	30.792	0.019	6	30.807	30.757	1
202211091400	44874.58333	13.186	0.061	6	13.296	13.139	1	30.802	0.03	6	30.847	30.767	1
202211091500	44874.625	13.426	0.02	6	13.439	13.387	1	30.877	0.023	6	30.897	30.837	1
202211091600	44874.66667	13.399	0.008	6	13.415	13.394	1	30.792	0.014	6	30.817	30.777	1
202211091700	44874.70833	13.366	0.005	6	13.376	13.361	1	30.787	0.004	6	30.797	30.787	1
202211091800	44874.75	13.373	0.019	6	13.396	13.352	1	30.792	0.005	6	30.797	30.787	1
202211091900	44874.79167	13.349	0.01	6	13.357	13.33	1	30.797	0.008	6	30.807	30.787	1
202211092000	44874.83333	13.301	0.045	6	13.396	13.263	1	30.796	0.022	6	30.806	30.746	1
202211092100	44874.875	13.422	0.031	6	13.469	13.398	1	30.741	0.021	6	30.766	30.716	1
202211092200	44874.91667	13.376	0.013	6	13.398	13.361	1	30.756	0.005	6	30.766	30.756	1
202211092300	44874.95833	13.251	0.065	6	13.344	13.164	1	30.741	0.018	6	30.756	30.716	1
202211100000	44875	13.084	0.105	6	13.19	12.924	1	30.736	0.021	6	30.756	30.706	1
202211100100	44875.04167	12.894	0.065	6	13.037	12.862	1	30.736	0.014	6	30.746	30.706	1
202211100200	44875.08333	12.884	0.086	6	13.046	12.786	1	30.766	0.022	6	30.806	30.746	1
202211100300	44875.125	13.044	0.121	6	13.156	12.882	1	30.816	0.038	6	30.876	30.796	1
202211100400	44875.16667	13.178	0.019	6	13.205	13.153	1	30.856	0.03	6	30.866	30.796	1
202211100500	44875.20833	13.203	0.02	6	13.212	13.158	1	30.776	0.005	6	30.786	30.776	1
202211100600	44875.25	13.16	0.016	6	13.186	13.138	1	30.756	0.008	6	30.766	30.746	1
202211100700	44875.29167	13.067	0.031	6	13.131	13.057	1	30.766	0.008	6	30.786	30.766	1
202211100800	44875.33333	13.045	0.017	6	13.065	13.02	1	30.756	0.012	6	30.776	30.746	1
202211100900	44875.375	13.036	0.064	6	13.164	13.015	1	30.765	0.006	6	30.775	30.755	1
202211101000	44875.41667	13.256	0.042	6	13.298	13.193	1	30.77	0.005	6	30.775	30.765	1
202211101100	44875.45833	13.19	0.088	6	13.308	13.082	1	30.77	0.005	6	30.775	30.765	1
202211101200	44875.5	12.985	0.09	6	13.101	12.846	1	30.79	0.05	6	30.905	30.775	1
202211101300	44875.54167	12.951	0.043	6	13.01	12.905	1	30.77	0.01	6	30.785	30.765	1
202211101400	44875.58333	12.889	0.059	6	12.964	12.823	1	30.775	0.008	6	30.785	30.765	1
202211101500	44875.625	13.086	0.105	6	13.217	12.981	1	30.775	0.008	6	30.785	30.765	1
202211101600	44875.66667	13.255	0.047	6	13.283	13.153	1	30.785	0.011	6	30.795	30.765	1
202211101700	44875.70833	13.237	0.039	6	13.276	13.177	1	30.765	0.005	6	30.765	30.755	1
202211101800	44875.75	13.231	0.016	6	13.257	13.209	1	30.75	0.005	6	30.755	30.745	1
202211101900	44875.79167	13.242	0.035	6	13.258	13.163	1	30.745	0.008	6	30.765	30.745	1
202211102000	44875.83333	13.207	0.035	6	13.231	13.139	1	30.754	0.008	6	30.764	30.744	1
202211102100	44875.875	13.219	0.009	6	13.228	13.208	1	30.754	0	6	30.754	30.754	1
202211102200	44875.91667	13.323	0.034	6	13.369	13.276	1	30.744	0.004	6	30.744	30.734	1
202211102300	44875.95833	13.347	0.006	6	13.351	13.334	1	30.744	0	6	30.744	30.744	1
202211110000	44876	13.265	0.029	6	13.304	13.228	1	30.744	0.004	6	30.754	30.744	1
202211110100	44876.04167	13.18	0.027	6	13.218	13.152	1	30.749	0.005	6	30.754	30.744	1
202211110200	44876.08333	13.079	0.031	6	13.135	13.048	1	30.764	0.008	6	30.764	30.744	1
202211110300	44876.125	13.163	0.045	6	13.229	13.095	1	30.744	0.008	6	30.764	30.744	1
202211110400	44876.16667	13.277	0.01	6	13.289	13.263	1	30.754	0.004	6	30.754	30.744	1
202211110500	44876.20833	13.268	0.022	6	13.289	13.234	1	30.749	0.008	6	30.754	30.734	1
202211110600	44876.25	13.249	0.033	6	13.288	13.196	1	30.724	0.01	6	30.744	30.714	1
202211110700	44876.29167	13.256	0.044	6	13.309	13.186	1	30.718	0.012	6	30.743	30.713	1
202211110800	44876.33333	13.253	0.026	6	13.299	13.222	1	30.723	0.005	6	30.733	30.723	1
202211110900	44876.375	13.257	0.013	6	13.276	13.242	1	30.723	0.012	6	30.733	30.703	1
202211111000	44876.41667	13.284	0.043	6	13.353	13.255	1	30.728	0.018	6	30.763	30.723	1
202211111100	44876.45833	13.354	0.004	6	13.36	13.349	1	30.763	0.005	6	30.763	30.753	1
202211111200	44876.5	13.213	0.069	6	13.331	13.162	1	30.743	0.004	6	30.753	30.743	1
202211111300	44876.54167	13.219	0.031	6	13.251	13.174	1	30.738	0.013	6	30.743	30.713	1
202211111400	44876.58333	13.163	0.016	6	13.191	13.147	1	30.738	0.005	6	30.743	30.733	1
202211111500	44876.625	13.178	0.023	6	13.219	13.156	1	30.728	0.005	6	30.733	30.723	1
202211111600	44876.66667	13.27	0.02	6	13.31	13.251	1	30.713	0.004	6	30.713	30.703	1
202211111700	44876.70833	13.294	0.028	6	13.314	13.248	1	30.703	0.005	6	30.713	30.703	1
202211111800	44876.75	13.228	0.025	6	13.273	13.206	1	30.712	0.009	6	30.722	30.702	1
202211111900	44876.79167	13.251	0.007	6	13.262	13.242	1	30.692	0.006	6	30.702	30.682	1
202211112000	44876.83333	13.24	0.023	6	13.26	13.198	1	30.692	0.005	6	30.692	30.682	1
202211112100	44876.875	13.24	0.041	6	13.283	13.193	1	30.687	0.005	6	30.692	30.682	1
202211112200	44876.91667	13.26	0.008	6	13.273	13.254	1	30.687	0.005	6	30.692	30.682	1
202211112300	44876.95833	13.268	0.007	6	13.277	13.262	1	30.682	0.004	6	30.692	30.682	1
202211120000	44877	13.215	0.035	6	13.26	13.187	1	30.682	0.004	6	30.692	30.682	1
202211120100	44877.04167	13.187	0.014	6	13.197	13.158	1	30.672	0.012	6	30.692	30.662	1
202211120200	44877.08333	13.074	0.019	6	13.097	13.049	1	30.692	0.004	6	30.692	30.682	1
202211120300	44877.125	12.991	0.039	6	13.071	12.954	1	30.702	0.005	6	30.702	30.692	1
202211120400	44877.16667	13.019	0.032	6	13.035	12.96	1	30.701	0.012	6	30.731	30.701	1
202211120500	44877.20833	13.018	0.02	6	13.044	12.99	1	30.736	0.01	6	30.751	30.721	1
202211120600	44877.25	13.087	0.008	6	13.099	13.076	1	30.701	0.005	6	30.711	30.701	1
202211120700	44877.29167	13.121	0.014	6	13.137	13.095	1	30.681	0.008	6	30.691	30.671	1
202211120800	44877.33333	13.151	0.034	6	13.16	13.074	1	30.671	0.01	6	30.691	30.661	1
202211120900	44877.375	13.149	0.022	6	13.181	13.117	1	30.666	0.019	6	30.711	30.661	1
202211121000	44877.41667	13.201	0.016	6	13.23	13.187	1	30.736	0.02	6	30.761	30.701	1
202211121100	44877.45833	13.191	0.017	6	13.223	13.171	1	30.691	0.004	6	30.701	30.691	1
202211121200	44877.5	13.188	0.019	6	13.211	13.167	1	30.701	0.004	6	30.701	30.691	1
202211121300	44877.54167	13.16	0.03	6	13.18	13.103	1	30.696	0.008	6	30.701	30.681	1
202211121400	44877.58333	13.068	0.044	6	13.108	13.012	1	30.701	0.005	6	30.701	30.691	1
202211121500	44877.625	12.964	0.038	6	13.031	12.941	1	30.695	0.01	6	30.71	30.68	1
202211121600	44877.66667	12.98	0.063	6	13.007	12.839	1	30.7	0.02	6	30.7	30.65	1
202211121700	44877.70833	12.819	0.049	6	12.889	12.763	1	30.65	0.008	6	30.66	30.64	1
202211121800	44877.75	12.949	0.027	6	12.964	12.889	1	30.66	0.004	6	30.66	30.65	1
202211121900	44877.79167	12.964	0.023	6	12.999	12.94	1	30.66	0.004	6	30.67	30.66	1
202211122000	44877.83333	12.996	0.013	6	13.01	12.974	1	30.66	0.004	6	30.67	30.66	1
202211122100	44877.875	12.996	0.053	6	13.122	12.985	1	30.66	0.028	6	30.73	30.66	1
202211122200	44877.91667	13.1	0.043	6	13.145	13.017	1	30.71	0.02	6	30.73	30.68	1
202211122300	44877.95833	13.056	0.031	6	13.078	12.998	1	30.695	0.014	6	30.72	30.68	1
202211130000	44878	13.071	0.026	6	13.087	13.012	1	30.69	0.005	6	30.7	30.69	1
202211130100	44878.04167	12.909	0.048	6	13.001	12.861	1	30.69	0.013	6	30.7	30.67	1
202211130200	44878.08333	12.821	0.02	6	12.848	12.795	1	30.669	0.009	6	30.679	30.659	1
202211130300	44878.125	12.737	0.078	6	12.793	12.593	1	30.649	0.017	6	30.669	30.629	1
202211130400	44878.16667	12.494	0.054	6	12.547	12.412	1	30.559	0.039	6	30.609	30.499	1
202211130500	44878.20833	12.325	0.145	6	12.563	12.158	1	30.474	0.124	6	30.659	30.339	1
202211130600	44878.25	12.309	0.081	6	12.379	12.162	1	30.424	0.05	6	30.479	30.349	1
202211130700	44878.29167	12.481	0.028	6	12.507	12.425	1	30.529	0.018	6	30.539	30.489	1
202211130800	44878.33333	12.454	0.025	6	12.489	12.417	1	30.529	0.008	6	30.539	30.519	1
202211130900	44878.375	12.774	0.1	6	12.808	12.545	1	30.609	0.02	6	30.609	30.559	1
202211131000	44878.41667	12.776	0.032	6	12.832	12.753	1	30.609	0.01	6	30.619	30.589	1
202211131100	44878.45833	12.802	0.038	6	12.825	12.74	1	30.624	0.018	6	30.639	30.599	1
202211131200	44878.5	12.847	0.012	6	12.852	12.821	1	30.618	0.004	6	30.628	30.618	1
202211131300	44878.54167	12.867	0.01	6	12.884	12.859	1	30.608	0.004	6	30.618	30.608	1
202211131400	44878.58333	12.876	0.024	6	12.884	12.831	1	30.603	0.005	6	30.608	30.598	1
202211131500	44878.625	12.625	0.081	6	12.737	12.509	1	30.573	0.062	6	30.588	30.448	1
202211131600	44878.66667	12.406	0.034	6	12.468	12.367	1	30.428	0.048	6	30.528	30.398	1
202211131700	44878.70833	12.257	0.115	6	12.401	12.129	1	30.298	0.18	6	30.508	30.098	1
202211131800	44878.75	12.313	0.03	6	12.329	12.251	1	30.303	0.024	6	30.318	30.258	1
202211131900	44878.79167	12.341	0.012	6	12.362	12.333	1	30.358	0.015	6	30.368	30.328	1
202211132000	44878.83333	12.302	0.031	6	12.342	12.262	1	30.358	0	6	30.358	30.358	1
202211132100	44878.875	12.279	0.072	6	12.348	12.179	1	30.378	0.021	6	30.408	30.358	1
202211132200	44878.91667	12.571	0.15	6	12.825	12.411	1	30.533	0.122	6	30.788	30.458	1
202211132300	44878.95833	12.735	0.028	6	12.754	12.683	1	30.677	0.02	6	30.707	30.657	1
202211140000	44879	12.749	0.023	6	12.766	12.71	1	30.702	0.021	6	30.727	30.677	1
202211140100	44879.04167	12.621	0.067	6	12.699	12.536	1	30.642	0.035	6	30.677	30.597	1
202211140200	44879.08333	12.46	0.045	6	12.522	12.399	1	30.567	0.009	6	30.577	30.557	1
202211140300	44879.125	12.345	0.026	6	12.386	12.317	1	30.547	0.01	6	30.567	30.537	1
202211140400	44879.16667	12.169	0.09	6	12.289	12.055	1	30.472	0.068	6	30.537	30.367	1
202211140500	44879.20833	11.84	0.108	6	12.007	11.737	1	30.072	0.17	6	30.317	29.907	1
202211140600	44879.25	11.7	0.081	6	11.855	11.649	1	29.842	0.095	6	29.937	29.717	1
202211140700	44879.29167	11.826	0.017	6	11.847	11.797	1	29.942	0.023	6	29.977	29.927	1
202211140800	44879.33333	11.814	0.031	6	11.864	11.789	1	30.062	0.01	6	30.077	30.057	1
202211140900	44879.375	12.014	0.11	6	12.068	11.786	1	30.186	0.053	6	30.206	30.066	1
202211141000	44879.41667	12.072	0.067	6	12.214	12.053	1	30.221	0.055	6	30.336	30.206	1
202211141100	44879.45833	12.176	0.071	6	12.314	12.093	1	30.301	0.063	6	30.416	30.226	1
202211141200	44879.5	12.406	0.039	6	12.476	12.369	1	30.486	0.052	6	30.576	30.466	1
202211141300	44879.54167	12.366	0.023	6	12.4	12.345	1	30.411	0.026	6	30.456	30.396	1
202211141400	44879.58333	12.297	0.029	6	12.349	12.264	1	30.376	0.021	6	30.416	30.356	1
202211141500	44879.625	12.114	0.256	6	12.243	11.646	1	30.236	0.481	6	30.376	29.286	1
202211141600	44879.66667	11.568	0.034	6	11.602	11.524	1	29.211	0.02	6	29.246	29.186	1
202211141700	44879.70833	11.497	0.011	6	11.511	11.483	1	29.231	0.077	6	29.366	29.166	1
202211141800	44879.75	11.506	0.06	6	11.609	11.464	1	29.316	0.059	6	29.376	29.236	1
202211141900	44879.79167	11.599	0.012	6	11.611	11.585	1	29.461	0.036	6	29.466	29.386	1
202211142000	44879.83333	11.668	0.056	6	11.762	11.592	1	29.72	0.123	6	29.865	29.535	1
202211142100	44879.875	11.633	0.084	6	11.793	11.592	1	29.72	0.092	6	29.895	29.685	1
202211142200	44879.91667	11.776	0.085	6	11.956	11.723	1	29.89	0.171	6	30.305	29.855	1
202211142300	44879.95833	12.129	0.14	6	12.264	11.884	1	30.555	0.247	6	30.785	30.155	1
202211150000	44880	12.39	0.102	6	12.531	12.253	1	30.89	0.053	6	30.965	30.825	1
202211150100	44880.04167	12.217	0.037	6	12.298	12.193	1	30.685	0.056	6	30.785	30.625	1
202211150200	44880.08333	12.11	0.197	6	12.182	11.683	1	30.575	0.156	6	30.625	30.225	1
202211150300	44880.125	11.687	0.321	6	11.889	11.126	1	30.185	0.258	6	30.375	29.745	1
202211150400	44880.16667	10.867	0.172	6	11.079	10.633	1	29.67	0.056	6	29.775	29.635	1
202211150500	44880.20833	10.967	0.099	6	11.111	10.838	1	29.675	0.043	6	29.735	29.635	1
202211150600	44880.25	11.427	0.126	6	11.462	11.129	1	29.505	0.112	6	29.675	29.385	1
202211150700	44880.29167	11.612	0.052	6	11.645	11.524	1	29.549	0.037	6	29.584	29.494	1
202211150800	44880.33333	11.676	0.06	6	11.731	11.575	1	29.714	0.136	6	29.844	29.534	1
202211150900	44880.375	11.73	0.085	6	11.897	11.643	1	29.839	0.133	6	30.114	29.724	1
202211151000	44880.41667	12.032	0.06	6	12.118	11.968	1	30.274	0.086	6	30.394	30.184	1
202211151100	44880.45833	12.068	0.061	6	12.185	12.025	1	30.324	0.08	6	30.474	30.264	1
202211151200	44880.5	12.253	0.083	6	12.368	12.139	1	30.569	0.121	6	30.734	30.394	1
202211151300	44880.54167	12.271	0.053	6	12.379	12.252	1	30.584	0.089	6	30.764	30.554	1
202211151400	44880.58333	12.205	0.044	6	12.256	12.145	1	30.499	0.063	6	30.574	30.424	1
202211151500	44880.625	12.098	0.022	6	12.132	12.08	1	30.399	0.015	6	30.414	30.374	1
202211151600	44880.66667	12.077	0.055	6	12.096	11.947	1	30.419	0.084	6	30.484	30.244	1
202211151700	44880.70833	11.703	0.09	6	11.892	11.664	1	29.813	0.175	6	30.163	29.713	1
202211151800	44880.75	11.476	0.061	6	11.594	11.438	1	29.413	0.147	6	29.623	29.283	1
202211151900	44880.79167	11.562	0.049	6	11.581	11.465	1	29.363	0.05	6	29.403	29.283	1
202211152000	44880.83333	11.561	0.017	6	11.592	11.543	1	29.378	0.024	6	29.423	29.363	1
202211152100	44880.875	11.553	0.016	6	11.583	11.543	1	29.393	0.047	6	29.493	29.373	1
202211152200	44880.91667	11.667	0.037	6	11.705	11.601	1	29.703	0.088	6	29.793	29.543	1
202211152300	44880.95833	11.855	0.132	6	11.907	11.594	1	30.028	0.261	6	30.173	29.523	1
202211160000	44881	12.057	0.089	6	12.204	11.941	1	30.458	0.178	6	30.743	30.233	1
202211160100	44881.04167	12.214	0.081	6	12.363	12.154	1	30.738	0.142	6	31.023	30.633	1
202211160200	44881.08333	12.35	0.102	6	12.434	12.191	1	30.908	0.198	6	31.053	30.603	1
202211160300	44881.125	12.136	0.027	6	12.197	12.121	1	30.478	0.057	6	30.603	30.443	1
202211160400	44881.16667	12.06	0.095	6	12.126	11.858	1	30.372	0.144	6	30.472	30.062	1
202211160500	44881.20833	11.8	0.025	6	11.843	11.773	1	29.912	0.054	6	30.022	29.872	1
202211160600	44881.25	11.741	0.07	6	11.771	11.587	1	29.882	0.069	6	29.932	29.752	1
202211160700	44881.29167	11.794	0.016	6	11.823	11.778	1	29.902	0.031	6	29.972	29.892	1
202211160800	44881.33333	11.836	0.016	6	11.843	11.801	1	29.987	0.026	6	30.002	29.932	1
202211160900	44881.375	11.829	0.176	6	12.186	11.826	1	29.967	0.327	6	30.602	29.962	1
202211161000	44881.41667	12.12	0.168	6	12.302	11.874	1	30.532	0.352	6	30.852	30.052	1
202211161100	44881.45833	12.436	0.198	6	12.599	12.133	1	31.132	0.403	6	31.392	30.392	1
202211161200	44881.5	12.365	0.048	6	12.427	12.298	1	30.902	0.107	6	31.042	30.762	1
202211161300	44881.54167	12.409	0.053	6	12.496	12.341	1	31.007	0.115	6	31.182	30.832	1
202211161400	44881.58333	12.4	0.028	6	12.426	12.353	1	30.982	0.051	6	31.042	30.902	1
202211161500	44881.625	12.334	0.017	6	12.349	12.304	1	30.902	0.01	6	30.912	30.882	1
202211161600	44881.66667	11.855	0.2	6	12.28	11.776	1	29.987	0.398	6	30.852	29.852	1
202211161700	44881.70833	11.669	0.043	6	11.75	11.636	1	29.682	0.066	6	29.812	29.622	1
202211161800	44881.75	11.604	0.009	6	11.622	11.599	1	29.662	0.018	6	29.692	29.652	1
202211161900	44881.79167	11.651	0.04	6	11.706	11.601	1	29.732	0.132	6	29.942	29.562	1
202211162000	44881.83333	11.674	0.005	6	11.681	11.667	1	29.727	0.012	6	29.742	29.712	1
202211162100	44881.875	11.649	0.095	6	11.868	11.617	1	29.737	0.201	6	30.222	29.722	1
202211162200	44881.91667	11.952	0.035	6	12.012	11.913	1	30.432	0.084	6	30.612	30.392	1
202211162300	44881.95833	12.027	0.04	6	12.081	11.972	1	30.677	0.064	6	30.762	30.592	1
202211170000	44882	11.956	0.086	6	12.057	11.844	1	30.582	0.114	6	30.682	30.402	1
202211170100	44882.04167	12.187	0.116	6	12.304	11.955	1	30.957	0.167	6	31.112	30.612	1
202211170200	44882.08333	12.204	0.098	6	12.241	11.976	1	30.932	0.176	6	30.992	30.522	1
202211170300	44882.125	11.471	0.195	6	11.822	11.293	1	29.632	0.34	6	30.252	29.352	1
202211170400	44882.16667	11.228	0.063	6	11.254	11.096	1	29.296	0.078	6	29.321	29.121	1
202211170500	44882.20833	10.935	0.065	6	11.018	10.846	1	28.891	0.087	6	29.011	28.781	1
202211170600	44882.25	10.838	0.014	6	10.858	10.826	1	28.771	0.008	6	28.781	28.761	1
202211170700	44882.29167	10.927	0.044	6	10.974	10.851	1	28.861	0.047	6	28.921	28.791	1
202211170800	44882.33333	11.068	0.018	6	11.086	11.041	1	29.016	0.015	6	29.041	29.001	1
202211170900	44882.375	11.223	0.104	6	11.342	11.058	1	29.166	0.123	6	29.351	29.031	1
202211171000	44882.41667	11.365	0.019	6	11.397	11.343	1	29.411	0.043	6	29.491	29.381	1
202211171100	44882.45833	11.597	0.08	6	11.666	11.471	1	29.871	0.167	6	30.031	29.601	1
202211171200	44882.5	11.557	0.064	6	11.673	11.488	1	29.806	0.13	6	30.041	29.671	1
202211171300	44882.54167	11.779	0.073	6	11.846	11.66	1	30.261	0.155	6	30.411	30.011	1
202211171400	44882.58333	11.823	0.022	6	11.849	11.799	1	30.431	0.071	6	30.501	30.341	1
202211171500	44882.625	11.864	0.013	6	11.875	11.842	1	30.576	0.033	6	30.611	30.531	1
202211171600	44882.66667	11.684	0.069	6	11.808	11.619	1	30.281	0.104	6	30.471	30.171	1
202211171700	44882.70833	11.663	0.128	6	11.819	11.488	1	30.236	0.236	6	30.571	29.941	1
202211171800	44882.75	11.255	0.112	6	11.464	11.147	1	29.671	0.174	6	29.971	29.481	1
202211171900	44882.79167	11.24	0.077	6	11.342	11.135	1	29.601	0.113	6	29.751	29.451	1
202211172000	44882.83333	11.731	0.183	6	11.928	11.552	1	30.331	0.261	6	30.631	30.091	1
202211172100	44882.875	11.959	0.051	6	12	11.849	1	30.696	0.083	6	30.761	30.521	1
202211172200	44882.91667	12.015	0.055	6	12.081	11.913	1	30.811	0.084	6	30.911	30.651	1
202211172300	44882.95833	12.011	0.014	6	12.033	11.998	1	30.866	0.023	6	30.911	30.851	1
202211180000	44883	12.219	0.147	6	12.362	11.971	1	31.081	0.156	6	31.251	30.831	1
202211180100	44883.04167	12.447	0.025	6	12.467	12.396	1	31.316	0.021	6	31.331	31.271	1
202211180200	44883.08333	12.409	0.019	6	12.451	12.398	1	31.286	0.008	6	31.301	31.281	1
202211180300	44883.125	12.469	0.009	6	12.476	12.452	1	31.296	0.005	6	31.301	31.291	1
202211180400	44883.16667	12.41	0.022	6	12.449	12.381	1	31.261	0.015	6	31.291	31.251	1
202211180500	44883.20833	12.328	0.062	6	12.409	12.261	1	31.246	0.005	6	31.251	31.241	1
202211180600	44883.25	12.106	0.103	6	12.19	11.901	1	31.086	0.084	6	31.201	30.991	1
202211180700	44883.29167	11.414	0.258	6	11.87	11.149	1	30.431	0.257	6	30.801	30.101	1
202211180800	44883.33333	11.231	0.115	6	11.406	11.111	1	30.266	0.108	6	30.341	30.091	1
202211180900	44883.375	11.673	0.299	6	11.976	11.15	1	30.646	0.268	6	30.931	30.201	1
202211181000	44883.41667	12.087	0.102	6	12.182	11.896	1	31.071	0.104	6	31.181	30.881	1
202211181100	44883.45833	12.233	0.009	6	12.238	12.213	1	31.161	0.006	6	31.171	31.151	1
202211181200	44883.5	12.237	0.009	6	12.244	12.218	1	31.156	0.021	6	31.171	31.111	1
202211181300	44883.54167	12.233	0.018	6	12.262	12.217	1	31.086	0.027	6	31.121	31.051	1
202211181400	44883.58333	12.272	0.009	6	12.287	12.258	1	30.996	0.027	6	31.041	30.981	1
202211181500	44883.625	12.218	0.054	6	12.268	12.139	1	30.996	0.037	6	31.021	30.931	1
202211181600	44883.66667	12.177	0.015	6	12.195	12.155	1	30.966	0.022	6	31.001	30.941	1
202211181700	44883.70833	12.202	0.005	6	12.21	12.196	1	31.011	0.005	6	31.021	31.011	1
202211181800	44883.75	12.115	0.179	6	12.204	11.811	1	30.916	0.26	6	31.031	30.471	1
202211181900	44883.79167	11.619	0.068	6	11.73	11.555	1	30.281	0.047	6	30.361	30.241	1
202211182000	44883.83333	11.264	0.178	6	11.544	11.12	1	29.691	0.319	6	30.251	29.501	1
202211182100	44883.875	11.004	0.047	6	11.04	10.912	1	29.326	0.021	6	29.341	29.281	1
202211182200	44883.91667	11.293	0.183	6	11.414	10.9	1	30.076	0.309	6	30.251	29.401	1
202211182300	44883.95833	11.42	0.085	6	11.462	11.235	1	30.331	0.132	6	30.401	30.081	1
202211190000	44884	11.453	0.012	6	11.466	11.436	1	30.35	0.004	6	30.36	30.35	1
202211190100	44884.04167	11.39	0.019	6	11.422	11.368	1	30.39	0.042	6	30.48	30.36	1
202211190200	44884.08333	11.485	0.06	6	11.585	11.424	1	30.5	0.055	6	30.56	30.43	1
202211190300	44884.125	11.588	0.109	6	11.661	11.397	1	30.375	0.084	6	30.44	30.2	1
202211190400	44884.16667	11.772	0.083	6	11.847	11.604	1	30.535	0.089	6	30.64	30.38	1
202211190500	44884.20833	11.752	0.04	6	11.791	11.68	1	30.625	0.012	6	30.64	30.61	1
202211190600	44884.25	11.047	0.445	6	11.639	10.539	1	29.96	0.519	6	30.62	29.34	1
202211190700	44884.29167	10.454	0.052	6	10.51	10.367	1	29.335	0.052	6	29.46	29.33	1
202211190800	44884.33333	10.502	0.063	6	10.59	10.453	1	29.575	0.075	6	29.63	29.44	1
202211190900	44884.375	10.068	0.197	6	10.386	9.93	1	29.065	0.192	6	29.43	28.99	1
202211191000	44884.41667	9.874	0.059	6	9.933	9.798	1	28.965	0.078	6	29.02	28.83	1
202211191100	44884.45833	10.091	0.222	6	10.204	9.711	1	29.405	0.274	6	29.47	28.87	1
202211191200	44884.5	10.22	0.039	6	10.246	10.147	1	29.29	0.038	6	29.36	29.24	1
202211191300	44884.54167	10.317	0.081	6	10.345	10.169	1	29.395	0.106	6	29.45	29.22	1
202211191400	44884.58333	10.684	0.15	6	10.788	10.415	1	29.875	0.175	6	29.98	29.57	1
202211191500	44884.625	10.814	0.081	6	10.947	10.74	1	30.04	0.076	6	30.16	29.97	1
202211191600	44884.66667	11.045	0.088	6	11.102	10.881	1	30.255	0.064	6	30.29	30.13	1
202211191700	44884.70833	11.149	0.121	6	11.3	11.021	1	30.435	0.127	6	30.56	30.27	1
202211191800	44884.75	11.153	0.116	6	11.307	11.017	1	30.445	0.101	6	30.57	30.32	1
202211191900	44884.79167	10.858	0.368	6	11.043	10.133	1	30.19	0.32	6	30.35	29.57	1
202211192000	44884.83333	9.886	0.063	6	10.003	9.827	1	29.42	0.038	6	29.51	29.41	1
202211192100	44884.875	9.694	0.063	6	9.786	9.628	1	29.405	0.034	6	29.44	29.36	1
202211192200	44884.91667	9.506	0.049	6	9.59	9.466	1	29.3	0.053	6	29.36	29.25	1
202211192300	44884.95833	9.696	0.058	6	9.802	9.631	1	29.11	0.186	6	29.38	28.93	1
202211200000	44885	9.654	0.017	6	9.673	9.633	1	28.95	0.037	6	29.02	28.92	1
202211200100	44885.04167	9.91	0.251	6	10.315	9.724	1	29.495	0.348	6	29.91	29.09	1
202211200200	44885.08333	10.156	0.048	6	10.255	10.109	1	29.815	0.028	6	29.87	29.79	1
202211200300	44885.125	10.688	0.32	6	10.899	10.157	1	30.27	0.25	6	30.4	29.81	1
202211200400	44885.16667	10.637	0.114	6	10.844	10.515	1	30.53	0.074	6	30.59	30.41	1
202211200500	44885.20833	10.491	0.011	6	10.51	10.48	1	30.51	0.014	6	30.52	30.49	1
202211200600	44885.25	10.474	0.015	6	10.489	10.448	1	30.54	0.009	6	30.55	30.53	1
202211200700	44885.29167	10.327	0.057	6	10.437	10.285	1	30.45	0.039	6	30.52	30.4	1
202211200800	44885.33333	9.87	0.571	6	10.28	8.777	1	30.07	0.285	6	30.46	29.65	1
202211200900	44885.375	8.87	0.341	6	9.472	8.579	1	29.715	0.108	6	29.88	29.62	1
202211201000	44885.41667	9.364	0.112	6	9.544	9.279	1	29.69	0.056	6	29.8	29.64	1
202211201100	44885.45833	9.261	0.346	6	9.4	8.573	1	29.615	0.094	6	29.8	29.53	1
202211201200	44885.5	9.493	0.071	6	9.627	9.448	1	29.405	0.075	6	29.51	29.33	1
202211201300	44885.54167	9.682	0.006	6	9.691	9.673	1	29.49	0.009	6	29.5	29.48	1
202211201400	44885.58333	9.676	0.028	6	9.686	9.625	1	29.515	0.014	6	29.53	29.5	1
202211201500	44885.625	9.928	0.092	6	9.984	9.724	1	29.825	0.096	6	29.87	29.61	1
202211201600	44885.66667	10.144	0.131	6	10.309	9.905	1	30.005	0.086	6	30.13	29.87	1
202211201700	44885.70833	10.152	0.065	6	10.214	10.034	1	30.08	0.033	6	30.11	30.02	1
202211201800	44885.75	10.323	0.107	6	10.426	10.111	1	30.155	0.062	6	30.27	30.09	1
202211201900	44885.79167	10.352	0.06	6	10.454	10.288	1	30.244	0.033	6	30.269	30.189	1
202211202000	44885.83333	10.35	0.083	6	10.429	10.219	1	30.184	0.05	6	30.229	30.099	1
202211202100	44885.875	10.117	0.049	6	10.203	10.07	1	30.084	0.012	6	30.099	30.069	1
202211202200	44885.91667	9.99	0.232	6	10.084	9.472	1	30.029	0.219	6	30.079	29.519	1
202211202300	44885.95833	9.171	0.075	6	9.313	9.094	1	29.269	0.061	6	29.409	29.239	1
202211210000	44886	9.156	0.116	6	9.341	9.054	1	29.219	0.078	6	29.349	29.149	1
202211210100	44886.04167	9.415	0.021	6	9.429	9.375	1	29.399	0.04	6	29.459	29.349	1
202211210200	44886.08333	9.855	0.168	6	9.927	9.477	1	29.894	0.184	6	29.969	29.479	1
202211210300	44886.125	9.902	0.008	6	9.912	9.894	1	29.949	0.008	6	29.959	29.939	1
202211210400	44886.16667	9.957	0.033	6	10.013	9.926	1	30.004	0.048	6	30.109	29.979	1
202211210500	44886.20833	10.222	0.056	6	10.27	10.139	1	30.299	0.081	6	30.439	30.239	1
202211210600	44886.25	10.247	0.051	6	10.283	10.143	1	30.424	0.062	6	30.469	30.299	1
202211210700	44886.29167	10.308	0.016	6	10.319	10.281	1	30.479	0.021	6	30.499	30.449	1
202211210800	44886.33333	10.177	0.091	6	10.26	10.026	1	30.424	0.037	6	30.449	30.359	1
202211210900	44886.375	9.676	0.145	6	10.018	9.627	1	30.174	0.091	6	30.359	30.099	1
202211211000	44886.41667	9.272	0.228	6	9.409	8.775	1	29.894	0.1	6	29.949	29.669	1
202211211100	44886.45833	8.816	0.203	6	9.093	8.588	1	29.644	0.053	6	29.749	29.599	1
202211211200	44886.5	8.821	0.125	6	9.005	8.677	1	29.534	0.126	6	29.729	29.389	1
202211211300	44886.54167	8.719	0.158	6	8.973	8.573	1	29.169	0.115	6	29.339	29.079	1
202211211400	44886.58333	9.009	0.06	6	9.045	8.895	1	29.274	0.035	6	29.309	29.229	1
202211211500	44886.625	9.015	0.026	6	9.029	8.959	1	29.339	0.022	6	29.359	29.299	1
202211211600	44886.66667	9.112	0.233	6	9.556	9.001	1	29.454	0.172	6	29.769	29.359	1
202211211700	44886.70833	9.621	0.067	6	9.782	9.608	1	29.794	0.062	6	29.939	29.779	1
202211211800	44886.75	9.693	0.09	6	9.811	9.582	1	29.899	0.075	6	30.009	29.809	1
202211211900	44886.79167	10.102	0.113	6	10.263	10.007	1	30.249	0.085	6	30.359	30.159	1
202211212000	44886.83333	9.993	0.037	6	10.043	9.945	1	30.144	0.037	6	30.179	30.069	1
202211212100	44886.875	9.837	0.063	6	9.93	9.761	1	30.014	0.043	6	30.089	29.979	1
202211212200	44886.91667	9.67	0.043	6	9.741	9.626	1	29.934	0.021	6	29.969	29.919	1
202211212300	44886.95833	9.558	0.16	6	9.621	9.197	1	29.879	0.114	6	29.919	29.619	1
202211220000	44887	8.553	0.35	6	9.098	8.244	1	29.204	0.225	6	29.559	29.009	1
202211220100	44887.04167	8.512	0.137	6	8.536	8.2	1	29.089	0.073	6	29.119	28.929	1
202211220200	44887.08333	8.603	0.045	6	8.654	8.528	1	29.209	0.052	6	29.239	29.099	1
202211220300	44887.125	8.805	0.069	6	8.888	8.701	1	29.379	0.058	6	29.429	29.279	1
202211220400	44887.16667	9.023	0.117	6	9.159	8.888	1	29.529	0.058	6	29.599	29.459	1
202211220500	44887.20833	9.162	0.063	6	9.232	9.041	1	29.599	0.037	6	29.639	29.529	1
202211220600	44887.25	9.204	0.24	6	9.558	8.994	1	29.669	0.188	6	29.959	29.559	1
202211220700	44887.29167	9.916	0.21	6	10.28	9.753	1	30.339	0.186	6	30.539	30.009	1
202211220800	44887.33333	10.224	0.108	6	10.325	10.08	1	30.484	0.065	6	30.549	30.409	1
202211220900	44887.375	9.996	0.233	6	10.2	9.664	1	30.419	0.164	6	30.499	30.119	1
202211221000	44887.41667	9.115	0.247	6	9.449	8.705	1	29.804	0.189	6	30.099	29.559	1
202211221100	44887.45833	8.697	0.072	6	8.826	8.644	1	29.584	0.041	6	29.629	29.519	1
202211221200	44887.5	8.25	0.219	6	8.61	8.03	1	29.394	0.084	6	29.539	29.309	1
202211221300	44887.54167	8.464	0.168	6	8.596	8.137	1	29.339	0.147	6	29.499	29.099	1
202211221400	44887.58333	8.839	0.207	6	8.915	8.409	1	29.374	0.117	6	29.409	29.139	1
202211221500	44887.625	8.8	0.116	6	8.996	8.744	1	29.368	0.067	6	29.468	29.318	1
202211221600	44887.66667	8.724	0.011	6	8.739	8.711	1	29.348	0.011	6	29.368	29.338	1
202211221700	44887.70833	8.657	0.021	6	8.699	8.645	1	29.393	0.01	6	29.408	29.378	1
202211221800	44887.75	8.672	0.014	6	8.692	8.658	1	29.433	0.016	6	29.458	29.418	1
202211221900	44887.79167	8.804	0.366	6	9.5	8.647	1	29.498	0.24	6	29.978	29.408	1
202211222000	44887.83333	9.825	0.201	6	10.015	9.541	1	30.218	0.172	6	30.428	30.008	1
202211222100	44887.875	10.106	0.117	6	10.196	9.938	1	30.453	0.091	6	30.508	30.308	1
202211222200	44887.91667	10.004	0.127	6	10.125	9.763	1	30.368	0.066	6	30.468	30.288	1
202211222300	44887.95833	9.464	0.344	6	9.665	8.791	1	30.088	0.237	6	30.148	29.578	1
202211230000	44888	8.551	0.137	6	8.852	8.465	1	29.508	0.104	6	29.748	29.468	1
202211230100	44888.04167	8.618	0.13	6	8.743	8.467	1	29.443	0.063	6	29.518	29.348	1
202211230200	44888.08333	8.96	0.125	6	9.105	8.784	1	29.483	0.095	6	29.618	29.368	1
202211230300	44888.125	9.28	0.117	6	9.428	9.146	1	29.748	0.091	6	29.888	29.668	1
202211230400	44888.16667	9.519	0.034	6	9.563	9.488	1	29.963	0.034	6	30.008	29.918	1
202211230500	44888.20833	9.394	0.054	6	9.47	9.314	1	29.873	0.057	6	29.978	29.808	1
202211230600	44888.25	9.474	0.362	6	10.185	9.188	1	29.973	0.306	6	30.618	29.758	1
202211230700	44888.29167	9.995	0.19	6	10.45	9.958	1	30.413	0.188	6	30.858	30.368	1
202211230800	44888.33333	10.251	0.103	6	10.378	10.109	1	30.668	0.096	6	30.748	30.528	1
202211230900	44888.375	10.436	0.112	6	10.509	10.197	1	30.813	0.094	6	30.878	30.628	1
202211231000	44888.41667	10.013	0.134	6	10.204	9.851	1	30.518	0.113	6	30.658	30.338	1
202211231100	44888.45833	9.45	0.134	6	9.704	9.341	1	29.998	0.099	6	30.208	29.938	1
202211231200	44888.5	9.127	0.177	6	9.23	8.818	1	29.783	0.11	6	29.858	29.598	1
202211231300	44888.54167	8.983	0.102	6	9.082	8.834	1	29.593	0.08	6	29.718	29.528	1
202211231400	44888.58333	8.606	0.15	6	8.792	8.446	1	29.218	0.152	6	29.468	29.108	1
202211231500	44888.625	8.851	0.159	6	9.088	8.699	1	29.383	0.134	6	29.578	29.268	1
202211231600	44888.66667	8.811	0.023	6	8.848	8.792	1	29.363	0.024	6	29.398	29.338	1
202211231700	44888.70833	8.953	0.146	6	9.234	8.801	1	29.533	0.12	6	29.738	29.388	1
202211231800	44888.75	9.258	0.104	6	9.343	9.075	1	29.783	0.071	6	29.848	29.648	1
202211231900	44888.79167	9.687	0.17	6	9.764	9.366	1	30.123	0.149	6	30.208	29.868	1
202211232000	44888.83333	9.872	0.338	6	10.196	9.486	1	30.373	0.328	6	30.688	29.988	1
202211232100	44888.875	10.622	0.102	6	10.642	10.377	1	31.008	0.1	6	31.058	30.808	1
202211232200	44888.91667	10.575	0.061	6	10.606	10.457	1	30.968	0.058	6	30.978	30.838	1
202211232300	44888.95833	10.317	0.117	6	10.376	10.058	1	30.728	0.085	6	30.778	30.538	1
202211240000	44889	9.202	0.175	6	9.561	9.081	1	29.678	0.196	6	30.108	29.578	1
202211240100	44889.04167	8.783	0.224	6	9.244	8.641	1	29.333	0.203	6	29.768	29.218	1
202211240200	44889.08333	9.429	0.085	6	9.573	9.36	1	29.893	0.084	6	30.008	29.798	1
202211240300	44889.125	9.595	0.036	6	9.629	9.525	1	30.013	0.024	6	30.048	29.978	1
202211240400	44889.16667	9.725	0.147	6	9.91	9.572	1	30.158	0.144	6	30.348	30.018	1
202211240500	44889.20833	9.919	0.058	6	9.983	9.81	1	30.358	0.046	6	30.418	30.278	1
202211240600	44889.25	9.874	0.071	6	10.001	9.848	1	30.298	0.065	6	30.428	30.288	1
202211240700	44889.29167	10.173	0.112	6	10.296	9.954	1	30.623	0.121	6	30.768	30.398	1
202211240800	44889.33333	10.524	0.111	6	10.685	10.34	1	31.028	0.101	6	31.108	30.808	1
202211240900	44889.375	10.77	0.058	6	10.854	10.713	1	31.248	0.052	6	31.308	31.178	1
202211241000	44889.41667	10.838	0.165	5	11.129	10.707	4.167	31.278	0.061	5	31.298	31.168	4.167
202211241100	44889.45833	10.676	0.176	6	10.736	10.276	1	31.128	0.21	6	31.158	30.628	1
202211241200	44889.5	10.258	0.151	6	10.313	9.933	1	30.588	0.173	6	30.658	30.208	1
202211241300	44889.54167	9.969	0.189	6	10.293	9.806	1	30.259	0.176	6	30.549	30.089	1
202211241400	44889.58333	9.587	0.161	6	9.845	9.383	1	29.909	0.16	6	30.179	29.719	1
202211241500	44889.625	9.217	0.148	6	9.336	9.001	1	29.644	0.135	6	29.749	29.429	1
202211241600	44889.66667	9.382	0.064	6	9.449	9.292	1	29.835	0.062	6	29.89	29.74	1
202211241700	44889.70833	9.903	0.189	6	9.976	9.57	1	30.35	0.181	6	30.43	30.04	1
202211241800	44889.75	9.726	0.093	6	9.892	9.658	1	30.216	0.101	6	30.391	30.131	1
202211241900	44889.79167	9.739	0.085	6	9.936	9.703	1	30.236	0.081	6	30.431	30.221	1
202211242000	44889.83333	9.777	0.163	6	10.106	9.703	1	30.337	0.164	6	30.632	30.222	1
202211242100	44889.875	10.271	0.167	6	10.426	10.003	1	30.802	0.165	6	30.982	30.552	1
202211242200	44889.91667	10.451	0.053	6	10.528	10.394	1	30.987	0.047	6	31.062	30.942	1
202211242300	44889.95833	10.337	0.145	6	10.515	10.142	1	30.938	0.102	6	31.053	30.773	1
202211250000	44890	9.829	0.117	6	9.955	9.675	1	30.433	0.107	6	30.563	30.303	1
202211250100	44890.04167	9.351	0.186	6	9.555	9.081	1	29.979	0.126	6	30.084	29.774	1
202211250200	44890.08333	9.064	0.021	6	9.08	9.032	1	29.784	0.045	6	29.824	29.704	1
202211250300	44890.125	9.087	0.091	6	9.186	8.942	1	29.614	0.104	6	29.714	29.434	1
202211250400	44890.16667	9.232	0.064	6	9.347	9.188	1	29.77	0.065	6	29.855	29.715	1
202211250500	44890.20833	9.331	0.072	6	9.482	9.292	1	29.865	0.118	6	30.095	29.845	1
202211250600	44890.25	9.578	0.093	6	9.775	9.521	1	30.146	0.078	6	30.316	30.116	1
202211250700	44890.29167	9.69	0.062	6	9.802	9.65	1	30.256	0.061	6	30.386	30.226	1
202211250800	44890.33333	9.961	0.081	6	10.021	9.817	1	30.506	0.063	6	30.586	30.426	1
202211250900	44890.375	10.354	0.102	6	10.485	10.266	1	30.942	0.115	6	31.077	30.797	1
202211251000	44890.41667	10.621	0.044	6	10.649	10.544	1	31.187	0.038	6	31.197	31.117	1
202211251100	44890.45833	10.641	0.036	6	10.668	10.583	1	31.173	0.037	6	31.198	31.108	1
202211251200	44890.5	10.229	0.179	6	10.541	10.102	1	30.738	0.195	6	31.078	30.558	1
202211251300	44890.54167	10.001	0.023	6	10.025	9.96	1	30.488	0.035	6	30.518	30.428	1
202211251400	44890.58333	9.954	0.082	6	9.988	9.766	1	30.419	0.1	6	30.459	30.189	1
202211251500	44890.625	9.691	0.136	6	9.778	9.422	1	30.109	0.127	6	30.209	29.859	1
202211251600	44890.66667	9.58	0.13	6	9.615	9.269	1	30.06	0.144	6	30.11	29.72	1
202211251700	44890.70833	9.959	0.131	6	10.063	9.74	1	30.49	0.146	6	30.63	30.24	1
202211251800	44890.75	10.121	0.027	6	10.159	10.098	1	30.665	0.029	6	30.71	30.64	1
202211251900	44890.79167	10.149	0.091	6	10.337	10.091	1	30.716	0.089	6	30.901	30.661	1
202211252000	44890.83333	10.514	0.056	6	10.535	10.384	1	31.061	0.052	6	31.081	30.941	1
202211252100	44890.875	10.647	0.044	6	10.705	10.585	1	31.192	0.031	6	31.232	31.142	1
202211252200	44890.91667	10.646	0.028	6	10.661	10.585	1	31.187	0.029	6	31.212	31.132	1
202211252300	44890.95833	10.585	0.052	6	10.64	10.497	1	31.142	0.03	6	31.182	31.112	1
202211260000	44891	10.484	0.012	6	10.501	10.468	1	31.088	0.016	6	31.113	31.073	1
202211260100	44891.04167	10.142	0.156	6	10.421	9.971	1	30.753	0.133	6	31.013	30.643	1
202211260200	44891.08333	9.811	0.079	6	9.893	9.675	1	30.539	0.081	6	30.594	30.374	1
202211260300	44891.125	9.455	0.091	6	9.568	9.304	1	30.114	0.062	6	30.164	30.014	1
202211260400	44891.16667	9.086	0.172	6	9.447	8.959	1	29.609	0.207	6	30.054	29.474	1
202211260500	44891.20833	9.257	0.181	6	9.622	9.137	1	29.795	0.213	6	30.225	29.665	1
202211260600	44891.25	9.859	0.027	6	9.875	9.8	1	30.465	0.029	6	30.475	30.395	1
202211260700	44891.29167	9.898	0.025	6	9.925	9.853	1	30.516	0.021	6	30.536	30.486	1
202211260800	44891.33333	10.079	0.094	6	10.11	9.906	1	30.711	0.098	6	30.766	30.536	1
202211260900	44891.375	10.323	0.144	6	10.428	10.093	1	30.997	0.15	6	31.107	30.757	1
202211261000	44891.41667	10.358	0.08	6	10.388	10.182	1	31.027	0.079	6	31.057	30.847	1
202211261100	44891.45833	10.452	0.013	6	10.467	10.436	1	31.107	0.027	6	31.107	31.047	1
202211261200	44891.5	10.287	0.132	6	10.425	10.035	1	30.843	0.161	6	31.028	30.548	1
202211261300	44891.54167	9.71	0.086	6	9.866	9.67	1	30.153	0.109	6	30.378	30.138	1
202211261400	44891.58333	9.675	0.037	6	9.704	9.604	1	30.099	0.035	6	30.139	30.039	1
202211261500	44891.625	9.418	0.148	6	9.616	9.252	1	29.849	0.166	6	30.059	29.659	1
202211261600	44891.66667	8.895	0.19	6	9.277	8.739	1	29.259	0.208	6	29.679	29.109	1
202211261700	44891.70833	8.948	0.072	6	9.029	8.831	1	29.355	0.085	6	29.45	29.22	1
202211261800	44891.75	9.266	0.094	6	9.389	9.116	1	29.735	0.117	6	29.91	29.56	1
202211261900	44891.79167	9.496	0.089	6	9.539	9.295	1	30.016	0.107	6	30.081	29.781	1
202211262000	44891.83333	9.57	0.02	6	9.584	9.529	1	30.131	0.025	6	30.141	30.071	1
202211262100	44891.875	9.523	0.07	6	9.663	9.456	1	30.111	0.089	6	30.271	30.001	1
202211262200	44891.91667	9.851	0.119	6	10.109	9.783	1	30.517	0.121	6	30.722	30.382	1
202211262300	44891.95833	10.148	0.046	6	10.191	10.069	1	30.772	0.034	6	30.792	30.702	1
202211270000	44892	10.004	0.068	6	10.117	9.943	1	30.708	0.031	6	30.763	30.673	1
202211270100	44892.04167	9.665	0.267	6	9.925	9.257	1	30.503	0.259	6	30.663	30.003	1
202211270200	44892.08333	8.937	0.131	6	9.179	8.845	1	29.678	0.133	6	29.913	29.593	1
202211270300	44892.125	8.792	0.068	6	8.825	8.656	1	29.564	0.135	6	29.574	29.294	1
202211270400	44892.16667	8.468	0.175	6	8.623	8.207	1	29.039	0.261	6	29.304	28.694	1
202211270500	44892.20833	8.35	0.15	6	8.454	8.07	1	28.81	0.157	6	28.915	28.505	1
202211270600	44892.25	8.465	0.027	6	8.489	8.411	1	28.92	0.024	6	28.945	28.875	1
202211270700	44892.29167	8.439	0.012	6	8.446	8.417	1	28.92	0.008	6	28.925	28.905	1
202211270800	44892.33333	8.413	0.006	6	8.421	8.405	1	28.936	0.022	6	28.976	28.916	1
202211270900	44892.375	8.668	0.062	6	8.733	8.589	1	29.271	0.081	6	29.346	29.136	1
202211271000	44892.41667	8.679	0.29	6	9.388	8.664	1	29.287	0.359	6	30.167	29.277	1
202211271100	44892.45833	9.255	0.257	6	9.469	8.791	1	29.937	0.278	6	30.177	29.447	1
202211271200	44892.5	9.81	0.077	6	9.907	9.715	1	30.532	0.084	6	30.627	30.427	1
202211271300	44892.54167	9.776	0.116	6	9.811	9.568	1	30.523	0.093	6	30.558	30.348	1
202211271400	44892.58333	9.16	0.261	6	9.502	8.855	1	29.893	0.294	6	30.258	29.578	1
202211271500	44892.625	8.717	0.142	6	8.834	8.471	1	29.514	0.085	6	29.609	29.359	1
202211271600	44892.66667	8.65	0.074	6	8.796	8.591	1	29.484	0.04	6	29.539	29.429	1
202211271700	44892.70833	8.706	0.111	6	8.835	8.573	1	29.29	0.123	6	29.37	29.09	1
202211271800	44892.75	8.87	0.038	6	8.937	8.822	1	29.48	0.093	6	29.65	29.37	1
202211271900	44892.79167	9.208	0.096	6	9.247	8.987	1	29.87	0.093	6	29.91	29.66	1
202211272000	44892.83333	9.38	0.107	6	9.558	9.278	1	30.096	0.145	6	30.351	29.941	1
202211272100	44892.875	9.74	0.034	6	9.768	9.681	1	30.576	0.052	6	30.621	30.481	1
202211272200	44892.91667	9.858	0.226	6	10.248	9.631	1	30.777	0.296	6	31.232	30.442	1
202211272300	44892.95833	10.004	0.161	6	10.36	9.937	1	30.872	0.22	6	31.382	30.822	1
202211280000	44893	10.321	0.043	6	10.34	10.234	1	31.302	0.05	6	31.322	31.202	1
202211280100	44893.04167	10.202	0.079	6	10.316	10.107	1	31.133	0.085	6	31.273	31.053	1
202211280200	44893.08333	9.569	0.312	6	10.045	9.255	1	30.453	0.358	6	30.873	29.923	1
202211280300	44893.125	9.296	0.076	6	9.412	9.181	1	30.054	0.075	6	30.134	29.904	1
202211280400	44893.16667	8.974	0.128	6	9.251	8.873	1	29.724	0.164	6	30.004	29.514	1
202211280500	44893.20833	8.806	0.153	6	9.081	8.641	1	29.484	0.168	6	29.774	29.254	1
202211280600	44893.25	8.925	0.115	6	9.06	8.759	1	29.53	0.135	6	29.675	29.325	1
202211280700	44893.29167	9.296	0.174	6	9.472	9.02	1	30	0.211	6	30.185	29.645	1
202211280800	44893.33333	9.535	0.09	6	9.676	9.478	1	30.256	0.092	6	30.406	30.196	1
202211280900	44893.375	9.656	0.009	6	9.672	9.644	1	30.381	0.019	6	30.396	30.346	1
202211281000	44893.41667	10.173	0.199	6	10.287	9.765	1	31.076	0.286	6	31.366	30.546	1
202211281100	44893.45833	10.493	0.108	6	10.612	10.335	1	31.652	0.163	6	31.827	31.397	1
202211281200	44893.5	10.408	0.11	6	10.593	10.293	1	31.462	0.192	6	31.787	31.257	1
202211281300	44893.54167	10.292	0.04	6	10.319	10.218	1	31.193	0.085	6	31.278	31.068	1
202211281400	44893.58333	9.966	0.153	6	10.18	9.751	1	30.673	0.224	6	30.998	30.388	1
202211281500	44893.625	9.539	0.081	6	9.685	9.493	1	30.143	0.104	6	30.328	30.088	1
202211281600	44893.66667	9.441	0.058	6	9.453	9.302	1	30.009	0.059	6	30.029	29.869	1
202211281700	44893.70833	8.761	0.235	6	9.126	8.575	1	29.089	0.343	6	29.639	28.819	1
202211281800	44893.75	8.686	0.108	6	8.777	8.513	1	29.03	0.153	6	29.15	28.78	1
202211281900	44893.79167	8.946	0.076	6	9.08	8.886	1	29.4	0.112	6	29.6	29.31	1
202211282000	44893.83333	9.366	0.041	6	9.412	9.306	1	29.96	0.04	6	30	29.9	1
202211282100	44893.875	9.865	0.25	6	9.928	9.417	1	30.746	0.386	6	30.791	30.021	1
202211282200	44893.91667	10.053	0.102	6	10.171	9.923	1	31.001	0.168	6	31.191	30.801	1
202211282300	44893.95833	10.402	0.105	6	10.508	10.22	1	31.552	0.145	6	31.682	31.292	1
202211290000	44894	10.43	0.086	6	10.485	10.285	1	31.562	0.121	6	31.652	31.372	1
202211290100	44894.04167	10.213	0.062	6	10.312	10.16	1	31.207	0.114	6	31.392	31.112	1
202211290200	44894.08333	9.959	0.144	6	10.148	9.746	1	30.798	0.212	6	31.123	30.523	1
202211290300	44894.125	9.426	0.135	6	9.72	9.337	1	30.118	0.213	6	30.583	30.013	1
202211290400	44894.16667	9.369	0.07	6	9.465	9.288	1	30.024	0.08	6	30.124	29.924	1
202211290500	44894.20833	8.901	0.13	6	9.114	8.729	1	29.514	0.185	6	29.704	29.184	1
202211290600	44894.25	8.582	0.103	6	8.703	8.403	1	28.95	0.156	6	29.085	28.645	1
202211290700	44894.29167	8.378	0.032	6	8.41	8.325	1	28.585	0.036	6	28.625	28.525	1
202211290800	44894.33333	8.479	0.055	6	8.574	8.405	1	28.735	0.088	6	28.905	28.635	1
202211290900	44894.375	8.894	0.08	6	8.948	8.716	1	29.346	0.1	6	29.436	29.136	1
202211291000	44894.41667	9.008	0.115	6	9.284	8.988	1	29.496	0.178	6	29.926	29.466	1
202211291100	44894.45833	9.439	0.076	6	9.597	9.37	1	30.097	0.157	6	30.457	30.017	1
202211291200	44894.5	9.67	0.188	6	9.933	9.5	1	30.492	0.285	6	30.857	30.137	1
202211291300	44894.54167	9.765	0.084	6	9.912	9.696	1	30.532	0.139	6	30.797	30.437	1
202211291400	44894.58333	9.626	0.166	6	9.661	9.227	1	30.318	0.253	6	30.388	29.718	1
202211291500	44894.625	9.053	0.067	6	9.11	8.949	1	29.443	0.086	6	29.478	29.278	1
202211291600	44894.66667	8.933	0.074	6	9.034	8.829	1	29.259	0.094	6	29.399	29.149	1
202211291700	44894.70833	8.929	0.086	6	9.007	8.808	1	29.249	0.127	6	29.409	29.099	1
202211291800	44894.75	8.617	0.151	6	8.822	8.462	1	28.839	0.212	6	29.129	28.629	1
202211291900	44894.79167	8.45	0.048	6	8.479	8.351	1	28.585	0.063	6	28.61	28.45	1
202211292000	44894.83333	8.609	0.059	6	8.68	8.523	1	28.84	0.092	6	28.95	28.71	1
202211292100	44894.875	8.827	0.064	6	8.848	8.677	1	29.111	0.077	6	29.121	28.921	1
202211292200	44894.91667	9.456	0.356	6	9.652	8.843	1	30.211	0.635	6	30.511	29.111	1
202211292300	44894.95833	9.585	0.082	6	9.735	9.524	1	30.431	0.148	6	30.651	30.291	1
202211300000	44895	10.098	0.175	6	10.238	9.838	1	31.232	0.273	6	31.452	30.802	1
202211300100	44895.04167	10.22	0.094	6	10.257	10.018	1	31.392	0.153	6	31.452	31.072	1
202211300200	44895.08333	9.654	0.206	6	9.957	9.413	1	30.488	0.338	6	30.943	30.023	1
202211300300	44895.125	8.961	0.104	6	9.211	8.948	1	29.268	0.174	6	29.673	29.203	1
202211300400	44895.16667	8.846	0.082	6	8.942	8.718	1	29.203	0.09	6	29.273	29.023	1
202211300500	44895.20833	8.62	0.042	6	8.678	8.582	1	28.909	0.038	6	28.944	28.854	1
202211300600	44895.25	8.612	0.066	6	8.68	8.511	1	28.864	0.105	6	28.924	28.634	1
202211300700	44895.29167	8.404	0.08	6	8.504	8.295	1	28.44	0.126	6	28.595	28.275	1
202211300800	44895.33333	8.308	0.04	6	8.324	8.233	1	28.275	0.061	6	28.305	28.155	1
202211300900	44895.375	8.349	0.031	6	8.405	8.33	1	28.305	0.052	6	28.395	28.275	1
202211301000	44895.41667	8.502	0.048	6	8.544	8.414	1	28.471	0.116	6	28.576	28.326	1
202211301100	44895.45833	8.869	0.127	6	9.077	8.723	1	28.961	0.19	6	29.306	28.776	1
202211301200	44895.5	9.158	0.039	6	9.226	9.108	1	29.436	0.094	6	29.616	29.346	1
202211301300	44895.54167	9.138	0.039	6	9.223	9.121	1	29.446	0.103	6	29.606	29.376	1
202211301400	44895.58333	9.204	0.055	6	9.28	9.117	1	29.551	0.084	6	29.626	29.386	1
202211301500	44895.625	8.894	0.111	6	9.041	8.793	1	29.016	0.171	6	29.266	28.886	1
202211301600	44895.66667	8.583	0.123	6	8.784	8.492	1	28.521	0.195	6	28.876	28.416	1
202211301700	44895.70833	8.508	0.038	6	8.539	8.444	1	28.456	0.031	6	28.496	28.416	1
202211301800	44895.75	8.413	0.029	6	8.449	8.377	1	28.371	0.073	6	28.456	28.256	1
202211301900	44895.79167	8.313	0.08	6	8.452	8.255	1	28.171	0.134	6	28.376	28.066	1
202211302000	44895.83333	8.317	0.014	6	8.344	8.301	1	28.151	0.025	6	28.196	28.126	1
202211302100	44895.875	8.38	0.038	6	8.455	8.345	1	28.286	0.066	6	28.396	28.216	1
202211302200	44895.91667	8.892	0.19	6	9.003	8.559	1	29.056	0.269	6	29.226	28.586	1
202211302300	44895.95833	9.253	0.272	6	9.506	8.999	1	29.771	0.597	6	30.316	29.196	1
202212010000	44896	9.488	0.162	6	9.846	9.381	1	30.286	0.348	6	31.056	30.056	1
202212010100	44896.04167	10.09	0.083	6	10.173	9.94	1	31.346	0.14	6	31.506	31.116	1
202212010200	44896.08333	10.142	0.165	6	10.32	9.959	1	31.456	0.264	6	31.726	31.156	1
202212010300	44896.125	9.625	0.096	6	9.787	9.529	1	30.506	0.205	6	30.866	30.286	1
202212010400	44896.16667	8.813	0.18	6	9.249	8.788	1	29.031	0.327	6	29.836	29.006	1
202212010500	44896.20833	8.782	0.042	6	8.81	8.694	1	29.041	0.092	6	29.226	29.016	1
202212010600	44896.25	8.392	0.148	6	8.615	8.258	1	28.776	0.116	6	28.996	28.696	1
202212010700	44896.29167	8.331	0.057	6	8.428	8.304	1	28.631	0.085	6	28.726	28.506	1
202212010800	44896.33333	8.31	0.102	6	8.388	8.147	1	28.412	0.217	6	28.627	28.137	1
202212010900	44896.375	8.098	0.053	6	8.201	8.082	1	27.992	0.074	6	28.127	27.977	1
202212011000	44896.41667	8.226	0.017	6	8.252	8.208	1	28.117	0.008	6	28.127	28.107	1
202212011100	44896.45833	8.255	0.18	6	8.682	8.241	1	28.117	0.226	6	28.667	28.117	1
202212011200	44896.5	8.742	0.038	6	8.816	8.706	1	28.737	0.078	6	28.897	28.687	1
202212011300	44896.54167	9.013	0.138	6	9.117	8.764	1	29.262	0.263	6	29.457	28.797	1
202212011400	44896.58333	9.079	0.059	6	9.162	9.001	1	29.407	0.128	6	29.557	29.197	1
202212011500	44896.625	9.049	0.124	6	9.117	8.81	1	29.362	0.251	6	29.507	28.887	1
202212011600	44896.66667	8.765	0.066	6	8.817	8.63	1	28.852	0.121	6	28.947	28.597	1
202212011700	44896.70833	8.357	0.129	6	8.526	8.196	1	28.182	0.19	6	28.417	27.927	1
202212011800	44896.75	8.161	0.009	6	8.173	8.148	1	27.862	0.014	6	27.887	27.847	1
202212011900	44896.79167	8.099	0.025	6	8.142	8.077	1	27.837	0.008	6	27.847	27.827	1
202212012000	44896.83333	8.091	0.04	6	8.157	8.047	1	27.832	0.086	6	27.977	27.717	1
202212012100	44896.875	8.062	0.02	6	8.092	8.044	1	27.582	0.171	6	27.777	27.397	1
202212012200	44896.91667	8.104	0.108	6	8.368	8.092	1	27.127	0.366	6	27.997	27.027	1
202212012300	44896.95833	8.739	0.08	6	8.792	8.566	1	28.697	0.164	6	28.817	28.347	1
202212020000	44897	9.048	0.109	6	9.1	8.831	1	29.332	0.227	6	29.437	28.877	1
202212020100	44897.04167	9.159	0.103	6	9.401	9.132	1	29.662	0.351	6	30.397	29.477	1
202212020200	44897.08333	9.729	0.079	6	9.818	9.619	1	30.912	0.127	6	31.047	30.787	1
202212020300	44897.125	9.682	0.178	6	10.024	9.607	1	30.792	0.354	6	31.437	30.627	1
202212020400	44897.16667	9.177	0.2	6	9.599	9.085	1	29.917	0.37	6	30.657	29.697	1
202212020500	44897.20833	8.617	0.207	6	9.058	8.521	1	28.772	0.386	6	29.637	28.637	1
202212020600	44897.25	8.495	0.046	6	8.537	8.422	1	28.657	0.048	6	28.687	28.557	1
202212020700	44897.29167	8.31	0.058	6	8.367	8.191	1	28.372	0.1	6	28.447	28.167	1
202212020800	44897.33333	8.09	0.059	6	8.161	8	1	28.107	0.06	6	28.167	28.017	1
202212020900	44897.375	7.96	0.05	6	8.01	7.887	1	28.017	0.088	6	28.117	27.907	1
202212021000	44897.41667	7.729	0.119	6	7.956	7.685	1	27.472	0.267	6	27.967	27.367	1
202212021100	44897.45833	7.774	0.044	6	7.805	7.697	1	27.147	0.102	6	27.387	27.117	1
202212021200	44897.5	7.952	0.133	6	8.052	7.739	1	27.337	0.213	6	27.577	27.067	1
202212021300	44897.54167	8.091	0.036	6	8.172	8.073	1	27.617	0.071	6	27.767	27.577	1
202212021400	44897.58333	8.473	0.117	6	8.582	8.291	1	28.408	0.259	6	28.638	27.988	1
202212021500	44897.625	8.338	0.151	6	8.593	8.211	1	28.228	0.227	6	28.628	28.048	1
202212021600	44897.66667	8.305	0.041	6	8.362	8.24	1	28.263	0.077	6	28.348	28.138	1
202212021700	44897.70833	8.176	0.023	6	8.201	8.133	1	28.043	0.017	6	28.058	28.008	1
202212021800	44897.75	7.768	0.192	6	8.117	7.599	1	27.228	0.429	6	28.048	26.888	1
202212021900	44897.79167	7.418	0.079	6	7.554	7.356	1	26.763	0.033	6	26.838	26.758	1
202212022000	44897.83333	7.291	0.045	6	7.348	7.23	1	26.778	0.008	6	26.788	26.768	1
202212022100	44897.875	7.199	0.035	6	7.224	7.127	1	26.848	0.023	6	26.868	26.808	1
202212022200	44897.91667	7.229	0.08	6	7.302	7.103	1	26.743	0.522	6	27.058	25.898	1
202212022300	44897.95833	7.296	0.05	6	7.388	7.26	1	26.018	0.263	6	26.438	25.698	1
202212030000	44898	7.451	0.051	6	7.473	7.334	1	26.423	0.104	6	26.558	26.328	1
202212030100	44898.04167	7.736	0.03	6	7.767	7.685	1	26.813	0.07	6	26.898	26.688	1
202212030200	44898.08333	8.542	0.138	6	8.65	8.276	1	28.618	0.286	6	28.908	28.078	1
202212030300	44898.125	8.851	0.17	6	9.09	8.583	1	29.493	0.435	6	30.138	28.878	1
202212030400	44898.16667	9.049	0.076	6	9.172	8.955	1	30.123	0.172	6	30.408	29.868	1
202212030500	44898.20833	8.687	0.205	6	9.092	8.577	1	29.463	0.451	6	30.308	29.118	1
202212030600	44898.25	8.088	0.323	6	8.522	7.676	1	28.088	0.621	6	28.968	27.328	1
202212030700	44898.29167	7.577	0.045	6	7.657	7.533	1	27.113	0.096	6	27.308	27.048	1
202212030800	44898.33333	7.488	0.027	6	7.502	7.43	1	27.018	0.021	6	27.028	26.978	1
202212030900	44898.375	7.319	0.06	6	7.38	7.236	1	27.048	0.013	6	27.068	27.038	1
202212031000	44898.41667	7.014	0.103	6	7.208	6.949	1	26.943	0.059	6	27.038	26.888	1
202212031100	44898.45833	7.008	0.055	6	7.12	6.971	1	26.978	0.073	6	27.048	26.838	1
202212031200	44898.5	7.037	0.024	6	7.057	6.989	1	25.668	0.042	6	25.728	25.618	1
202212031300	44898.54167	7.054	0.076	6	7.208	7.009	1	25.858	0.203	6	26.198	25.728	1
202212031400	44898.58333	7.363	0.042	6	7.367	7.26	1	26.478	0.099	6	26.538	26.258	1
202212031500	44898.625	7.662	0.456	6	8.269	7.314	1	27.273	0.907	6	28.338	26.518	1
202212031600	44898.66667	8.132	0.096	6	8.24	7.95	1	28.258	0.156	6	28.458	27.998	1
202212031700	44898.70833	7.89	0.076	6	8.032	7.815	1	27.878	0.158	6	28.148	27.698	1
202212031800	44898.75	7.538	0.167	6	7.721	7.214	1	27.343	0.509	6	27.578	26.168	1
202212031900	44898.79167	7.202	0.091	6	7.22	6.995	1	26.458	0.186	6	26.748	26.218	1
202212032000	44898.83333	6.814	0.059	6	6.904	6.755	1	26.263	0.013	6	26.288	26.258	1
202212032100	44898.875	6.645	0.06	6	6.719	6.562	1	26.289	0.012	6	26.299	26.269	1
202212032200	44898.91667	6.482	0.042	6	6.555	6.443	1	26.399	0.057	6	26.429	26.299	1
202212032300	44898.95833	6.504	0.072	6	6.609	6.41	1	25.874	0.623	6	26.539	25.199	1
202212040000	44899	6.627	0.051	6	6.735	6.596	1	25.429	0.264	6	26.049	25.339	1
202212040100	44899.04167	7.307	0.238	6	7.684	6.984	1	26.749	0.326	6	27.339	26.419	1
202212040200	44899.08333	7.251	0.219	6	7.689	7.166	1	26.804	0.363	6	27.559	26.689	1
202212040300	44899.125	8.041	0.411	6	8.304	7.374	1	28.559	0.807	6	28.969	27.229	1
202212040400	44899.16667	8.261	0.346	6	8.867	7.897	1	29.229	0.854	6	30.699	28.349	1
202212040500	44899.20833	8.589	0.14	6	8.71	8.339	1	30.164	0.216	6	30.429	29.919	1
202212040600	44899.25	8.37	0.306	6	8.558	7.757	1	29.919	0.686	6	30.309	28.659	1
202212040700	44899.29167	7.688	0.225	6	7.903	7.232	1	28.474	0.479	6	28.959	27.619	1
202212040800	44899.33333	6.925	0.108	6	7.123	6.828	1	27.199	0.17	6	27.429	26.959	1
202212040900	44899.375	6.646	0.087	6	6.773	6.558	1	26.804	0.096	6	26.959	26.739	1
202212041000	44899.41667	6.478	0.092	6	6.535	6.309	1	26.644	0.076	6	26.739	26.529	1
202212041100	44899.45833	6.207	0.044	6	6.285	6.155	1	26.504	0.013	6	26.529	26.499	1
202212041200	44899.5	6.177	0.052	6	6.228	6.095	1	26.549	0.05	6	26.609	26.479	1
202212041300	44899.54167	6.362	0.013	6	6.38	6.343	1	26.599	0.006	6	26.609	26.589	1
202212041400	44899.58333	6.751	0.253	6	6.833	6.23	1	26.804	0.141	6	26.869	26.549	1
202212041500	44899.625	6.841	0.017	6	6.85	6.805	1	26.904	0.042	6	26.969	26.869	1
202212041600	44899.66667	7.234	0.396	6	7.827	6.82	1	28.039	0.686	6	28.739	26.959	1
202212041700	44899.70833	7.279	0.117	6	7.459	7.149	1	28.124	0.077	6	28.189	27.969	1
202212041800	44899.75	7.448	0.066	6	7.468	7.315	1	28.329	0.115	6	28.399	28.129	1
202212041900	44899.79167	7.229	0.176	6	7.436	7.045	1	27.884	0.32	6	28.309	27.559	1
202212042000	44899.83333	6.881	0.399	6	7.04	6.08	1	27.369	0.434	6	27.579	26.609	1
202212042100	44899.875	5.65	0.181	6	5.964	5.503	1	26.539	0.038	6	26.559	26.469	1
202212042200	44899.91667	5.465	0.012	6	5.482	5.448	1	26.569	0	6	26.569	26.569	1
202212042300	44899.95833	5.502	0.02	6	5.514	5.465	1	26.569	0.005	6	26.569	26.559	1
202212050000	44900	5.633	0.109	6	5.76	5.441	1	26.544	0.09	6	26.709	26.479	1
202212050100	44900.04167	5.984	0.1	6	6.069	5.813	1	26.589	0.033	6	26.639	26.539	1
202212050200	44900.08333	7.258	0.507	6	7.49	6.157	1	27.879	0.64	6	28.189	26.529	1
202212050300	44900.125	6.94	0.285	6	7.618	6.88	1	27.569	0.448	6	28.659	27.529	1
202212050400	44900.16667	7.681	0.114	6	7.792	7.541	1	28.875	0.41	6	29.47	28.56	1
202212050500	44900.20833	8.092	0.246	6	8.475	7.783	1	29.93	0.511	6	30.78	29.43	1
202212050600	44900.25	8.532	0.113	6	8.645	8.344	1	30.95	0.268	6	31.21	30.5	1
202212050700	44900.29167	8.119	0.246	6	8.579	7.996	1	30.06	0.544	6	31.09	29.8	1
202212050800	44900.33333	7.271	0.369	6	7.905	7.078	1	28.49	0.615	6	29.56	28.15	1
202212050900	44900.375	7.057	0.013	6	7.063	7.032	1	28.07	0.008	6	28.08	28.06	1
202212051000	44900.41667	7.047	0.148	6	7.055	6.681	1	28.06	0.172	6	28.09	27.64	1
202212051100	44900.45833	6.3	0.163	6	6.506	6.134	1	27.275	0.129	6	27.45	27.12	1
202212051200	44900.5	6.186	0.05	6	6.237	6.112	1	27.19	0.089	6	27.33	27.11	1
202212051300	44900.54167	5.997	0.206	6	6.393	5.802	1	26.94	0.253	6	27.46	26.73	1
202212051400	44900.58333	6.211	0.04	6	6.223	6.122	1	27.09	0.026	6	27.12	27.05	1
202212051500	44900.625	7.1	0.497	6	7.348	6.268	1	27.98	0.606	6	28.39	27.01	1
202212051600	44900.66667	7.178	0.282	6	7.632	6.927	1	28.1	0.509	6	28.96	27.71	1
202212051700	44900.70833	7.874	0.121	6	7.93	7.612	1	29.38	0.254	6	29.49	28.81	1
202212051800	44900.75	8.017	0.058	6	8.122	7.961	1	29.73	0.13	6	29.95	29.62	1
202212051900	44900.79167	8.108	0.107	6	8.21	7.949	1	29.94	0.204	6	30.13	29.67	1
202212052000	44900.83333	7.526	0.149	6	7.706	7.258	1	28.875	0.247	6	29.15	28.42	1
202212052100	44900.875	6.932	0.096	6	7.034	6.779	1	27.895	0.16	6	28.05	27.64	1
202212052200	44900.91667	6.742	0.023	6	6.777	6.714	1	27.6	0.021	6	27.63	27.58	1
202212052300	44900.95833	6.357	0.14	6	6.61	6.236	1	27.315	0.109	6	27.51	27.2	1
202212060000	44901	6.255	0.065	6	6.359	6.166	1	27.245	0.059	6	27.34	27.18	1
202212060100	44901.04167	5.885	0.185	6	6.218	5.73	1	26.815	0.177	6	27.14	26.67	1
202212060200	44901.08333	6.105	0.062	6	6.131	5.97	1	26.995	0.052	6	27.03	26.89	1
202212060300	44901.125	6.649	0.591	6	7.289	6.125	1	27.62	0.686	6	28.38	27.03	1
202212060400	44901.16667	7.338	0.079	6	7.506	7.29	1	28.45	0.145	6	28.78	28.39	1
202212060500	44901.20833	7.679	0.078	6	7.806	7.604	1	29.215	0.252	6	29.64	29.01	1
202212060600	44901.25	8.212	0.172	6	8.448	7.912	1	30.41	0.321	6	30.91	29.9	1
202212060700	44901.29167	8.477	0.067	6	8.615	8.433	1	30.965	0.185	6	31.35	30.85	1
202212060800	44901.33333	8.133	0.258	6	8.542	7.872	1	30.255	0.558	6	31.12	29.71	1
202212060900	44901.375	7.365	0.299	6	7.83	7.076	1	28.78	0.528	6	29.64	28.27	1
202212061000	44901.41667	7.012	0.025	6	7.062	6.992	1	28.136	0.059	6	28.251	28.091	1
202212061100	44901.45833	6.806	0.109	6	6.988	6.656	1	27.946	0.115	6	28.081	27.751	1
202212061200	44901.5	6.745	0.109	6	6.83	6.514	1	27.766	0.146	6	27.861	27.451	1
202212061300	44901.54167	6.447	0.151	6	6.52	6.175	1	27.436	0.151	6	27.551	27.161	1
202212061400	44901.58333	6.043	0.104	6	6.119	5.875	1	27.001	0.113	6	27.071	26.801	1
202212061500	44901.625	6.229	0.118	6	6.437	6.17	1	27.216	0.056	6	27.281	27.161	1
202212061600	44901.66667	7.396	0.139	6	7.439	7.068	1	28.646	0.206	6	28.741	28.181	1
202212061700	44901.70833	7.818	0.219	6	7.953	7.462	1	29.496	0.427	6	29.761	28.781	1
202212061800	44901.75	8.009	0.203	6	8.279	7.736	1	29.881	0.433	6	30.471	29.341	1
202212061900	44901.79167	8.322	0.029	6	8.372	8.302	1	30.571	0.062	6	30.681	30.531	1
202212062000	44901.83333	8.284	0.139	6	8.435	8.076	1	30.486	0.287	6	30.841	30.101	1
202212062100	44901.875	7.851	0.383	6	7.98	7.082	1	29.646	0.649	6	29.901	28.381	1
202212062200	44901.91667	6.973	0.041	6	7.02	6.899	1	28.151	0.077	6	28.231	28.011	1
202212062300	44901.95833	6.844	0.071	6	6.898	6.721	1	28.031	0.059	6	28.051	27.891	1
202212070000	44902	6.631	0.185	6	6.676	6.259	1	27.776	0.216	6	27.831	27.371	1
202212070100	44902.04167	6.341	0.076	6	6.408	6.213	1	27.401	0.058	6	27.501	27.331	1
202212070200	44902.08333	5.921	0.177	6	6.254	5.793	1	26.941	0.227	6	27.381	26.801	1
202212070300	44902.125	6.066	0.078	6	6.248	6.042	1	27.091	0.1	6	27.321	27.061	1
202212070400	44902.16667	6.827	0.224	6	7.144	6.526	1	27.956	0.35	6	28.501	27.511	1
202212070500	44902.20833	7.613	0.159	6	7.799	7.447	1	29.511	0.357	6	29.911	29.151	1
202212070600	44902.25	7.822	0.069	6	7.973	7.803	1	29.971	0.156	6	30.301	29.901	1
202212070700	44902.29167	8.164	0.134	6	8.421	8.049	1	30.651	0.216	6	31.071	30.491	1
202212070800	44902.33333	8.401	0.089	6	8.456	8.226	1	31.026	0.159	6	31.121	30.721	1
202212070900	44902.375	7.885	0.146	6	8.068	7.62	1	30.086	0.302	6	30.431	29.521	1
202212071000	44902.41667	6.938	0.057	6	7.076	6.927	1	28.391	0.118	6	28.661	28.351	1
202212071100	44902.45833	6.87	0.082	6	6.96	6.744	1	28.326	0.056	6	28.391	28.241	1
202212071200	44902.5	6.665	0.147	6	6.755	6.344	1	27.961	0.169	6	28.061	27.661	1
202212071300	44902.54167	6.322	0.06	6	6.381	6.236	1	27.571	0.048	6	27.641	27.501	1
202212071400	44902.58333	5.822	0.112	5	6.035	5.757	4.167	26.951	0.156	5	27.251	26.851	4.167
202212071500	44902.625	5.893	0.073	6	6.005	5.782	1	27.006	0.089	6	27.181	26.911	1
202212071600	44902.66667	6.419	0.239	6	6.589	6.069	1	27.451	0.18	6	27.641	27.231	1
202212071700	44902.70833	6.997	0.33	6	7.267	6.551	1	28.511	0.676	6	29.071	27.621	1
202212071800	44902.75	7.533	0.162	6	7.603	7.223	1	29.646	0.336	6	29.751	28.981	1
202212071900	44902.79167	7.748	0.085	6	7.841	7.644	1	30.041	0.158	6	30.201	29.811	1
202212072000	44902.83333	7.74	0.058	6	7.763	7.634	1	30.036	0.09	6	30.071	29.861	1
202212072100	44902.875	7.441	0.052	6	7.519	7.37	1	29.526	0.086	6	29.671	29.421	1
202212072200	44902.91667	7.156	0.194	6	7.388	6.941	1	28.836	0.441	6	29.501	28.411	1
202212072300	44902.95833	6.596	0.3	6	6.962	6.271	1	28.101	0.214	6	28.541	27.981	1
202212080000	44903	6.191	0.055	6	6.263	6.115	1	27.706	0.038	6	27.761	27.651	1
202212080100	44903.04167	6.028	0.134	6	6.291	5.899	1	27.606	0.079	6	27.741	27.501	1
202212080200	44903.08333	5.654	0.185	6	6.066	5.533	1	26.971	0.245	6	27.481	26.751	1
202212080300	44903.125	5.582	0.13	6	5.663	5.348	1	26.861	0.113	6	26.911	26.631	1
202212080400	44903.16667	6.063	0.318	6	6.377	5.684	1	27.296	0.23	6	27.451	26.951	1
202212080500	44903.20833	6.604	0.302	6	6.995	6.362	1	28.071	0.559	6	28.801	27.571	1
202212080600	44903.25	7.297	0.057	6	7.364	7.199	1	29.656	0.13	6	29.811	29.421	1
202212080700	44903.29167	7.378	0.1	6	7.576	7.322	1	29.831	0.187	6	30.191	29.701	1
202212080800	44903.33333	7.434	0.139	6	7.69	7.362	1	29.836	0.305	6	30.371	29.681	1
202212080900	44903.375	7.347	0.043	6	7.395	7.281	1	29.696	0.053	6	29.801	29.651	1
202212081000	44903.41667	7.196	0.18	6	7.276	6.839	1	29.316	0.436	6	29.561	28.541	1
202212081100	44903.45833	6.566	0.07	6	6.688	6.509	1	27.991	0.128	6	28.221	27.901	1
202212081200	44903.5	6.284	0.117	6	6.447	6.172	1	27.781	0.173	6	28.111	27.641	1
202212081300	44903.54167	6.041	0.073	6	6.075	5.882	1	27.636	0.046	6	27.661	27.551	1
202212081400	44903.58333	5.805	0.123	6	5.872	5.558	1	27.366	0.185	6	27.521	27.081	1
202212081500	44903.625	5.379	0.076	6	5.513	5.3	1	26.871	0.091	6	27.021	26.781	1
202212081600	44903.66667	5.627	0.041	6	5.696	5.573	1	26.416	0.093	6	26.581	26.341	1
202212081700	44903.70833	5.976	0.252	5	6.309	5.733	1	27.001	0.378	5	27.331	26.401	1
202212081800	44903.75	6.288	0.151	6	6.564	6.251	1	27.396	0.311	6	27.971	27.321	1
202212081900	44903.79167	7.031	0.147	6	7.223	6.851	1	28.951	0.29	6	29.371	28.651	1
202212082000	44903.83333	7.448	0.155	6	7.621	7.169	1	29.876	0.281	6	30.121	29.311	1
202212082100	44903.875	7.466	0.287	6	7.649	6.942	1	29.806	0.465	6	30.141	28.981	1
202212082200	44903.91667	6.747	0.046	6	6.789	6.688	1	28.481	0.085	6	28.561	28.331	1
202212082300	44903.95833	6.388	0.159	6	6.717	6.271	1	27.801	0.234	6	28.301	27.661	1
202212090000	44904	5.269	0.335	6	6.031	5.119	1	27.316	0.09	6	27.391	27.181	1
202212090100	44904.04167	5.528	0.155	6	5.855	5.4	1	27.341	0.068	6	27.471	27.281	1
202212090200	44904.08333	5.41	0.117	6	5.515	5.199	1	27.216	0.068	6	27.311	27.111	1
202212090300	44904.125	5.23	0.147	6	5.38	5.047	1	26.931	0.109	6	27.081	26.821	1
202212090400	44904.16667	5.266	0.04	6	5.281	5.174	1	26.551	0.205	6	26.861	26.341	1
202212090500	44904.20833	5.471	0.126	6	5.548	5.273	1	26.601	0.271	6	26.881	26.261	1
202212090600	44904.25	5.673	0.041	6	5.685	5.58	1	26.891	0.012	6	26.911	26.881	1
202212090700	44904.29167	6.225	0.283	6	6.522	5.671	1	27.801	0.48	6	28.351	26.881	1
202212090800	44904.33333	7.048	0.185	6	7.215	6.714	1	29.421	0.372	6	29.731	28.731	1
202212090900	44904.375	7.159	0.16	6	7.246	6.885	1	29.541	0.301	6	29.761	29.051	1
202212091000	44904.41667	6.629	0.29	6	7.198	6.502	1	28.596	0.531	6	29.641	28.321	1
202212091100	44904.45833	6.287	0.09	6	6.473	6.246	1	27.801	0.191	6	28.201	27.711	1
202212091200	44904.5	6.114	0.519	6	6.238	5.014	1	27.596	0.186	6	27.701	27.211	1
202212091300	44904.54167	5.096	0.179	6	5.52	5.075	1	27.231	0.045	6	27.291	27.191	1
202212091400	44904.58333	5.478	0.044	6	5.543	5.429	1	27.051	0.057	6	27.151	26.981	1
202212091500	44904.625	5.272	0.137	6	5.482	5.191	1	26.886	0.138	6	27.121	26.791	1
202212091600	44904.66667	5.339	0.098	6	5.38	5.118	1	26.726	0.043	6	26.821	26.701	1
202212091700	44904.70833	5.438	0.026	6	5.485	5.422	1	26.821	0.005	6	26.831	26.821	1
202212091800	44904.75	5.53	0.049	6	5.621	5.505	1	26.991	0.024	6	27.021	26.961	1
202212091900	44904.79167	6.518	0.184	6	6.841	6.322	1	28.281	0.346	6	28.951	28.001	1
202212092000	44904.83333	6.921	0.221	6	7.32	6.748	1	29.146	0.396	6	29.891	28.931	1
202212092100	44904.875	7.41	0.21	6	7.533	7.007	1	30.196	0.346	6	30.451	29.611	1
202212092200	44904.91667	7.129	0.272	6	7.487	6.813	1	29.861	0.521	6	30.411	29.121	1
202212092300	44904.95833	6.743	0.193	6	6.809	6.342	1	28.906	0.355	6	28.991	28.181	1
202212100000	44905	6.037	0.107	6	6.233	5.945	1	27.651	0.135	6	27.941	27.571	1
202212100100	44905.04167	5.105	0.07	6	5.224	5.072	1	27.241	0.178	6	27.561	27.061	1
202212100200	44905.08333	5.147	0.285	6	5.472	4.75	1	27.106	0.108	6	27.221	26.971	1
202212100300	44905.125	5.207	0.052	6	5.264	5.126	1	26.946	0.102	6	27.061	26.791	1
202212100400	44905.16667	4.99	0.109	6	5.172	4.899	1	26.731	0.041	6	26.791	26.701	1
202212100500	44905.20833	5.19	0.01	6	5.199	5.174	1	26.796	0.019	6	26.811	26.761	1
202212100600	44905.25	5.303	0.357	6	5.94	5.192	1	26.926	0.393	6	27.621	26.801	1
202212100700	44905.29167	5.97	0.016	6	5.98	5.936	1	27.586	0.025	6	27.641	27.571	1
202212100800	44905.33333	6.455	0.207	6	6.792	6.21	1	28.666	0.453	6	29.291	28.031	1
202212100900	44905.375	6.736	0.402	6	7.256	6.166	1	29.941	0.384	3	30.131	29.391	1
202212101000	44905.41667	7.138	0.139	6	7.206	6.89	1	29.921	0.201	6	30.051	29.581	1
202212101100	44905.45833	6.401	0.2	6	6.858	6.335	1	28.461	0.452	6	29.511	28.381	1
202212101200	44905.5	6.043	0.165	6	6.402	5.973	1	27.751	0.295	6	28.401	27.621	1
202212101300	44905.54167	5.659	0.403	6	5.993	5.155	1	27.511	0.135	5	27.641	27.331	1
202212101400	44905.58333	5.256	0.137	6	5.47	5.064	1	27.116	0.118	4	27.351	27.111	1
202212101500	44905.625	5.342	0.103	6	5.499	5.212	1	27.196	0.152	6	27.381	26.951	1
202212101600	44905.66667	4.957	0.11	6	5.131	4.82	1	26.806	0.122	6	27.061	26.701	1
202212101700	44905.70833	5.026	0.061	6	5.157	5	1	26.756	0.056	6	26.891	26.751	1
202212101800	44905.75	5.226	0.321	6	5.883	5.193	1	26.956	0.366	6	27.691	26.911	1
202212101900	44905.79167	5.934	0.037	6	5.947	5.849	1	27.671	0.036	6	27.741	27.641	1
202212102000	44905.83333	6.72	0.495	6	7.395	6.126	1	29.206	1.093	6	30.631	28.031	1
202212102100	44905.875	6.611	0.202	6	6.951	6.357	1	29.136	0.394	6	29.771	28.611	1
202212102200	44905.91667	7.358	0.249	6	7.632	6.978	1	30.591	0.49	6	31.111	29.841	1
202212102300	44905.95833	6.621	0.202	6	6.955	6.42	1	29.256	0.428	6	29.971	28.831	1
202212110000	44906	6.038	0.206	6	6.301	5.734	1	28.021	0.342	6	28.581	27.681	1
202212110100	44906.04167	5.694	0.04	6	5.702	5.604	1	27.661	0.034	6	27.681	27.591	1
202212110200	44906.08333	4.719	0.135	6	5	4.642	1	27.031	0.172	6	27.421	26.961	1
202212110300	44906.125	4.848	0.099	6	5.024	4.749	1	27.036	0.015	6	27.051	27.011	1
202212110400	44906.16667	4.875	0.162	6	5.059	4.616	1	26.816	0.202	6	27.061	26.501	1
202212110500	44906.20833	4.819	0.096	6	4.829	4.606	1	26.691	0.075	6	26.731	26.521	1
202212110600	44906.25	4.822	0.015	6	4.842	4.804	1	26.706	0.019	6	26.731	26.691	1
202212110700	44906.29167	4.896	0.278	6	5.42	4.853	1	26.826	0.345	6	27.491	26.751	1
202212110800	44906.33333	5.864	0.556	6	6.561	5.442	1	28.106	0.867	6	29.191	27.441	1
202212110900	44906.375	5.82	0.509	6	6.819	5.686	1	28.041	0.772	6	29.481	27.911	1
202212111000	44906.41667	6.143	0.375	6	6.829	5.968	1	28.521	0.607	6	29.681	28.251	1
202212111100	44906.45833	6.649	0.168	6	6.789	6.374	1	29.431	0.324	6	29.751	28.981	1
202212111200	44906.5	6.393	0.118	6	6.425	6.113	1	28.941	0.251	6	28.991	28.331	1
202212111300	44906.54167	5.608	0.213	6	5.998	5.439	1	27.646	0.273	6	28.141	27.431	1
202212111400	44906.58333	5.383	0.285	6	5.446	4.704	1	27.386	0.088	6	27.451	27.211	1
202212111500	44906.625	4.896	0.046	6	4.978	4.834	1	27.026	0.06	6	27.101	26.951	1
202212111600	44906.66667	4.891	0.073	6	5.046	4.852	1	26.741	0.136	6	27.041	26.701	1
202212111700	44906.70833	4.909	0.042	6	4.941	4.829	1	26.641	0.043	6	26.721	26.591	1
202212111800	44906.75	4.974	0.403	6	5.818	4.943	1	26.821	0.561	6	27.961	26.751	1
202212111900	44906.79167	5.877	0.041	6	5.928	5.802	1	28.076	0.105	6	28.221	27.891	1
202212112000	44906.83333	6.933	0.382	6	7.056	6.049	1	30.081	0.597	6	30.341	28.751	1
202212112100	44906.875	6.85	0.268	6	7.091	6.391	1	30.041	0.5	6	30.451	29.171	1
202212112200	44906.91667	7.743	0.183	6	7.831	7.361	1	31.821	0.379	6	31.981	31.001	1
202212112300	44906.95833	7.649	0.173	6	7.869	7.422	1	31.646	0.332	6	32.141	31.291	1
202212120000	44907	7.181	0.088	6	7.331	7.076	1	30.946	0.197	6	31.171	30.621	1
202212120100	44907.04167	6.084	0.388	6	6.754	5.804	1	28.891	0.69	6	30.091	28.371	1
202212120200	44907.08333	5.576	0.105	6	5.749	5.473	1	28.011	0.134	6	28.281	27.951	1
202212120300	44907.125	4.974	0.624	6	5.419	4.004	1	27.696	0.349	6	27.931	27.101	1
202212120400	44907.16667	4.829	0.393	6	5.041	3.96	1	27.426	0.173	6	27.501	27.081	1
202212120500	44907.20833	4.71	0.065	6	4.801	4.619	1	26.901	0.112	6	27.021	26.711	1
202212120600	44907.25	4.888	0.02	6	4.913	4.858	1	27.056	0.029	6	27.101	27.011	1
202212120700	44907.29167	5.133	0.292	6	5.515	4.88	1	27.381	0.395	6	27.971	27.091	1
202212120800	44907.33333	5.603	0.148	6	5.848	5.473	1	28.016	0.175	6	28.401	27.931	1
202212120900	44907.375	5.816	0.574	6	6.938	5.703	1	28.671	0.952	6	30.381	28.251	1
202212121000	44907.41667	6.364	0.36	6	6.897	5.811	1	29.601	0.863	3	30.341	28.621	1
202212121100	44907.45833	6.592	0.308	6	6.66	5.927	1	29.921	0.354	5	30.071	29.211	1
202212121200	44907.5	6.281	0.137	6	6.486	6.158	1	29.406	0.24	6	29.781	29.161	1
202212121300	44907.54167	5.853	0.391	6	6.213	5.274	1	28.536	0.596	6	29.181	27.731	1
202212121400	44907.58333	5.131	0.07	6	5.244	5.05	1	27.531	0.091	6	27.671	27.401	1
202212121500	44907.625	4.865	0.062	6	4.993	4.833	1	27.131	0.061	6	27.261	27.111	1
202212121600	44907.66667	4.669	0.062	6	4.734	4.568	1	26.986	0.069	6	27.001	26.821	1
202212121700	44907.70833	4.514	0.1	6	4.66	4.39	1	26.746	0.13	6	26.991	26.611	1
202212121800	44907.75	4.671	0.013	6	4.698	4.658	1	26.836	0.044	6	26.941	26.821	1
202212121900	44907.79167	5.72	0.485	6	5.838	4.679	1	28.341	0.646	6	28.531	26.941	1
202212122000	44907.83333	5.593	0.31	6	6.199	5.394	1	28.211	0.551	6	29.431	27.981	1
202212122100	44907.875	6.569	0.165	6	6.886	6.42	1	29.916	0.37	6	30.681	29.651	1
202212122200	44907.91667	6.309	0.504	6	7.364	5.928	1	29.541	0.877	6	31.521	29.141	1
202212122300	44907.95833	7.137	0.113	6	7.26	6.977	1	31.131	0.189	6	31.361	30.921	1
202212130000	44908	6.765	0.286	6	7.178	6.478	1	30.541	0.452	6	31.221	30.101	1
202212130100	44908.04167	6.23	0.431	6	6.515	5.512	1	29.566	0.705	6	30.091	28.431	1
202212130200	44908.08333	5.219	0.107	6	5.415	5.105	1	28.096	0.113	6	28.291	27.971	1
202212130300	44908.125	4.926	0.074	6	5.043	4.85	1	27.641	0.102	6	27.841	27.591	1
202212130400	44908.16667	4.096	0.426	6	4.803	3.879	1	27.351	0.139	6	27.571	27.251	1
202212130500	44908.20833	4.311	0.093	6	4.382	4.143	1	27.066	0.215	6	27.221	26.691	1
202212130600	44908.25	4.262	0.095	6	4.375	4.154	1	26.776	0.132	6	26.931	26.641	1
202212130700	44908.29167	4.39	0.025	6	4.441	4.369	1	26.991	0.026	6	27.021	26.951	1
202212130800	44908.33333	4.938	0.107	6	5.076	4.786	1	27.656	0.12	6	27.841	27.541	1
202212130900	44908.375	5.345	0.08	6	5.469	5.265	1	28.246	0.06	6	28.281	28.121	1
202212131000	44908.41667	6.455	0.172	6	6.613	6.162	1	30.076	0.223	6	30.271	29.721	1
202212131100	44908.45833	6.525	0.081	6	6.661	6.445	1	30.201	0.152	6	30.501	30.051	1
202212131200	44908.5	6.279	0.278	6	6.483	5.753	1	29.876	0.473	6	30.181	28.961	1
202212131300	44908.54167	5.629	0.047	6	5.676	5.54	1	28.791	0.078	6	28.821	28.641	1
202212131400	44908.58333	4.795	0.311	6	5.408	4.643	1	27.476	0.396	6	28.271	27.331	1
202212131500	44908.625	4.578	0.067	6	4.613	4.439	1	27.246	0.137	6	27.301	26.941	1
202212131600	44908.66667	4.315	0.057	6	4.395	4.239	1	26.821	0.044	6	26.871	26.761	1
202212131700	44908.70833	4.175	0.036	6	4.227	4.131	1	26.671	0.065	6	26.771	26.601	1
202212131800	44908.75	4.357	0.08	6	4.395	4.197	1	26.851	0.119	6	26.901	26.601	1
202212131900	44908.79167	4.397	0.402	6	5.265	4.364	1	26.996	0.578	6	28.181	26.921	1
202212132000	44908.83333	5.381	0.034	6	5.421	5.334	1	28.271	0.065	6	28.331	28.161	1
202212132100	44908.875	5.974	0.255	6	6.146	5.515	1	29.386	0.474	6	29.771	28.591	1
202212132200	44908.91667	6.571	0.146	6	6.719	6.325	1	30.671	0.276	6	31.071	30.261	1
202212132300	44908.95833	7.063	0.386	6	7.103	6.172	1	31.561	0.646	6	31.681	30.111	1
202212140000	44909	7.171	0.291	6	7.26	6.516	1	31.721	0.478	6	31.931	30.671	0
202212140100	44909.04167	6.156	0.068	6	6.261	6.059	1	30.176	0.095	6	30.331	30.041	0
202212140200	44909.08333	5.291	0.312	6	5.908	5.07	1	28.711	0.497	6	29.661	28.311	0
202212140300	44909.125	4.986	0.124	6	5.095	4.812	1	28.226	0.184	6	28.341	27.911	0
202212140400	44909.16667	4.63	0.177	6	4.783	4.324	1	27.626	0.257	6	27.871	27.201	0
202212140500	44909.20833	4.237	0.049	6	4.304	4.163	1	27.151	0.063	6	27.221	27.061	0
202212140600	44909.25	4.138	0.074	6	4.237	4.03	1	27.161	0.125	6	27.291	26.971	0
202212140700	44909.29167	4.231	0.1	6	4.311	4.077	1	27.236	0.149	6	27.361	27.021	0
202212140800	44909.33333	5.195	0.6	6	5.513	4.228	1	28.521	0.726	6	28.891	27.311	0
202212140900	44909.375	5.46	0.147	6	5.681	5.31	1	28.801	0.274	6	29.341	28.621	0
202212141000	44909.41667	5.809	0.628	6	6.474	5.21	1	29.576	1.041	6	30.621	28.501	0
202212141100	44909.45833	6.591	0.061	6	6.68	6.509	1	30.921	0.125	6	31.081	30.731	0
202212141200	44909.5	6.655	0.094	6	6.797	6.571	1	31.031	0.206	6	31.321	30.851	0
202212141300	44909.54167	6.035	0.264	6	6.51	5.774	1	29.961	0.467	6	30.781	29.501	0
202212141400	44909.58333	5.332	0.231	6	5.681	5.059	1	28.741	0.364	6	29.331	28.391	0
202212141500	44909.625	4.787	0.117	6	4.965	4.643	1	27.966	0.173	6	28.251	27.771	0
202212141600	44909.66667	4.471	0.141	6	4.629	4.268	1	27.546	0.2	6	27.751	27.241	0
202212141700	44909.70833	4.206	0.026	6	4.242	4.169	1	27.186	0.04	6	27.231	27.121	0
202212141800	44909.75	4.247	0.066	6	4.386	4.197	1	27.276	0.138	6	27.581	27.191	0
202212141900	44909.79167	4.399	0.051	6	4.444	4.307	1	27.481	0.069	6	27.541	27.351	0
202212142000	44909.83333	5.428	0.596	6	5.705	4.296	1	29.071	0.886	6	29.451	27.341	0
202212142100	44909.875	5.934	0.101	6	6.01	5.778	1	29.896	0.229	6	30.101	29.581	0
202212142200	44909.91667	6.182	0.057	6	6.2	6.063	1	30.586	0.15	6	30.631	30.271	0
202212142300	44909.95833	6.579	0.286	6	6.896	6.139	1	31.316	0.42	6	31.721	30.601	0
202212150000	44910	6.89	0.044	6	6.922	6.81	1	31.681	0.069	6	31.721	31.541	0
202212150100	44910.04167	6.75	0.052	6	6.789	6.646	1	31.476	0.095	6	31.541	31.281	0
202212150200	44910.08333	5.432	0.61	6	6.618	5.396	1	29.351	1.01	6	31.271	29.241	0
202212150300	44910.125	5.413	0.039	6	5.442	5.331	1	29.236	0.078	6	29.271	29.061	0
202212150400	44910.16667	4.991	0.146	6	5.306	4.94	1	28.891	0.074	6	29.031	28.831	0
202212150500	44910.20833	4.471	0.229	6	4.95	4.358	1	27.846	0.461	6	28.851	27.671	0
202212150600	44910.25	4.377	0.053	6	4.428	4.301	1	27.831	0.133	6	27.991	27.621	0
202212150700	44910.29167	4.261	0.098	6	4.379	4.13	1	27.636	0.15	6	27.811	27.461	0
202212150800	44910.33333	4.47	0.029	6	4.499	4.418	1	27.901	0.045	6	27.981	27.861	0
202212150900	44910.375	4.725	0.463	6	5.454	4.476	1	28.361	0.759	6	29.511	27.891	0
202212151000	44910.41667	5.761	0.107	6	5.802	5.515	1	30.076	0.211	6	30.161	29.601	0
202212151100	44910.45833	6.048	0.062	6	6.107	5.922	1	30.581	0.093	6	30.671	30.391	0
202212151200	44910.5	6.06	0.057	6	6.125	5.998	1	30.586	0.081	6	30.671	30.491	0
202212151300	44910.54167	6.075	0.018	6	6.111	6.067	1	30.586	0.032	6	30.651	30.571	0
202212151400	44910.58333	5.987	0.171	6	6.057	5.602	1	30.391	0.376	6	30.561	29.561	0
202212151500	44910.625	5.061	0.171	6	5.412	4.947	1	28.631	0.297	6	29.231	28.421	0
202212151600	44910.66667	4.875	0.027	6	4.897	4.831	1	28.451	0.023	6	28.471	28.411	0
202212151700	44910.70833	4.551	0.109	6	4.715	4.457	1	28.001	0.17	6	28.231	27.841	0
202212151800	44910.75	4.438	0.096	6	4.491	4.235	1	27.876	0.155	6	27.971	27.551	0
202212151900	44910.79167	4.085	0.114	6	4.298	4.023	1	27.321	0.162	6	27.571	27.171	0
202212152000	44910.83333	4.36	0.027	6	4.41	4.328	1	27.631	0.039	6	27.711	27.601	0
202212152100	44910.875	5.119	0.337	6	5.231	4.398	1	28.831	0.508	6	29.061	27.721	0
202212152200	44910.91667	5.545	0.211	6	5.745	5.262	1	29.721	0.46	6	30.191	29.111	0
202212152300	44910.95833	5.798	0.042	6	5.891	5.779	1	30.286	0.056	6	30.381	30.231	0
202212160000	44911	5.952	0.053	6	6.052	5.912	1	30.516	0.087	6	30.691	30.451	0
202212160100	44911.04167	6	0.04	6	6.08	5.965	1	30.616	0.06	6	30.731	30.561	0
202212160200	44911.08333	5.986	0.293	6	6.063	5.336	1	30.571	0.49	6	30.681	29.471	0
202212160300	44911.125	4.839	0.046	6	4.927	4.799	1	28.626	0.105	6	28.881	28.611	0
202212160400	44911.16667	4.78	0.044	6	4.808	4.709	1	28.596	0.051	6	28.631	28.521	0
202212160500	44911.20833	4.504	0.187	6	4.698	4.242	1	28.331	0.274	6	28.541	27.831	0
202212160600	44911.25	3.861	0.161	6	4.132	3.726	1	27.241	0.226	6	27.621	27.051	0
202212160700	44911.29167	3.696	0.043	6	3.789	3.665	1	27.021	0.127	6	27.321	26.991	0
202212160800	44911.33333	3.708	0.079	6	3.867	3.642	1	27.091	0.156	6	27.411	26.961	0
202212160900	44911.375	3.931	0.016	6	3.945	3.908	1	27.351	0.025	6	27.411	27.341	0
202212161000	44911.41667	4.223	0.33	6	4.595	3.921	1	27.806	0.473	6	28.271	27.361	0
202212161100	44911.45833	4.702	0.231	6	5.144	4.462	1	28.426	0.378	6	29.191	28.091	0
202212161200	44911.5	5.41	0.124	6	5.426	5.112	1	29.421	0.208	6	29.471	28.931	0
202212161300	44911.54167	5.415	0.047	6	5.456	5.321	1	29.436	0.075	6	29.521	29.311	0
202212161400	44911.58333	5.176	0.106	6	5.317	5.042	1	29.056	0.187	6	29.321	28.821	0
202212161500	44911.625	4.871	0.273	6	5.033	4.338	1	28.616	0.37	6	28.791	27.841	0
202212161600	44911.66667	4.134	0.113	6	4.292	3.996	1	27.576	0.149	6	27.801	27.411	0
202212161700	44911.70833	3.971	0.012	6	3.985	3.954	1	27.361	0.006	6	27.371	27.351	0
202212161800	44911.75	3.868	0.071	6	3.958	3.767	1	27.241	0.087	6	27.361	27.151	0
202212161900	44911.79167	3.688	0.047	6	3.755	3.623	1	27.126	0.042	6	27.171	27.051	0
202212162000	44911.83333	3.724	0.09	6	3.851	3.633	1	27.116	0.104	6	27.281	27.021	0
202212162100	44911.875	3.8	0.02	6	3.825	3.78	1	27.111	0.063	6	27.211	27.071	0
202212162200	44911.91667	4.628	0.378	6	4.735	3.802	1	28.341	0.561	6	28.461	27.081	0
202212162300	44911.95833	4.91	0.067	6	5.027	4.874	1	28.666	0.214	6	29.031	28.571	0
202212170000	44912	5.117	0.082	6	5.261	5.057	1	29.271	0.191	6	29.561	29.081	0
202212170100	44912.04167	5.544	0.157	6	5.708	5.265	1	30.126	0.271	6	30.391	29.641	0
202212170200	44912.08333	5.688	0.148	6	5.753	5.361	1	30.376	0.231	6	30.451	29.841	0
202212170300	44912.125	5.253	0.139	6	5.367	5.035	1	29.661	0.213	6	29.841	29.321	0
202212170400	44912.16667	4.915	0.065	6	4.993	4.81	1	29.101	0.087	6	29.261	29.001	0
202212170500	44912.20833	3.595	0.598	6	4.7	3.068	1	28.076	0.446	6	28.921	27.721	0
202212170600	44912.25	3.171	0.194	6	3.462	2.972	1	27.691	0.077	6	27.811	27.611	0
202212170700	44912.29167	3.427	0.166	6	3.601	3.195	1	27.806	0.094	6	27.951	27.691	0
202212170800	44912.33333	3.619	0.023	6	3.653	3.599	1	27.526	0.122	6	27.671	27.351	0
202212170900	44912.375	3.699	0.026	6	3.742	3.673	1	27.366	0.086	6	27.561	27.321	0
202212171000	44912.41667	3.76	0.007	6	3.769	3.748	1	27.501	0.012	6	27.521	27.491	0
202212171100	44912.45833	3.76	0.018	6	3.786	3.736	1	27.501	0.011	6	27.521	27.491	0
202212171200	44912.5	4.024	0.307	6	4.423	3.735	1	27.856	0.383	6	28.331	27.491	0
202212171300	44912.54167	4.785	0.252	6	4.994	4.445	1	28.821	0.338	6	29.141	28.391	0
202212171400	44912.58333	4.524	0.121	6	4.764	4.449	1	28.621	0.131	6	28.801	28.471	0
202212171500	44912.625	4.483	0.1	6	4.707	4.429	1	28.616	0.155	6	28.901	28.481	0
202212171600	44912.66667	4.745	0.06	6	4.772	4.613	1	28.971	0.075	6	29.041	28.831	0
202212171700	44912.70833	4.618	0.19	6	4.702	4.188	1	28.851	0.129	6	28.881	28.541	0
202212171800	44912.75	4.045	0.119	6	4.294	3.966	1	28.121	0.284	6	28.621	27.941	0
202212171900	44912.79167	3.736	0.274	6	3.957	3.338	1	27.991	0.071	6	28.101	27.911	0
202212172000	44912.83333	3.696	0.02	6	3.717	3.66	1	27.911	0.147	6	28.011	27.671	0
202212172100	44912.875	3.75	0.034	6	3.791	3.709	1	27.586	0.036	6	27.641	27.541	0
202212172200	44912.91667	3.788	0.006	6	3.797	3.78	1	27.651	0.009	6	27.661	27.641	0
202212172300	44912.95833	4.434	0.342	6	4.563	3.759	1	28.676	0.502	6	28.821	27.651	0
202212180000	44913	4.869	0.222	6	5.101	4.61	1	29.326	0.359	6	29.671	28.851	0
202212180100	44913.04167	5.288	0.082	6	5.425	5.188	1	30.376	0.242	6	30.651	29.941	0
202212180200	44913.08333	5.667	0.246	6	5.903	5.243	1	30.821	0.291	6	31.261	30.481	0
202212180300	44913.125	5.895	0.257	6	6.034	5.366	1	31.241	0.416	6	31.461	30.371	0
202212180400	44913.16667	5.594	0.278	6	5.854	5.16	1	30.776	0.416	6	31.191	30.131	0
202212180500	44913.20833	5.205	0.034	6	5.24	5.152	1	30.211	0.037	6	30.251	30.161	0
202212180600	44913.25	4.415	0.134	6	4.687	4.318	1	29.001	0.168	6	29.371	28.931	0
202212180700	44913.29167	4.165	0.123	6	4.287	3.974	1	28.711	0.19	6	28.911	28.451	0
202212180800	44913.33333	3.801	0.186	6	3.877	3.428	1	28.216	0.299	6	28.341	27.611	0
202212180900	44913.375	3.304	0.047	6	3.381	3.272	1	27.511	0.066	6	27.571	27.401	0
202212181000	44913.41667	3.254	0.076	6	3.364	3.165	1	27.541	0.221	6	27.871	27.331	0
202212181100	44913.45833	3.396	0.061	6	3.459	3.303	1	27.646	0.039	6	27.711	27.601	0
202212181200	44913.5	3.472	0.042	6	3.572	3.463	1	27.766	0.06	6	27.901	27.741	0
202212181300	44913.54167	3.955	0.247	6	4.269	3.61	1	28.376	0.348	6	28.811	27.931	0
202212181400	44913.58333	4.123	0.324	6	4.794	3.984	1	28.726	0.374	6	29.391	28.541	0
202212181500	44913.625	4.59	0.391	6	5.068	4.115	1	29.296	0.534	6	30.151	28.901	0
202212181600	44913.66667	4.583	0.25	6	4.751	4.052	1	29.451	0.288	6	29.611	28.831	0
202212181700	44913.70833	4.02	0.183	6	4.454	3.96	1	28.711	0.207	6	29.191	28.621	0
202212181800	44913.75	3.507	0.268	6	3.975	3.304	1	27.901	0.338	6	28.531	27.691	0
202212181900	44913.79167	2.981	0.153	6	3.25	2.857	1	27.301	0.188	6	27.621	27.121	0
202212182000	44913.83333	2.73	0.053	6	2.794	2.658	1	26.986	0.058	6	27.081	26.921	0
202212182100	44913.875	2.663	0.035	6	2.733	2.636	1	26.941	0.098	6	27.171	26.911	0
202212182200	44913.91667	2.59	0.035	6	2.667	2.577	1	26.901	0.072	6	27.071	26.881	0
202212182300	44913.95833	2.771	0.016	6	2.778	2.736	1	27.086	0.025	6	27.111	27.041	0
202212190000	44914	2.803	0.326	6	3.571	2.767	1	27.141	0.399	6	28.071	27.101	0
202212190100	44914.04167	3.723	0.032	6	3.755	3.658	1	28.266	0.032	6	28.311	28.211	0
202212190200	44914.08333	3.554	0.025	6	3.61	3.545	1	28.121	0.042	6	28.191	28.081	0
202212190300	44914.125	3.997	0.319	6	4.396	3.627	1	28.776	0.427	6	29.241	28.211	0
202212190400	44914.16667	4.322	0.068	6	4.38	4.21	1	29.121	0.057	6	29.211	29.051	0
202212190500	44914.20833	4.653	0.087	6	4.79	4.566	1	29.656	0.152	6	29.931	29.531	0
202212190600	44914.25	4.849	0.117	6	4.963	4.688	1	29.996	0.196	6	30.181	29.731	0
202212190700	44914.29167	4.45	0.282	6	4.699	3.988	1	29.391	0.278	6	29.731	29.051	0
202212190800	44914.33333	3.923	0.122	6	4.157	3.812	1	28.546	0.185	6	28.911	28.441	0
202212190900	44914.375	3.736	0.112	6	3.939	3.628	1	28.341	0.079	6	28.471	28.241	0
202212191000	44914.41667	3.64	0.09	6	3.787	3.549	1	28.016	0.184	6	28.351	27.841	0
202212191100	44914.45833	3.598	0.095	6	3.761	3.54	1	27.851	0.124	6	28.071	27.781	0
202212191200	44914.5	3.844	0.094	6	4.03	3.759	1	28.206	0.107	6	28.361	28.041	0
202212191300	44914.54167	4.177	0.116	6	4.324	4.06	1	28.576	0.17	6	28.791	28.391	0
202212191400	44914.58333	4.314	0.035	6	4.387	4.282	1	28.911	0.065	6	29.001	28.811	0
202212191500	44914.625	4.763	0.103	6	4.847	4.585	1	29.446	0.136	6	29.591	29.211	0
202212191600	44914.66667	5.021	0.097	6	5.114	4.826	1	29.851	0.197	6	30.061	29.521	0
202212191700	44914.70833	5.188	0.034	6	5.199	5.115	1	30.166	0.065	6	30.181	30.041	0
202212191800	44914.75	5.255	0.101	6	5.456	5.2	1	30.216	0.3	6	30.731	30.041	0
202212191900	44914.79167	5.44	0.074	6	5.527	5.337	1	30.571	0.306	6	30.881	30.101	0
202212192000	44914.83333	5.232	0.082	6	5.385	5.159	1	29.231	0.484	6	30.221	28.921	0
202212192100	44914.875	5.152	0.061	6	5.207	5.042	1	29.196	0.112	6	29.301	29.021	0
202212192200	44914.91667	4.946	0.295	6	5.258	4.574	1	29.146	0.229	6	29.541	28.981	0
202212192300	44914.95833	4.614	0.095	6	4.797	4.547	1	29.071	0.129	6	29.311	28.961	0
202212200000	44915	4.953	0.048	6	4.986	4.858	1	29.471	0.026	6	29.481	29.411	0
202212200100	44915.04167	5.219	0.172	6	5.389	4.949	1	30.076	0.472	6	30.741	29.481	0
202212200200	44915.08333	5.259	0.047	6	5.354	5.225	1	30.041	0.109	6	30.271	29.971	0
202212200300	44915.125	5.802	0.261	6	6.066	5.422	1	31.471	0.542	6	31.771	30.501	0
202212200400	44915.16667	6.088	0.043	6	6.151	6.03	1	31.801	0.066	6	31.931	31.741	0
202212200500	44915.20833	6.069	0.056	6	6.127	5.955	1	31.661	0.106	6	31.711	31.421	0
202212200600	44915.25	6.093	0.057	6	6.16	5.999	1	31.586	0.179	6	31.761	31.251	0
202212200700	44915.29167	5.915	0.031	6	5.986	5.906	1	30.611	0.354	6	31.161	30.131	0
202212200800	44915.33333	5.985	0.011	6	6.003	5.971	1	29.991	0.275	6	30.351	29.661	0
202212200900	44915.375	5.965	0.086	6	6.096	5.851	1	30.101	0.411	6	30.521	29.531	0
202212201000	44915.41667	6.108	0.048	6	6.177	6.061	1	29.811	0.066	6	29.871	29.721	0
202212201100	44915.45833	5.611	0.394	6	6.003	5.09	1	29.756	0.261	6	30.071	29.421	0
202212201200	44915.5	5.179	0.126	6	5.299	5.04	1	29.611	0.228	6	29.931	29.401	0
202212201300	44915.54167	5.351	0.1	6	5.587	5.327	1	29.966	0.019	6	29.991	29.941	0
202212201400	44915.58333	5.71	0.047	6	5.777	5.641	1	30.636	0.111	6	30.821	30.531	0
202212201500	44915.625	5.926	0.123	6	6.059	5.759	1	31.341	0.337	6	31.531	30.741	0
202212201600	44915.66667	6.088	0.056	6	6.213	6.068	1	31.586	0.141	6	31.791	31.371	0
202212201700	44915.70833	6.319	0.043	6	6.375	6.247	1	31.896	0.055	6	31.931	31.781	0
202212201800	44915.75	6.4	0.016	6	6.414	6.378	1	31.966	0.005	6	31.971	31.961	0
202212201900	44915.79167	6.365	0.021	6	6.381	6.325	1	31.951	0.022	6	31.971	31.911	0
202212202000	44915.83333	6.292	0.12	6	6.32	6.02	1	31.811	0.21	6	31.891	31.371	0
202212202100	44915.875	5.74	0.174	6	5.949	5.522	1	30.871	0.313	6	31.201	30.451	0
202212202200	44915.91667	5.274	0.184	6	5.543	5.037	1	29.971	0.338	6	30.401	29.491	0
202212202300	44915.95833	4.814	0.107	6	4.967	4.698	1	29.061	0.202	6	29.271	28.771	0
202212210000	44916	4.666	0.157	6	4.914	4.46	1	28.756	0.248	6	29.151	28.401	0
202212210100	44916.04167	4.954	0.127	6	5.023	4.67	1	29.286	0.306	6	29.491	28.611	0
202212210200	44916.08333	5.415	0.25	6	5.463	4.942	1	30.416	0.564	6	30.421	29.301	0
202212210300	44916.125	5.558	0.226	6	6.057	5.501	1	30.631	0.389	6	31.461	30.511	0
202212210400	44916.16667	6.063	0.1	6	6.228	5.966	1	31.466	0.155	6	31.671	31.241	0
202212210500	44916.20833	6.342	0.095	6	6.428	6.171	1	31.826	0.106	6	31.911	31.651	0
202212210600	44916.25	6.377	0.039	6	6.434	6.322	1	31.831	0.043	6	31.901	31.781	0
202212210700	44916.29167	6.409	0.028	6	6.431	6.361	1	31.851	0.034	6	31.891	31.801	0
202212210800	44916.33333	6.168	0.192	6	6.3	5.779	1	31.546	0.323	6	31.711	30.841	0
202212210900	44916.375	5.659	0.056	6	5.738	5.581	1	30.666	0.13	6	30.781	30.451	0
202212211000	44916.41667	5.342	0.063	6	5.453	5.269	1	30.001	0.13	6	30.171	29.821	0
202212211100	44916.45833	5.204	0.044	6	5.28	5.163	1	29.526	0.17	6	29.801	29.361	0
202212211200	44916.5	5.034	0.246	6	5.523	4.864	1	29.126	0.245	6	29.381	28.691	0
202212211300	44916.54167	4.854	0.131	6	5.047	4.678	1	28.931	0.24	6	29.311	28.671	0
202212211400	44916.58333	4.996	0.03	6	5.052	4.973	1	29.171	0.084	6	29.311	29.091	0
202212211500	44916.625	5.129	0.07	6	5.188	5	1	29.346	0.114	6	29.451	29.141	0
202212211600	44916.66667	5.373	0.047	6	5.411	5.273	1	29.866	0.102	6	29.961	29.661	0
202212211700	44916.70833	5.395	0.051	6	5.459	5.346	1	29.896	0.104	6	30.001	29.761	0
202212211800	44916.75	5.819	0.386	6	6.266	5.451	1	30.636	0.713	6	31.491	29.971	0
202212211900	44916.79167	6.066	0.08	6	6.119	5.934	1	31.161	0.172	6	31.291	30.901	0
202212212000	44916.83333	6.152	0.008	6	6.163	6.142	1	31.356	0.021	6	31.391	31.341	0
202212212100	44916.875	5.997	0.097	6	6.057	5.854	1	30.931	0.35	6	31.111	30.361	0
202212212200	44916.91667	5.731	0.059	6	5.845	5.699	1	29.916	0.292	6	30.401	29.671	0
202212212300	44916.95833	5.758	0.035	6	5.772	5.682	1	29.541	0.104	6	29.781	29.501	0
202212220000	44917	5.333	0.167	6	5.643	5.256	1	29.456	0.158	6	29.671	29.281	0
202212220100	44917.04167	4.975	0.1	6	5.183	4.907	1	28.986	0.131	6	29.191	28.891	0
202212220200	44917.08333	5.164	0.045	6	5.214	5.09	1	29.441	0.08	6	29.561	29.321	0
202212220300	44917.125	5.442	0.104	6	5.506	5.222	1	30.066	0.205	6	30.161	29.611	0
202212220400	44917.16667	5.528	0.174	6	5.95	5.514	1	30.226	0.32	6	31.011	30.211	0
202212220500	44917.20833	6.037	0.068	6	6.093	5.904	1	31.131	0.11	6	31.211	30.911	0
202212220600	44917.25	6.157	0.097	6	6.307	6.054	1	31.281	0.145	6	31.541	31.201	0
202212220700	44917.29167	6.322	0.051	6	6.347	6.22	1	31.576	0.083	6	31.621	31.411	0
202212220800	44917.33333	6.312	0.034	6	6.342	6.265	1	31.571	0.052	6	31.621	31.501	0
202212220900	44917.375	6.222	0.059	6	6.247	6.087	1	31.441	0.103	6	31.451	31.191	0
202212221000	44917.41667	5.787	0.066	6	5.858	5.686	1	30.641	0.188	6	30.741	30.271	0
202212221100	44917.45833	5.618	0.046	6	5.664	5.533	1	30.146	0.089	6	30.251	29.991	0
202212221200	44917.5	5.444	0.117	6	5.541	5.229	1	29.711	0.239	6	29.971	29.311	0
202212221300	44917.54167	5.153	0.097	6	5.308	5.052	1	29.166	0.168	6	29.441	29.001	0
202212221400	44917.58333	5.149	0.068	6	5.226	5.059	1	29.291	0.141	6	29.441	29.071	0
202212221500	44917.625	5.249	0.104	6	5.503	5.237	1	29.471	0.216	6	29.991	29.441	0
202212221600	44917.66667	5.623	0.009	6	5.633	5.607	1	30.216	0.023	6	30.251	30.191	0
202212221700	44917.70833	5.739	0.189	6	6.022	5.619	1	30.511	0.374	6	30.981	30.221	0
202212221800	44917.75	6.031	0.12	6	6.194	5.904	1	31.011	0.181	6	31.211	30.761	0
202212221900	44917.79167	6.303	0.072	6	6.453	6.261	1	31.391	0.114	6	31.631	31.321	0
202212222000	44917.83333	6.423	0.031	6	6.458	6.38	1	31.571	0.043	6	31.611	31.511	0
202212222100	44917.875	6.211	0.089	6	6.348	6.109	1	31.231	0.154	6	31.471	31.051	0
202212222200	44917.91667	5.522	0.203	6	6.027	5.515	1	29.866	0.416	6	30.881	29.811	0
202212222300	44917.95833	5.492	0.012	6	5.503	5.473	1	29.786	0.014	6	29.801	29.761	0
202212230000	44918	5.373	0.08	6	5.49	5.269	1	29.401	0.153	6	29.751	29.341	0
202212230100	44918.04167	5.095	0.129	6	5.393	5.039	1	28.836	0.238	6	29.401	28.791	0
202212230200	44918.08333	4.925	0.032	6	4.972	4.88	1	28.581	0.08	6	28.701	28.491	0
202212230300	44918.125	5.047	0.053	6	5.155	5.015	1	28.876	0.148	6	29.191	28.801	0
202212230400	44918.16667	5.338	0.048	6	5.376	5.247	1	29.541	0.088	6	29.611	29.371	0
202212230500	44918.20833	5.399	0.24	6	5.981	5.375	1	29.691	0.457	6	30.791	29.631	0
202212230600	44918.25	6.005	0.094	6	6.052	5.825	1	30.806	0.205	6	30.941	30.411	0
202212230700	44918.29167	6.284	0.129	6	6.383	6.064	1	31.296	0.211	6	31.461	30.921	0
202212230800	44918.33333	6.39	0.043	6	6.429	6.323	1	31.456	0.069	6	31.511	31.341	0
202212230900	44918.375	6.226	0.047	6	6.287	6.157	1	31.201	0.099	6	31.291	31.021	0
202212231000	44918.41667	5.663	0.307	6	6.116	5.458	1	29.991	0.655	6	30.951	29.561	0
202212231100	44918.45833	5.445	0.037	6	5.527	5.418	1	29.501	0.068	6	29.641	29.441	0
202212231200	44918.5	5.436	0.026	6	5.465	5.39	1	29.336	0.051	6	29.421	29.301	0
202212231300	44918.54167	5.245	0.081	6	5.356	5.133	1	28.971	0.177	6	29.261	28.771	0
202212231400	44918.58333	5.259	0.184	6	5.288	4.833	1	28.961	0.36	6	29.081	28.181	0
202212231500	44918.625	4.904	0.031	6	4.943	4.87	1	28.411	0.078	6	28.491	28.301	0
202212231600	44918.66667	5.009	0.024	6	5.051	4.989	1	28.536	0.073	6	28.651	28.451	0
202212231700	44918.70833	5.282	0.058	6	5.329	5.199	1	29.201	0.126	6	29.301	29.001	0
202212231800	44918.75	5.651	0.28	6	5.946	5.32	1	30.041	0.55	6	30.511	29.291	0
202212231900	44918.79167	5.903	0.094	6	6.107	5.838	1	30.481	0.168	6	30.821	30.331	0
202212232000	44918.83333	6.218	0.069	6	6.318	6.139	1	31.056	0.12	6	31.211	30.891	0
202212232100	44918.875	6.395	0.064	6	6.437	6.255	1	31.326	0.137	6	31.401	31.021	0
202212232200	44918.91667	5.955	0.079	6	6.025	5.844	1	30.481	0.176	6	30.661	30.261	0
202212232300	44918.95833	5.438	0.163	6	5.815	5.399	1	29.281	0.404	6	30.221	29.201	0
202212240000	44919	5.387	0.013	6	5.417	5.378	1	29.171	0.012	6	29.181	29.151	0
202212240100	44919.04167	5.29	0.05	6	5.406	5.274	1	28.751	0.142	6	29.001	28.621	0
202212240200	44919.08333	5.258	0.05	6	5.286	5.161	1	28.631	0.029	6	28.661	28.581	0
202212240300	44919.125	5.053	0.044	6	5.106	5.003	1	28.426	0.098	6	28.591	28.361	0
202212240400	44919.16667	5.187	0.079	6	5.339	5.115	1	28.756	0.181	6	29.111	28.611	0
202212240500	44919.20833	5.385	0.017	6	5.399	5.357	1	29.186	0.037	6	29.221	29.131	0
202212240600	44919.25	5.415	0.114	6	5.649	5.4	1	29.256	0.29	6	29.801	29.191	0
202212240700	44919.29167	5.716	0.119	6	5.916	5.623	1	29.996	0.233	6	30.341	29.761	0
202212240800	44919.33333	6.15	0.145	6	6.287	5.905	1	30.781	0.283	6	31.081	30.341	0
202212240900	44919.375	6.418	0.09	6	6.457	6.214	1	31.241	0.129	6	31.271	30.931	0
202212241000	44919.41667	6.372	0.041	6	6.413	6.295	1	31.146	0.066	6	31.211	31.021	0
202212241100	44919.45833	6.292	0.024	6	6.331	6.269	1	30.951	0.02	6	30.971	30.921	0
202212241200	44919.5	5.974	0.104	6	6.174	5.867	1	29.766	0.439	6	30.421	29.341	0
202212241300	44919.54167	5.894	0.028	6	5.934	5.853	1	29.226	0.246	6	29.591	28.931	0
202212241400	44919.58333	5.801	0.137	6	5.893	5.497	1	28.986	0.144	6	29.231	28.801	0
202212241500	44919.625	5.303	0.135	6	5.489	5.2	1	28.596	0.235	6	28.911	28.381	0
202212241600	44919.66667	5.167	0.008	6	5.177	5.158	1	28.526	0.042	6	28.551	28.431	0
202212241700	44919.70833	5.441	0.101	6	5.48	5.258	1	29.186	0.253	6	29.271	28.731	0
202212241800	44919.75	5.485	0.014	6	5.505	5.465	1	29.281	0.054	6	29.351	29.221	0
202212241900	44919.79167	5.785	0.172	6	5.877	5.508	1	29.996	0.379	6	30.131	29.341	0
202212242000	44919.83333	5.868	0.102	6	5.967	5.668	1	30.141	0.17	6	30.321	29.801	0
202212242100	44919.875	6.274	0.125	6	6.38	6.083	1	30.876	0.224	6	31.041	30.521	0
202212242200	44919.91667	6.253	0.056	6	6.328	6.196	1	30.806	0.105	6	30.991	30.721	0
202212242300	44919.95833	5.923	0.123	6	6.154	5.807	1	30.186	0.249	6	30.641	29.931	0
202212250000	44920	5.679	0.092	6	5.763	5.528	1	29.666	0.213	6	29.831	29.311	0
202212250100	44920.04167	5.47	0.041	6	5.545	5.439	1	28.986	0.241	6	29.301	28.731	0
202212250200	44920.08333	5.449	0.02	6	5.473	5.427	1	28.646	0.024	6	28.691	28.631	0
202212250300	44920.125	5.077	0.111	6	5.294	4.999	1	27.996	0.233	6	28.411	27.781	0
202212250400	44920.16667	4.984	0.036	6	5.01	4.919	1	27.846	0.128	6	27.961	27.641	0
202212250500	44920.20833	5.027	0.026	6	5.061	4.993	1	27.981	0.029	6	28.011	27.941	0
202212250600	44920.25	5.201	0.1	6	5.287	5.058	1	28.361	0.241	6	28.551	28.011	0
202212250700	44920.29167	5.321	0.032	6	5.384	5.296	1	28.651	0.091	6	28.851	28.611	0
202212250800	44920.33333	5.508	0.164	6	5.826	5.412	1	29.201	0.38	6	29.901	28.931	0
202212250900	44920.375	5.882	0.163	6	6.199	5.724	1	30.021	0.424	6	30.751	29.491	0
202212251000	44920.41667	6.128	0.132	6	6.221	5.912	1	30.436	0.317	6	30.661	29.921	0
202212251100	44920.45833	6.159	0.151	6	6.216	5.851	1	30.461	0.32	6	30.531	29.811	0
202212251200	44920.5	5.799	0.103	6	5.829	5.608	1	29.616	0.279	6	29.731	29.121	0
202212251300	44920.54167	5.564	0.029	6	5.592	5.523	1	28.896	0.104	6	29.091	28.801	0
202212251400	44920.58333	5.75	0.123	6	5.788	5.46	1	28.666	0.251	6	28.761	28.121	0
202212251500	44920.625	5.464	0.139	6	5.721	5.392	1	28.366	0.133	6	28.461	28.111	0
202212251600	44920.66667	5.115	0.081	6	5.295	5.079	1	27.931	0.123	6	28.161	27.811	0
202212251700	44920.70833	5.197	0.051	6	5.226	5.103	1	28.186	0.105	6	28.261	27.991	0
202212251800	44920.75	5.367	0.06	6	5.398	5.236	1	28.476	0.144	6	28.551	28.231	0
202212251900	44920.79167	5.431	0.222	6	5.958	5.399	1	28.656	0.528	6	29.881	28.541	0
202212252000	44920.83333	6.173	0.193	6	6.335	5.892	1	30.266	0.426	6	30.581	29.571	0
202212252100	44920.875	6.432	0.038	6	6.502	6.383	1	30.781	0.08	6	30.951	30.711	0
202212252200	44920.91667	6.535	0.08	6	6.668	6.468	1	30.976	0.144	6	31.121	30.741	0
202212252300	44920.95833	6.554	0.031	6	6.609	6.514	1	30.936	0.057	6	31.031	30.861	0
202212260000	44921	6.361	0.209	6	6.522	5.972	1	30.551	0.438	6	30.891	29.751	0
202212260100	44921.04167	5.787	0.079	6	5.941	5.738	1	29.271	0.106	6	29.461	29.161	0
202212260200	44921.08333	5.814	0.025	6	5.867	5.804	1	28.236	0.279	6	28.881	28.151	0
202212260300	44921.125	5.835	0.01	6	5.847	5.821	1	28.166	0.023	6	28.211	28.151	0
202212260400	44921.16667	5.429	0.233	6	5.868	5.218	1	28.146	0.174	6	28.381	27.851	0
202212260500	44921.20833	5.277	0.055	6	5.306	5.174	1	28.091	0.147	6	28.171	27.821	0
202212260600	44921.25	5.36	0.055	6	5.489	5.339	1	28.116	0.11	6	28.371	28.081	0
202212260700	44921.29167	5.49	0.032	6	5.564	5.476	1	28.326	0.188	6	28.731	28.221	0
202212260800	44921.33333	5.627	0.109	6	5.847	5.589	1	28.706	0.353	6	29.471	28.621	0
202212260900	44921.375	6.51	0.312	6	6.583	5.772	1	30.761	0.668	6	30.891	29.151	0
202212261000	44921.41667	6.688	0.101	6	6.816	6.561	1	31.096	0.219	6	31.351	30.771	0
202212261100	44921.45833	6.921	0.039	6	6.958	6.841	1	31.476	0.046	6	31.531	31.391	0
202212261200	44921.5	6.894	0.038	6	6.922	6.822	1	31.426	0.072	6	31.471	31.291	0
202212261300	44921.54167	6.812	0.086	6	6.844	6.619	1	31.276	0.211	6	31.351	30.791	0
202212261400	44921.58333	6.421	0.099	6	6.568	6.294	1	30.131	0.308	6	30.661	29.781	0
202212261500	44921.625	6.149	0.042	6	6.228	6.115	1	29.471	0.13	6	29.641	29.321	0
202212261600	44921.66667	5.879	0.116	6	6.128	5.81	1	29.246	0.181	6	29.631	29.131	0
202212261700	44921.70833	5.652	0.065	6	5.697	5.547	1	28.946	0.163	6	29.081	28.691	0
202212261800	44921.75	5.877	0.199	6	6.099	5.692	1	29.561	0.492	6	30.131	29.101	0
202212261900	44921.79167	6.082	0.257	6	6.714	6.07	1	30.126	0.54	6	31.441	30.051	0
202212262000	44921.83333	7.03	0.112	6	7.067	6.823	1	31.966	0.205	6	32.001	31.571	0
202212262100	44921.875	7.034	0.029	6	7.079	6.995	1	31.971	0.045	6	32.041	31.911	0
202212262200	44921.91667	6.979	0.03	6	7.008	6.936	1	31.886	0.036	6	31.911	31.831	0
202212262300	44921.95833	6.926	0.029	6	6.964	6.894	1	31.826	0.041	6	31.871	31.781	0
202212270000	44922	6.867	0.08	6	6.914	6.7	1	31.801	0.151	6	31.811	31.431	0
202212270100	44922.04167	6.572	0.121	6	6.649	6.303	1	31.186	0.238	6	31.291	30.631	0
202212270200	44922.08333	6.052	0.112	6	6.141	5.88	1	30.256	0.174	6	30.391	29.971	0
202212270300	44922.125	5.751	0.069	6	5.896	5.721	1	29.811	0.104	6	30.031	29.761	0
202212270400	44922.16667	5.583	0.068	6	5.671	5.505	1	29.526	0.206	6	29.711	29.151	0
202212270500	44922.20833	5.492	0.03	6	5.546	5.454	1	29.026	0.195	6	29.371	28.871	0
202212270600	44922.25	5.411	0.067	6	5.485	5.311	1	28.621	0.188	6	28.861	28.361	0
202212270700	44922.29167	5.949	0.171	6	6.008	5.548	1	29.976	0.407	6	30.131	29.031	0
202212270800	44922.33333	6.107	0.147	6	6.402	6.023	1	30.381	0.332	6	31.011	30.171	0
202212270900	44922.375	6.676	0.072	6	6.699	6.511	1	31.536	0.126	6	31.581	31.241	0
202212271000	44922.41667	6.679	0.101	6	6.789	6.562	1	31.541	0.149	6	31.701	31.391	0
202212271100	44922.45833	6.66	0.043	6	6.725	6.611	1	31.456	0.103	6	31.591	31.331	0
202212271200	44922.5	6.701	0.039	6	6.737	6.645	1	31.476	0.061	6	31.541	31.401	0
202212271300	44922.54167	6.659	0.194	6	6.736	6.206	1	31.351	0.491	6	31.521	30.191	0
202212271400	44922.58333	5.955	0.053	6	6.067	5.917	1	29.676	0.132	6	29.961	29.601	0
202212271500	44922.625	5.87	0.135	6	5.957	5.642	1	29.631	0.345	6	29.911	29.021	0
202212271600	44922.66667	5.49	0.034	6	5.542	5.443	1	28.576	0.112	6	28.731	28.391	0
202212271700	44922.70833	5.333	0.117	6	5.518	5.172	1	28.116	0.307	6	28.641	27.711	0
202212271800	44922.75	5.169	0.053	6	5.222	5.094	1	27.691	0.154	6	27.861	27.491	0
202212271900	44922.79167	5.224	0.041	6	5.304	5.202	1	27.841	0.102	6	28.031	27.801	0
202212272000	44922.83333	5.396	0.056	6	5.525	5.366	1	28.156	0.157	6	28.531	28.101	0
202212272100	44922.875	5.549	0.047	6	5.645	5.519	1	28.566	0.144	6	28.871	28.501	0
202212272200	44922.91667	5.607	0.029	6	5.63	5.556	1	28.701	0.069	6	28.761	28.581	0
202212272300	44922.95833	5.637	0.029	6	5.702	5.618	1	28.751	0.084	6	28.951	28.721	0
202212280000	44923	6.179	0.084	6	6.219	5.998	1	30.156	0.183	6	30.331	29.821	0
202212280100	44923.04167	6.246	0.033	6	6.303	6.221	1	30.266	0.09	6	30.431	30.211	0
202212280200	44923.08333	6.034	0.178	6	6.162	5.757	1	29.521	0.638	6	30.011	28.581	0
202212280300	44923.125	5.764	0.061	6	5.87	5.738	1	28.521	0.186	6	28.821	28.421	0
202212280400	44923.16667	5.907	0.037	6	5.947	5.839	1	28.826	0.068	6	28.871	28.681	0
202212280500	44923.20833	5.935	0.011	6	5.945	5.917	1	28.821	0.058	6	28.871	28.721	0
202212280600	44923.25	5.598	0.085	6	5.777	5.543	1	28.531	0.145	6	28.841	28.441	0
202212280700	44923.29167	5.62	0.014	6	5.633	5.602	1	28.611	0.008	6	28.631	28.611	0
202212280800	44923.33333	5.713	0.063	6	5.797	5.64	1	28.711	0.139	6	28.951	28.631	0
202212280900	44923.375	5.95	0.098	6	6	5.785	1	29.356	0.305	6	29.631	28.901	0
202212281000	44923.41667	6.037	0.023	6	6.076	6.013	1	29.596	0.043	6	29.651	29.541	0
202212281100	44923.45833	6.188	0.032	6	6.228	6.139	1	29.871	0.165	6	30.031	29.591	0
202212281200	44923.5	6.208	0.042	6	6.285	6.184	1	29.711	0.06	6	29.801	29.641	0
202212281300	44923.54167	6.354	0.016	6	6.369	6.33	1	29.671	0.101	6	29.911	29.641	0
202212281400	44923.58333	6.407	0.037	6	6.465	6.375	1	29.456	0.174	6	29.641	29.221	0
202212281500	44923.625	6.444	0.02	6	6.465	6.412	1	28.971	0.135	6	29.151	28.781	0
202212281600	44923.66667	6.53	0.029	6	6.545	6.483	1	28.911	0.14	6	29.101	28.751	0
202212281700	44923.70833	6.532	0.045	6	6.538	6.423	1	29.436	0.047	6	29.481	29.361	0
202212281800	44923.75	6.104	0.218	6	6.447	5.9	1	29.181	0.156	6	29.411	29.031	0
202212281900	44923.79167	6.014	0.102	6	6.24	5.96	1	29.286	0.212	6	29.781	29.211	0
202212282000	44923.83333	6.426	0.053	6	6.453	6.309	1	29.906	0.165	6	30.061	29.671	0
202212282100	44923.875	6.464	0.013	6	6.47	6.435	1	29.961	0.084	6	30.031	29.791	0
202212282200	44923.91667	6.531	0.012	6	6.542	6.509	1	30.106	0.062	6	30.201	30.031	0
202212282300	44923.95833	6.613	0.07	6	6.742	6.545	1	30.136	0.156	6	30.361	29.991	0
202212290000	44924	6.782	0.018	6	6.812	6.766	1	30.476	0.062	6	30.571	30.401	0
202212290100	44924.04167	6.867	0.071	6	6.972	6.797	1	30.611	0.098	6	30.661	30.401	0
202212290200	44924.08333	6.981	0.035	6	6.993	6.911	1	30.706	0.299	6	30.791	30.011	0
202212290300	44924.125	6.915	0.018	6	6.929	6.889	1	29.456	0.074	6	29.561	29.351	0
202212290400	44924.16667	6.858	0.016	6	6.882	6.845	1	29.306	0.091	6	29.521	29.271	0
202212290500	44924.20833	6.865	0.007	6	6.878	6.861	1	29.551	0.159	6	29.931	29.521	0
202212290600	44924.25	6.795	0.065	6	6.869	6.703	1	30.131	0.199	6	30.401	29.971	0
202212290700	44924.29167	6.677	0.031	6	6.727	6.64	1	30.351	0.07	6	30.411	30.221	0
202212290800	44924.33333	6.81	0.065	6	6.913	6.734	1	30.456	0.115	6	30.561	30.261	0
202212290900	44924.375	6.905	0.03	6	6.937	6.851	1	30.556	0.127	6	30.641	30.331	0
202212291000	44924.41667	6.911	0.008	6	6.915	6.899	1	30.481	0.052	6	30.571	30.451	0
202212291100	44924.45833	6.922	0.005	6	6.933	6.919	1	30.481	0.078	6	30.601	30.371	0
202212291200	44924.5	7.024	0.013	6	7.042	7.009	1	30.576	0.033	6	30.621	30.521	0
202212291300	44924.54167	7.081	0.03	6	7.098	7.015	1	30.561	0.032	6	30.581	30.501	0
202212291400	44924.58333	7.156	0.03	6	7.168	7.092	1	30.366	0.089	6	30.551	30.351	0
202212291500	44924.625	7.159	0.006	6	7.164	7.148	1	30.366	0.005	6	30.371	30.361	0
202212291600	44924.66667	7.159	0.021	6	7.179	7.127	1	30.136	0.087	6	30.331	30.101	0
202212291700	44924.70833	7.111	0.032	6	7.156	7.066	1	30.151	0.088	6	30.211	29.971	0
202212291800	44924.75	7.024	0.049	6	7.078	6.94	1	30.406	0.089	6	30.571	30.301	0
202212291900	44924.79167	6.829	0.029	6	6.879	6.803	1	30.576	0.023	6	30.591	30.531	0
202212292000	44924.83333	6.969	0.033	6	6.995	6.901	1	30.536	0.023	6	30.571	30.501	0
202212292100	44924.875	7.005	0.025	6	7.045	6.984	1	30.486	0.035	6	30.551	30.461	0
202212292200	44924.91667	7.003	0.008	6	7.017	6.996	1	30.486	0.016	6	30.521	30.481	0
202212292300	44924.95833	7.01	0.016	6	7.042	6.998	1	30.466	0.01	6	30.481	30.461	0
202212300000	44925	7.025	0.024	6	7.06	6.988	1	30.456	0.005	6	30.461	30.451	0
202212300100	44925.04167	7.166	0.007	6	7.175	7.156	1	30.631	0.009	6	30.641	30.621	0
202212300200	44925.08333	7.181	0.01	6	7.185	7.16	1	30.636	0.005	6	30.641	30.631	0
202212300300	44925.125	7.071	0.042	6	7.13	7.026	1	30.571	0.047	6	30.611	30.501	0
202212300400	44925.16667	6.851	0.094	6	7.03	6.781	1	30.411	0.039	6	30.501	30.401	0
202212300500	44925.20833	6.735	0.043	6	6.778	6.663	1	30.366	0.028	6	30.391	30.321	0
202212300600	44925.25	6.699	0.029	6	6.762	6.677	1	30.391	0.026	6	30.411	30.351	0
202212300700	44925.29167	6.722	0.039	6	6.769	6.672	1	30.401	0.012	6	30.421	30.391	0
202212300800	44925.33333	6.663	0.034	6	6.735	6.652	1	30.441	0.006	6	30.451	30.431	0
202212300900	44925.375	6.767	0.013	6	6.79	6.756	1	30.451	0.008	6	30.451	30.431	0
202212301000	44925.41667	6.748	0.002	6	6.752	6.746	1	30.451	0.004	6	30.451	30.441	0
202212301100	44925.45833	6.729	0.013	6	6.75	6.716	1	30.451	0.004	6	30.451	30.441	0
202212301200	44925.5	6.932	0.09	6	6.956	6.743	1	30.471	0.01	6	30.481	30.451	0
202212301300	44925.54167	6.974	0.028	6	7.019	6.952	1	30.456	0.016	6	30.471	30.431	0
202212301400	44925.58333	7.054	0.011	6	7.068	7.036	1	30.421	0	6	30.421	30.421	0
202212301500	44925.625	7.068	0.018	6	7.081	7.035	1	30.421	0.01	6	30.441	30.411	0
202212301600	44925.66667	7.027	0.041	6	7.106	7	1	30.446	0.023	6	30.471	30.411	0
202212301700	44925.70833	6.954	0.084	6	7.126	6.907	1	30.401	0.014	6	30.421	30.391	0
202212301800	44925.75	6.93	0.019	6	6.95	6.901	1	30.391	0.016	6	30.421	30.371	0
202212301900	44925.79167	6.681	0.145	6	6.874	6.534	1	30.131	0.19	6	30.361	29.911	0
202212302000	44925.83333	6.557	0.079	6	6.606	6.432	1	30.006	0.133	6	30.081	29.801	0
202212302100	44925.875	6.669	0.122	6	6.884	6.613	1	30.126	0.108	6	30.321	30.061	0
202212302200	44925.91667	6.938	0.034	6	6.968	6.881	1	30.341	0.033	6	30.371	30.291	0
202212302300	44925.95833	6.93	0.031	6	6.964	6.883	1	30.331	0.035	6	30.361	30.271	0
202212310000	44926	6.968	0.037	6	6.984	6.889	1	30.356	0.036	6	30.361	30.271	0
202212310100	44926.04167	7.199	0.089	6	7.233	6.997	1	30.316	0.054	6	30.391	30.261	0
202212310200	44926.08333	7.31	0.025	6	7.317	7.25	1	30.031	0.071	6	30.201	30.021	0
202212310300	44926.125	7.297	0.021	6	7.325	7.275	1	30.061	0.041	6	30.101	30.001	0
202212310400	44926.16667	7.266	0.013	6	7.287	7.252	1	30.136	0.017	6	30.161	30.121	0
202212310500	44926.20833	7.306	0.012	6	7.325	7.291	1	30.066	0.022	6	30.111	30.051	0
202212310600	44926.25	7.258	0.022	6	7.285	7.229	1	30.101	0.021	6	30.131	30.071	0
202212310700	44926.29167	7.264	0.033	6	7.311	7.225	1	30.121	0.017	6	30.141	30.101	0
202212310800	44926.33333	7.22	0.067	6	7.263	7.106	1	30.196	0.075	6	30.271	30.111	0
202212310900	44926.375	7.088	0.061	6	7.185	7.037	1	30.311	0.033	6	30.341	30.261	0
202212311000	44926.41667	7.229	0.053	6	7.32	7.181	1	30.226	0.023	6	30.271	30.211	0
202212311100	44926.45833	7.381	0.024	6	7.402	7.344	1	30.196	0.013	6	30.221	30.191	0
202212311200	44926.5	7.41	0.046	6	7.469	7.373	1	30.201	0.01	6	30.211	30.181	0
202212311300	44926.54167	7.492	0.074	6	7.612	7.415	1	30.156	0.02	6	30.181	30.121	0
202212311400	44926.58333	7.511	0.017	6	7.536	7.49	1	30.121	0.01	6	30.131	30.101	0
202212311500	44926.625	7.579	0.025	6	7.587	7.528	1	30.031	0.049	6	30.091	29.941	0
202212311600	44926.66667	7.556	0.041	6	7.64	7.539	1	29.931	0.005	6	29.941	29.931	0
202212311700	44926.70833	8.009	0.12	6	8.055	7.734	1	29.791	0.06	6	29.931	29.771	0
202212311800	44926.75	7.954	0.043	6	8.002	7.896	1	29.856	0.024	6	29.871	29.811	0
202212311900	44926.79167	8.049	0.072	6	8.103	7.901	1	29.836	0.037	6	29.891	29.781	0
202212312000	44926.83333	7.826	0.187	6	8.005	7.534	1	29.876	0.077	6	29.991	29.801	0
202212312100	44926.875	7.547	0.076	6	7.672	7.469	1	30.001	0.042	6	30.031	29.921	0
202212312200	44926.91667	7.714	0.031	6	7.756	7.683	1	29.891	0.012	6	29.911	29.881	0
202212312300	44926.95833	7.695	0.015	6	7.709	7.668	1	29.911	0.008	6	29.931	29.911	0
